{"name": "Root", "module": "no-module", "url": "no-url", "children": [{"id": "fc467b05-24e6-4f99-9e47-3575cceb88a9", "name": "http://dktk.dkfz.de/fhir/StructureDefinition/onco-core-AdverseEvent-Nebenwirkung", "display": {"original": "http://dktk.dkfz.de/fhir/StructureDefinition/onco-core-AdverseEvent-Nebenwirkung", "translations": [{"language": "de-DE", "value": "http://dktk.dkfz.de/fhir/StructureDefinition/onco-core-AdverseEvent-Nebenwirkung"}, {"language": "en-US", "value": "http://dktk.dkfz.de/fhir/StructureDefinition/onco-core-AdverseEvent-Nebenwirkung"}]}, "url": "http://dktk.dkfz.de/fhir/StructureDefinition/onco-core-AdverseEvent-Nebenwirkung", "module": "http://dktk.dkfz.de/fhir/StructureDefinition/onco-core-AdverseEvent-Nebenwirkung", "selectable": false, "leaf": false, "children": [{"id": "ba95b009-02de-4c23-952b-3f406484a1f0", "name": "Nebenwirkung", "display": {"original": "", "translations": [{"language": "de-DE", "value": ""}, {"language": "en-US", "value": ""}]}, "module": "http://dktk.dkfz.de/fhir/StructureDefinition/onco-core-AdverseEvent-Nebenwirkung", "url": "http://dktk.dkfz.de/fhir/StructureDefinition/onco-core-AdverseEvent-Nebenwirkung", "leaf": true, "selectable": true}]}, {"id": "b9f82341-324e-499e-9dc9-68f4fb5bc24b", "name": "http://dktk.dkfz.de/fhir/StructureDefinition/onco-core-CarePlan-Therapieempfehlung", "display": {"original": "http://dktk.dkfz.de/fhir/StructureDefinition/onco-core-CarePlan-Therapieempfehlung", "translations": [{"language": "de-DE", "value": "http://dktk.dkfz.de/fhir/StructureDefinition/onco-core-CarePlan-Therapieempfehlung"}, {"language": "en-US", "value": "http://dktk.dkfz.de/fhir/StructureDefinition/onco-core-CarePlan-Therapieempfehlung"}]}, "url": "http://dktk.dkfz.de/fhir/StructureDefinition/onco-core-CarePlan-Therapieempfehlung", "module": "http://dktk.dkfz.de/fhir/StructureDefinition/onco-core-CarePlan-Therapieempfehlung", "selectable": false, "leaf": false, "children": [{"id": "6e1fe18f-fdc6-4519-ad34-f2e30df1fb9f", "name": "Therapieempfehlung", "display": {"original": "", "translations": [{"language": "de-DE", "value": ""}, {"language": "en-US", "value": ""}]}, "module": "http://dktk.dkfz.de/fhir/StructureDefinition/onco-core-CarePlan-Therapieempfehlung", "url": "http://dktk.dkfz.de/fhir/StructureDefinition/onco-core-CarePlan-Therapieempfehlung", "leaf": true, "selectable": true}]}, {"id": "43506ec2-a12b-46c9-9106-48e922cbd3b2", "name": "http://dktk.dkfz.de/fhir/StructureDefinition/onco-core-ClinicalImpression-Verlauf", "display": {"original": "http://dktk.dkfz.de/fhir/StructureDefinition/onco-core-ClinicalImpression-Verlauf", "translations": [{"language": "de-DE", "value": "http://dktk.dkfz.de/fhir/StructureDefinition/onco-core-ClinicalImpression-Verlauf"}, {"language": "en-US", "value": "http://dktk.dkfz.de/fhir/StructureDefinition/onco-core-ClinicalImpression-Verlauf"}]}, "url": "http://dktk.dkfz.de/fhir/StructureDefinition/onco-core-ClinicalImpression-Verlauf", "module": "http://dktk.dkfz.de/fhir/StructureDefinition/onco-core-ClinicalImpression-Verlauf", "selectable": false, "leaf": false, "children": [{"id": "450a59b6-5356-47b6-a98f-dfd3d6632456", "name": "Verlauf", "display": {"original": "", "translations": [{"language": "de-DE", "value": ""}, {"language": "en-US", "value": ""}]}, "module": "http://dktk.dkfz.de/fhir/StructureDefinition/onco-core-ClinicalImpression-Verlauf", "url": "http://dktk.dkfz.de/fhir/StructureDefinition/onco-core-ClinicalImpression-Verlauf", "leaf": true, "selectable": true}]}, {"id": "f3dee79a-4967-410c-91f1-19502bc7a2d7", "name": "http://dktk.dkfz.de/fhir/StructureDefinition/onco-core-Condition-Primaerdiagnose", "display": {"original": "http://dktk.dkfz.de/fhir/StructureDefinition/onco-core-Condition-Primaerdiagnose", "translations": [{"language": "de-DE", "value": "http://dktk.dkfz.de/fhir/StructureDefinition/onco-core-Condition-Primaerdiagnose"}, {"language": "en-US", "value": "http://dktk.dkfz.de/fhir/StructureDefinition/onco-core-Condition-Primaerdiagnose"}]}, "url": "http://dktk.dkfz.de/fhir/StructureDefinition/onco-core-Condition-Primaerdiagnose", "module": "http://dktk.dkfz.de/fhir/StructureDefinition/onco-core-Condition-Primaerdiagnose", "selectable": false, "leaf": false, "children": [{"id": "d05fea21-15b4-4c79-8ed7-85ec97387ddc", "name": "Primaerdiagnose", "display": {"original": "", "translations": [{"language": "de-DE", "value": ""}, {"language": "en-US", "value": ""}]}, "module": "http://dktk.dkfz.de/fhir/StructureDefinition/onco-core-Condition-Primaerdiagnose", "url": "http://dktk.dkfz.de/fhir/StructureDefinition/onco-core-Condition-Primaerdiagnose", "leaf": true, "selectable": true}]}, {"id": "40a9249f-ff8b-4c3e-98ba-fdb1d398be9b", "name": "http://dktk.dkfz.de/fhir/StructureDefinition/onco-core-Encounter-Fall", "display": {"original": "http://dktk.dkfz.de/fhir/StructureDefinition/onco-core-Encounter-Fall", "translations": [{"language": "de-DE", "value": "http://dktk.dkfz.de/fhir/StructureDefinition/onco-core-Encounter-Fall"}, {"language": "en-US", "value": "http://dktk.dkfz.de/fhir/StructureDefinition/onco-core-Encounter-Fall"}]}, "url": "http://dktk.dkfz.de/fhir/StructureDefinition/onco-core-Encounter-Fall", "module": "http://dktk.dkfz.de/fhir/StructureDefinition/onco-core-Encounter-Fall", "selectable": false, "leaf": false, "children": [{"id": "ce84de81-1fc6-4de8-8d2f-734d6ef30be3", "name": "Fall", "display": {"original": "", "translations": [{"language": "de-DE", "value": ""}, {"language": "en-US", "value": ""}]}, "module": "http://dktk.dkfz.de/fhir/StructureDefinition/onco-core-Encounter-Fall", "url": "http://dktk.dkfz.de/fhir/StructureDefinition/onco-core-Encounter-Fall", "leaf": true, "selectable": true}]}, {"id": "7ce523c8-b385-484e-a094-7686a3ef3c7e", "name": "http://dktk.dkfz.de/fhir/StructureDefinition/onco-core-MedicationStatement-Systemtherapie", "display": {"original": "http://dktk.dkfz.de/fhir/StructureDefinition/onco-core-MedicationStatement-Systemtherapie", "translations": [{"language": "de-DE", "value": "http://dktk.dkfz.de/fhir/StructureDefinition/onco-core-MedicationStatement-Systemtherapie"}, {"language": "en-US", "value": "http://dktk.dkfz.de/fhir/StructureDefinition/onco-core-MedicationStatement-Systemtherapie"}]}, "url": "http://dktk.dkfz.de/fhir/StructureDefinition/onco-core-MedicationStatement-Systemtherapie", "module": "http://dktk.dkfz.de/fhir/StructureDefinition/onco-core-MedicationStatement-Systemtherapie", "selectable": false, "leaf": false, "children": [{"id": "09879ff9-ae7a-49c0-8010-bd047808b8e5", "name": "Systemtherapie", "display": {"original": "", "translations": [{"language": "de-DE", "value": ""}, {"language": "en-US", "value": ""}]}, "module": "http://dktk.dkfz.de/fhir/StructureDefinition/onco-core-MedicationStatement-Systemtherapie", "url": "http://dktk.dkfz.de/fhir/StructureDefinition/onco-core-MedicationStatement-Systemtherapie", "leaf": true, "selectable": true}]}, {"id": "bfe5d4e8-9525-455c-b8af-1381da16154e", "name": "http://dktk.dkfz.de/fhir/StructureDefinition/onco-core-Observation-AnzahlBefallenenLymphknoten", "display": {"original": "http://dktk.dkfz.de/fhir/StructureDefinition/onco-core-Observation-AnzahlBefallenenLymphknoten", "translations": [{"language": "de-DE", "value": "http://dktk.dkfz.de/fhir/StructureDefinition/onco-core-Observation-AnzahlBefallenenLymphknoten"}, {"language": "en-US", "value": "http://dktk.dkfz.de/fhir/StructureDefinition/onco-core-Observation-AnzahlBefallenenLymphknoten"}]}, "url": "http://dktk.dkfz.de/fhir/StructureDefinition/onco-core-Observation-AnzahlBefallenenLymphknoten", "module": "http://dktk.dkfz.de/fhir/StructureDefinition/onco-core-Observation-AnzahlBefallenenLymphknoten", "selectable": false, "leaf": false, "children": [{"id": "20314640-0041-4e2b-8e86-abd13b2c5f2d", "name": "AnzahlBefallenenLymphknoten", "display": {"original": "", "translations": [{"language": "de-DE", "value": ""}, {"language": "en-US", "value": ""}]}, "module": "http://dktk.dkfz.de/fhir/StructureDefinition/onco-core-Observation-AnzahlBefallenenLymphknoten", "url": "http://dktk.dkfz.de/fhir/StructureDefinition/onco-core-Observation-AnzahlBefallenenLymphknoten", "leaf": true, "selectable": true}]}, {"id": "cd84d35a-14f9-4cc3-b954-8a0ae37f50ba", "name": "http://dktk.dkfz.de/fhir/StructureDefinition/onco-core-Observation-AnzahlBefallenenSentinelLymphknoten", "display": {"original": "http://dktk.dkfz.de/fhir/StructureDefinition/onco-core-Observation-AnzahlBefallenenSentinelLymphknoten", "translations": [{"language": "de-DE", "value": "http://dktk.dkfz.de/fhir/StructureDefinition/onco-core-Observation-AnzahlBefallenenSentinelLymphknoten"}, {"language": "en-US", "value": "http://dktk.dkfz.de/fhir/StructureDefinition/onco-core-Observation-AnzahlBefallenenSentinelLymphknoten"}]}, "url": "http://dktk.dkfz.de/fhir/StructureDefinition/onco-core-Observation-AnzahlBefallenenSentinelLymphknoten", "module": "http://dktk.dkfz.de/fhir/StructureDefinition/onco-core-Observation-AnzahlBefallenenSentinelLymphknoten", "selectable": false, "leaf": false, "children": [{"id": "b4927504-11dd-41c9-a069-e37915ee95e4", "name": "AnzahlBefallenenSentinelLymphknoten", "display": {"original": "", "translations": [{"language": "de-DE", "value": ""}, {"language": "en-US", "value": ""}]}, "module": "http://dktk.dkfz.de/fhir/StructureDefinition/onco-core-Observation-AnzahlBefallenenSentinelLymphknoten", "url": "http://dktk.dkfz.de/fhir/StructureDefinition/onco-core-Observation-AnzahlBefallenenSentinelLymphknoten", "leaf": true, "selectable": true}]}, {"id": "f056d8ca-1415-4501-b557-d164a301434e", "name": "http://dktk.dkfz.de/fhir/StructureDefinition/onco-core-Observation-AnzahlUntersuchtenLymphknoten", "display": {"original": "http://dktk.dkfz.de/fhir/StructureDefinition/onco-core-Observation-AnzahlUntersuchtenLymphknoten", "translations": [{"language": "de-DE", "value": "http://dktk.dkfz.de/fhir/StructureDefinition/onco-core-Observation-AnzahlUntersuchtenLymphknoten"}, {"language": "en-US", "value": "http://dktk.dkfz.de/fhir/StructureDefinition/onco-core-Observation-AnzahlUntersuchtenLymphknoten"}]}, "url": "http://dktk.dkfz.de/fhir/StructureDefinition/onco-core-Observation-AnzahlUntersuchtenLymphknoten", "module": "http://dktk.dkfz.de/fhir/StructureDefinition/onco-core-Observation-AnzahlUntersuchtenLymphknoten", "selectable": false, "leaf": false, "children": [{"id": "c3eba2eb-873b-42da-924d-7c95d0c36bd8", "name": "AnzahlUntersuchtenLymphknoten", "display": {"original": "", "translations": [{"language": "de-DE", "value": ""}, {"language": "en-US", "value": ""}]}, "module": "http://dktk.dkfz.de/fhir/StructureDefinition/onco-core-Observation-AnzahlUntersuchtenLymphknoten", "url": "http://dktk.dkfz.de/fhir/StructureDefinition/onco-core-Observation-AnzahlUntersuchtenLymphknoten", "leaf": true, "selectable": true}]}, {"id": "73623e7b-895a-4fdc-8c38-3303f8794385", "name": "http://dktk.dkfz.de/fhir/StructureDefinition/onco-core-Observation-AnzahlUntersuchtenSentinelLymphknoten", "display": {"original": "http://dktk.dkfz.de/fhir/StructureDefinition/onco-core-Observation-AnzahlUntersuchtenSentinelLymphknoten", "translations": [{"language": "de-DE", "value": "http://dktk.dkfz.de/fhir/StructureDefinition/onco-core-Observation-AnzahlUntersuchtenSentinelLymphknoten"}, {"language": "en-US", "value": "http://dktk.dkfz.de/fhir/StructureDefinition/onco-core-Observation-AnzahlUntersuchtenSentinelLymphknoten"}]}, "url": "http://dktk.dkfz.de/fhir/StructureDefinition/onco-core-Observation-AnzahlUntersuchtenSentinelLymphknoten", "module": "http://dktk.dkfz.de/fhir/StructureDefinition/onco-core-Observation-AnzahlUntersuchtenSentinelLymphknoten", "selectable": false, "leaf": false, "children": [{"id": "196ba659-e79d-414a-8be3-55700304160d", "name": "AnzahlUntersuchtenSentinelLymphknoten", "display": {"original": "", "translations": [{"language": "de-DE", "value": ""}, {"language": "en-US", "value": ""}]}, "module": "http://dktk.dkfz.de/fhir/StructureDefinition/onco-core-Observation-AnzahlUntersuchtenSentinelLymphknoten", "url": "http://dktk.dkfz.de/fhir/StructureDefinition/onco-core-Observation-AnzahlUntersuchtenSentinelLymphknoten", "leaf": true, "selectable": true}]}, {"id": "824ddb02-c00d-403d-ae17-1edc0c8eb5f9", "name": "http://dktk.dkfz.de/fhir/StructureDefinition/onco-core-Observation-Ecog", "display": {"original": "http://dktk.dkfz.de/fhir/StructureDefinition/onco-core-Observation-Ecog", "translations": [{"language": "de-DE", "value": "http://dktk.dkfz.de/fhir/StructureDefinition/onco-core-Observation-Ecog"}, {"language": "en-US", "value": "http://dktk.dkfz.de/fhir/StructureDefinition/onco-core-Observation-Ecog"}]}, "url": "http://dktk.dkfz.de/fhir/StructureDefinition/onco-core-Observation-Ecog", "module": "http://dktk.dkfz.de/fhir/StructureDefinition/onco-core-Observation-Ecog", "selectable": false, "leaf": false, "children": [{"id": "a014cf0f-415c-46e5-911b-e67025625bc0", "name": "Ecog", "display": {"original": "", "translations": [{"language": "de-DE", "value": ""}, {"language": "en-US", "value": ""}]}, "module": "http://dktk.dkfz.de/fhir/StructureDefinition/onco-core-Observation-Ecog", "url": "http://dktk.dkfz.de/fhir/StructureDefinition/onco-core-Observation-Ecog", "leaf": true, "selectable": true}]}, {"id": "8daffef4-4315-473e-bd88-e08b2a1381d3", "name": "http://dktk.dkfz.de/fhir/StructureDefinition/onco-core-Observation-Fernmetastasen", "display": {"original": "http://dktk.dkfz.de/fhir/StructureDefinition/onco-core-Observation-Fernmetastasen", "translations": [{"language": "de-DE", "value": "http://dktk.dkfz.de/fhir/StructureDefinition/onco-core-Observation-Fernmetastasen"}, {"language": "en-US", "value": "http://dktk.dkfz.de/fhir/StructureDefinition/onco-core-Observation-Fernmetastasen"}]}, "url": "http://dktk.dkfz.de/fhir/StructureDefinition/onco-core-Observation-Fernmetastasen", "module": "http://dktk.dkfz.de/fhir/StructureDefinition/onco-core-Observation-Fernmetastasen", "selectable": false, "leaf": false, "children": [{"id": "70cc809f-7ce8-4487-9aae-bac8fe55f407", "name": "Fernmetastasen", "display": {"original": "", "translations": [{"language": "de-DE", "value": ""}, {"language": "en-US", "value": ""}]}, "module": "http://dktk.dkfz.de/fhir/StructureDefinition/onco-core-Observation-Fernmetastasen", "url": "http://dktk.dkfz.de/fhir/StructureDefinition/onco-core-Observation-Fernmetastasen", "leaf": true, "selectable": true}]}, {"id": "db79b8a6-d05a-4c88-9052-277cf7a5bb14", "name": "http://dktk.dkfz.de/fhir/StructureDefinition/onco-core-Observation-GenetischeVariante", "display": {"original": "http://dktk.dkfz.de/fhir/StructureDefinition/onco-core-Observation-GenetischeVariante", "translations": [{"language": "de-DE", "value": "http://dktk.dkfz.de/fhir/StructureDefinition/onco-core-Observation-GenetischeVariante"}, {"language": "en-US", "value": "http://dktk.dkfz.de/fhir/StructureDefinition/onco-core-Observation-GenetischeVariante"}]}, "url": "http://dktk.dkfz.de/fhir/StructureDefinition/onco-core-Observation-GenetischeVariante", "module": "http://dktk.dkfz.de/fhir/StructureDefinition/onco-core-Observation-GenetischeVariante", "selectable": false, "leaf": false, "children": [{"id": "5f2112ea-ecc7-41aa-b40d-eb7872d67ec3", "name": "GenetischeVariante", "display": {"original": "", "translations": [{"language": "de-DE", "value": ""}, {"language": "en-US", "value": ""}]}, "module": "http://dktk.dkfz.de/fhir/StructureDefinition/onco-core-Observation-GenetischeVariante", "url": "http://dktk.dkfz.de/fhir/StructureDefinition/onco-core-Observation-GenetischeVariante", "leaf": true, "selectable": true}]}, {"id": "a007c3a3-ef6a-44e2-a4ca-c7f69856ec67", "name": "http://dktk.dkfz.de/fhir/StructureDefinition/onco-core-Observation-GesamtbeurteilungResidualstatus", "display": {"original": "http://dktk.dkfz.de/fhir/StructureDefinition/onco-core-Observation-GesamtbeurteilungResidualstatus", "translations": [{"language": "de-DE", "value": "http://dktk.dkfz.de/fhir/StructureDefinition/onco-core-Observation-GesamtbeurteilungResidualstatus"}, {"language": "en-US", "value": "http://dktk.dkfz.de/fhir/StructureDefinition/onco-core-Observation-GesamtbeurteilungResidualstatus"}]}, "url": "http://dktk.dkfz.de/fhir/StructureDefinition/onco-core-Observation-GesamtbeurteilungResidualstatus", "module": "http://dktk.dkfz.de/fhir/StructureDefinition/onco-core-Observation-GesamtbeurteilungResidualstatus", "selectable": false, "leaf": false, "children": [{"id": "7646a7d5-be58-4889-9c6e-b75499061570", "name": "GesamtbeurteilungResidualstatus", "display": {"original": "", "translations": [{"language": "de-DE", "value": ""}, {"language": "en-US", "value": ""}]}, "module": "http://dktk.dkfz.de/fhir/StructureDefinition/onco-core-Observation-GesamtbeurteilungResidualstatus", "url": "http://dktk.dkfz.de/fhir/StructureDefinition/onco-core-Observation-GesamtbeurteilungResidualstatus", "leaf": true, "selectable": true}]}, {"id": "236eb7b5-b954-4ed1-8599-05a9355a2e32", "name": "http://dktk.dkfz.de/fhir/StructureDefinition/onco-core-Observation-GesamtbeurteilungTumorstatus", "display": {"original": "http://dktk.dkfz.de/fhir/StructureDefinition/onco-core-Observation-GesamtbeurteilungTumorstatus", "translations": [{"language": "de-DE", "value": "http://dktk.dkfz.de/fhir/StructureDefinition/onco-core-Observation-GesamtbeurteilungTumorstatus"}, {"language": "en-US", "value": "http://dktk.dkfz.de/fhir/StructureDefinition/onco-core-Observation-GesamtbeurteilungTumorstatus"}]}, "url": "http://dktk.dkfz.de/fhir/StructureDefinition/onco-core-Observation-GesamtbeurteilungTumorstatus", "module": "http://dktk.dkfz.de/fhir/StructureDefinition/onco-core-Observation-GesamtbeurteilungTumorstatus", "selectable": false, "leaf": false, "children": [{"id": "d3e86054-5be4-4aa7-9fda-95632be0c846", "name": "GesamtbeurteilungTumorstatus", "display": {"original": "", "translations": [{"language": "de-DE", "value": ""}, {"language": "en-US", "value": ""}]}, "module": "http://dktk.dkfz.de/fhir/StructureDefinition/onco-core-Observation-GesamtbeurteilungTumorstatus", "url": "http://dktk.dkfz.de/fhir/StructureDefinition/onco-core-Observation-GesamtbeurteilungTumorstatus", "leaf": true, "selectable": true}]}, {"id": "c6738807-47cd-433d-ae65-e89113e6eefc", "name": "http://dktk.dkfz.de/fhir/StructureDefinition/onco-core-Observation-Grading", "display": {"original": "http://dktk.dkfz.de/fhir/StructureDefinition/onco-core-Observation-Grading", "translations": [{"language": "de-DE", "value": "http://dktk.dkfz.de/fhir/StructureDefinition/onco-core-Observation-Grading"}, {"language": "en-US", "value": "http://dktk.dkfz.de/fhir/StructureDefinition/onco-core-Observation-Grading"}]}, "url": "http://dktk.dkfz.de/fhir/StructureDefinition/onco-core-Observation-Grading", "module": "http://dktk.dkfz.de/fhir/StructureDefinition/onco-core-Observation-Grading", "selectable": false, "leaf": false, "children": [{"id": "2e1dc824-1694-4f4d-86b8-eefcf9b0704b", "name": "Grading", "display": {"original": "", "translations": [{"language": "de-DE", "value": ""}, {"language": "en-US", "value": ""}]}, "module": "http://dktk.dkfz.de/fhir/StructureDefinition/onco-core-Observation-Grading", "url": "http://dktk.dkfz.de/fhir/StructureDefinition/onco-core-Observation-Grading", "leaf": true, "selectable": true}]}, {"id": "c839b310-a44d-4bb2-9a13-e72719e0ad09", "name": "http://dktk.dkfz.de/fhir/StructureDefinition/onco-core-Observation-Histologie", "display": {"original": "http://dktk.dkfz.de/fhir/StructureDefinition/onco-core-Observation-Histologie", "translations": [{"language": "de-DE", "value": "http://dktk.dkfz.de/fhir/StructureDefinition/onco-core-Observation-Histologie"}, {"language": "en-US", "value": "http://dktk.dkfz.de/fhir/StructureDefinition/onco-core-Observation-Histologie"}]}, "url": "http://dktk.dkfz.de/fhir/StructureDefinition/onco-core-Observation-Histologie", "module": "http://dktk.dkfz.de/fhir/StructureDefinition/onco-core-Observation-Histologie", "selectable": false, "leaf": false, "children": [{"id": "91b8ac7d-9ae7-405d-9081-301138a58f58", "name": "Histologie", "display": {"original": "", "translations": [{"language": "de-DE", "value": ""}, {"language": "en-US", "value": ""}]}, "module": "http://dktk.dkfz.de/fhir/StructureDefinition/onco-core-Observation-Histologie", "url": "http://dktk.dkfz.de/fhir/StructureDefinition/onco-core-Observation-Histologie", "leaf": true, "selectable": true}]}, {"id": "f0e71fae-cf68-47c2-9247-df4e63a02992", "name": "http://dktk.dkfz.de/fhir/StructureDefinition/onco-core-Observation-LokaleBeurteilungResidualstatus", "display": {"original": "http://dktk.dkfz.de/fhir/StructureDefinition/onco-core-Observation-LokaleBeurteilungResidualstatus", "translations": [{"language": "de-DE", "value": "http://dktk.dkfz.de/fhir/StructureDefinition/onco-core-Observation-LokaleBeurteilungResidualstatus"}, {"language": "en-US", "value": "http://dktk.dkfz.de/fhir/StructureDefinition/onco-core-Observation-LokaleBeurteilungResidualstatus"}]}, "url": "http://dktk.dkfz.de/fhir/StructureDefinition/onco-core-Observation-LokaleBeurteilungResidualstatus", "module": "http://dktk.dkfz.de/fhir/StructureDefinition/onco-core-Observation-LokaleBeurteilungResidualstatus", "selectable": false, "leaf": false, "children": [{"id": "8730b96e-e701-439f-9a94-c8d9e382df2c", "name": "LokaleBeurteilungResidualstatus", "display": {"original": "", "translations": [{"language": "de-DE", "value": ""}, {"language": "en-US", "value": ""}]}, "module": "http://dktk.dkfz.de/fhir/StructureDefinition/onco-core-Observation-LokaleBeurteilungResidualstatus", "url": "http://dktk.dkfz.de/fhir/StructureDefinition/onco-core-Observation-LokaleBeurteilungResidualstatus", "leaf": true, "selectable": true}]}, {"id": "c2472fd1-9b80-474d-bf6f-af199edfc6ce", "name": "http://dktk.dkfz.de/fhir/StructureDefinition/onco-core-Observation-LokalerTumorstatus", "display": {"original": "http://dktk.dkfz.de/fhir/StructureDefinition/onco-core-Observation-LokalerTumorstatus", "translations": [{"language": "de-DE", "value": "http://dktk.dkfz.de/fhir/StructureDefinition/onco-core-Observation-LokalerTumorstatus"}, {"language": "en-US", "value": "http://dktk.dkfz.de/fhir/StructureDefinition/onco-core-Observation-LokalerTumorstatus"}]}, "url": "http://dktk.dkfz.de/fhir/StructureDefinition/onco-core-Observation-LokalerTumorstatus", "module": "http://dktk.dkfz.de/fhir/StructureDefinition/onco-core-Observation-LokalerTumorstatus", "selectable": false, "leaf": false, "children": [{"id": "3cf5d6b8-ff77-4829-a665-cfc55c57e588", "name": "LokalerTumorstatus", "display": {"original": "", "translations": [{"language": "de-DE", "value": ""}, {"language": "en-US", "value": ""}]}, "module": "http://dktk.dkfz.de/fhir/StructureDefinition/onco-core-Observation-LokalerTumorstatus", "url": "http://dktk.dkfz.de/fhir/StructureDefinition/onco-core-Observation-LokalerTumorstatus", "leaf": true, "selectable": true}]}, {"id": "f238554a-c491-4ec7-88e5-4ba7f6bc87a0", "name": "http://dktk.dkfz.de/fhir/StructureDefinition/onco-core-Observation-TNMc", "display": {"original": "http://dktk.dkfz.de/fhir/StructureDefinition/onco-core-Observation-TNMc", "translations": [{"language": "de-DE", "value": "http://dktk.dkfz.de/fhir/StructureDefinition/onco-core-Observation-TNMc"}, {"language": "en-US", "value": "http://dktk.dkfz.de/fhir/StructureDefinition/onco-core-Observation-TNMc"}]}, "url": "http://dktk.dkfz.de/fhir/StructureDefinition/onco-core-Observation-TNMc", "module": "http://dktk.dkfz.de/fhir/StructureDefinition/onco-core-Observation-TNMc", "selectable": false, "leaf": false, "children": [{"id": "bbc5d1f2-7c8a-4e3e-a66b-e07a896a75f3", "name": "TNMc", "display": {"original": "", "translations": [{"language": "de-DE", "value": ""}, {"language": "en-US", "value": ""}]}, "module": "http://dktk.dkfz.de/fhir/StructureDefinition/onco-core-Observation-TNMc", "url": "http://dktk.dkfz.de/fhir/StructureDefinition/onco-core-Observation-TNMc", "leaf": true, "selectable": true}]}, {"id": "d8cff628-d5c7-4641-bf9f-3b739bffa95a", "name": "http://dktk.dkfz.de/fhir/StructureDefinition/onco-core-Observation-TNMp", "display": {"original": "http://dktk.dkfz.de/fhir/StructureDefinition/onco-core-Observation-TNMp", "translations": [{"language": "de-DE", "value": "http://dktk.dkfz.de/fhir/StructureDefinition/onco-core-Observation-TNMp"}, {"language": "en-US", "value": "http://dktk.dkfz.de/fhir/StructureDefinition/onco-core-Observation-TNMp"}]}, "url": "http://dktk.dkfz.de/fhir/StructureDefinition/onco-core-Observation-TNMp", "module": "http://dktk.dkfz.de/fhir/StructureDefinition/onco-core-Observation-TNMp", "selectable": false, "leaf": false, "children": [{"id": "36c6f66a-ecc5-47bc-93af-b468bd804649", "name": "TNMp", "display": {"original": "", "translations": [{"language": "de-DE", "value": ""}, {"language": "en-US", "value": ""}]}, "module": "http://dktk.dkfz.de/fhir/StructureDefinition/onco-core-Observation-TNMp", "url": "http://dktk.dkfz.de/fhir/StructureDefinition/onco-core-Observation-TNMp", "leaf": true, "selectable": true}]}, {"id": "a56f2a3c-7abd-40c0-990f-2a273bf2a0bc", "name": "http://dktk.dkfz.de/fhir/StructureDefinition/onco-core-Observation-TumorstatusFernmetastasen", "display": {"original": "http://dktk.dkfz.de/fhir/StructureDefinition/onco-core-Observation-TumorstatusFernmetastasen", "translations": [{"language": "de-DE", "value": "http://dktk.dkfz.de/fhir/StructureDefinition/onco-core-Observation-TumorstatusFernmetastasen"}, {"language": "en-US", "value": "http://dktk.dkfz.de/fhir/StructureDefinition/onco-core-Observation-TumorstatusFernmetastasen"}]}, "url": "http://dktk.dkfz.de/fhir/StructureDefinition/onco-core-Observation-TumorstatusFernmetastasen", "module": "http://dktk.dkfz.de/fhir/StructureDefinition/onco-core-Observation-TumorstatusFernmetastasen", "selectable": false, "leaf": false, "children": [{"id": "b5c49b32-1ba6-4ca7-9a9c-f8ea81deb8b0", "name": "TumorstatusFernmetastasen", "display": {"original": "", "translations": [{"language": "de-DE", "value": ""}, {"language": "en-US", "value": ""}]}, "module": "http://dktk.dkfz.de/fhir/StructureDefinition/onco-core-Observation-TumorstatusFernmetastasen", "url": "http://dktk.dkfz.de/fhir/StructureDefinition/onco-core-Observation-TumorstatusFernmetastasen", "leaf": true, "selectable": true}]}, {"id": "50120bb3-93ad-44b9-be10-4a537262fdc6", "name": "http://dktk.dkfz.de/fhir/StructureDefinition/onco-core-Observation-TumorstatusLymphknoten", "display": {"original": "http://dktk.dkfz.de/fhir/StructureDefinition/onco-core-Observation-TumorstatusLymphknoten", "translations": [{"language": "de-DE", "value": "http://dktk.dkfz.de/fhir/StructureDefinition/onco-core-Observation-TumorstatusLymphknoten"}, {"language": "en-US", "value": "http://dktk.dkfz.de/fhir/StructureDefinition/onco-core-Observation-TumorstatusLymphknoten"}]}, "url": "http://dktk.dkfz.de/fhir/StructureDefinition/onco-core-Observation-TumorstatusLymphknoten", "module": "http://dktk.dkfz.de/fhir/StructureDefinition/onco-core-Observation-TumorstatusLymphknoten", "selectable": false, "leaf": false, "children": [{"id": "78180f0f-5a63-4697-b6b1-68a79eaf55cf", "name": "TumorstatusLymphknoten", "display": {"original": "", "translations": [{"language": "de-DE", "value": ""}, {"language": "en-US", "value": ""}]}, "module": "http://dktk.dkfz.de/fhir/StructureDefinition/onco-core-Observation-TumorstatusLymphknoten", "url": "http://dktk.dkfz.de/fhir/StructureDefinition/onco-core-Observation-TumorstatusLymphknoten", "leaf": true, "selectable": true}]}, {"id": "80c5a8c6-8bad-41fb-98ed-1207ad3f4b16", "name": "http://dktk.dkfz.de/fhir/StructureDefinition/onco-core-Observation-Vitalstatus", "display": {"original": "http://dktk.dkfz.de/fhir/StructureDefinition/onco-core-Observation-Vitalstatus", "translations": [{"language": "de-DE", "value": "http://dktk.dkfz.de/fhir/StructureDefinition/onco-core-Observation-Vitalstatus"}, {"language": "en-US", "value": "http://dktk.dkfz.de/fhir/StructureDefinition/onco-core-Observation-Vitalstatus"}]}, "url": "http://dktk.dkfz.de/fhir/StructureDefinition/onco-core-Observation-Vitalstatus", "module": "http://dktk.dkfz.de/fhir/StructureDefinition/onco-core-Observation-Vitalstatus", "selectable": false, "leaf": false, "children": [{"id": "51255604-6227-4ebf-8a4e-d453d62bcd26", "name": "Vitalstatus", "display": {"original": "", "translations": [{"language": "de-DE", "value": ""}, {"language": "en-US", "value": ""}]}, "module": "http://dktk.dkfz.de/fhir/StructureDefinition/onco-core-Observation-Vitalstatus", "url": "http://dktk.dkfz.de/fhir/StructureDefinition/onco-core-Observation-Vitalstatus", "leaf": true, "selectable": true}]}, {"id": "66f29e70-bc18-4252-9044-2145ec2f7c64", "name": "http://dktk.dkfz.de/fhir/StructureDefinition/onco-core-Observation-WeitereKlassifikation", "display": {"original": "http://dktk.dkfz.de/fhir/StructureDefinition/onco-core-Observation-WeitereKlassifikation", "translations": [{"language": "de-DE", "value": "http://dktk.dkfz.de/fhir/StructureDefinition/onco-core-Observation-WeitereKlassifikation"}, {"language": "en-US", "value": "http://dktk.dkfz.de/fhir/StructureDefinition/onco-core-Observation-WeitereKlassifikation"}]}, "url": "http://dktk.dkfz.de/fhir/StructureDefinition/onco-core-Observation-WeitereKlassifikation", "module": "http://dktk.dkfz.de/fhir/StructureDefinition/onco-core-Observation-WeitereKlassifikation", "selectable": false, "leaf": false, "children": [{"id": "edb8daa3-8560-4a69-bc0f-be9aaeb58151", "name": "WeitereKlassifikation", "display": {"original": "", "translations": [{"language": "de-DE", "value": ""}, {"language": "en-US", "value": ""}]}, "module": "http://dktk.dkfz.de/fhir/StructureDefinition/onco-core-Observation-WeitereKlassifikation", "url": "http://dktk.dkfz.de/fhir/StructureDefinition/onco-core-Observation-WeitereKlassifikation", "leaf": true, "selectable": true}]}, {"id": "72d8c6d0-65d6-4b97-81c1-0f774c35047d", "name": "http://dktk.dkfz.de/fhir/StructureDefinition/onco-core-Organization-Organisation", "display": {"original": "http://dktk.dkfz.de/fhir/StructureDefinition/onco-core-Organization-Organisation", "translations": [{"language": "de-DE", "value": "http://dktk.dkfz.de/fhir/StructureDefinition/onco-core-Organization-Organisation"}, {"language": "en-US", "value": "http://dktk.dkfz.de/fhir/StructureDefinition/onco-core-Organization-Organisation"}]}, "url": "http://dktk.dkfz.de/fhir/StructureDefinition/onco-core-Organization-Organisation", "module": "http://dktk.dkfz.de/fhir/StructureDefinition/onco-core-Organization-Organisation", "selectable": false, "leaf": false, "children": [{"id": "0b1448ba-5c52-4d36-9394-d3b8c97eb335", "name": "Organisation", "display": {"original": "", "translations": [{"language": "de-DE", "value": ""}, {"language": "en-US", "value": ""}]}, "module": "http://dktk.dkfz.de/fhir/StructureDefinition/onco-core-Organization-Organisation", "url": "http://dktk.dkfz.de/fhir/StructureDefinition/onco-core-Organization-Organisation", "leaf": true, "selectable": true}]}, {"id": "4948ee1a-68a8-4dc6-8b40-213e58ce663f", "name": "http://dktk.dkfz.de/fhir/StructureDefinition/onco-core-Patient-Patient", "display": {"original": "http://dktk.dkfz.de/fhir/StructureDefinition/onco-core-Patient-Patient", "translations": [{"language": "de-DE", "value": "http://dktk.dkfz.de/fhir/StructureDefinition/onco-core-Patient-Patient"}, {"language": "en-US", "value": "http://dktk.dkfz.de/fhir/StructureDefinition/onco-core-Patient-Patient"}]}, "url": "http://dktk.dkfz.de/fhir/StructureDefinition/onco-core-Patient-Patient", "module": "http://dktk.dkfz.de/fhir/StructureDefinition/onco-core-Patient-Patient", "selectable": false, "leaf": false, "children": [{"id": "a88b090f-c85f-49ae-a54c-d8de7f5fbd21", "name": "Patient", "display": {"original": "", "translations": [{"language": "de-DE", "value": ""}, {"language": "en-US", "value": ""}]}, "module": "http://dktk.dkfz.de/fhir/StructureDefinition/onco-core-Patient-Patient", "url": "http://dktk.dkfz.de/fhir/StructureDefinition/onco-core-Patient-Patient", "leaf": true, "selectable": true}]}, {"id": "701db497-3397-4d4c-ab04-3c6f992055ec", "name": "http://dktk.dkfz.de/fhir/StructureDefinition/onco-core-Patient-Pseudonym", "display": {"original": "http://dktk.dkfz.de/fhir/StructureDefinition/onco-core-Patient-Pseudonym", "translations": [{"language": "de-DE", "value": "http://dktk.dkfz.de/fhir/StructureDefinition/onco-core-Patient-Pseudonym"}, {"language": "en-US", "value": "http://dktk.dkfz.de/fhir/StructureDefinition/onco-core-Patient-Pseudonym"}]}, "url": "http://dktk.dkfz.de/fhir/StructureDefinition/onco-core-Patient-Pseudonym", "module": "http://dktk.dkfz.de/fhir/StructureDefinition/onco-core-Patient-Pseudonym", "selectable": false, "leaf": false, "children": [{"id": "b34e625c-b3d4-491b-b1b7-2e5e54b78832", "name": "Patientenpseudonym", "display": {"original": "", "translations": [{"language": "de-DE", "value": ""}, {"language": "en-US", "value": ""}]}, "module": "http://dktk.dkfz.de/fhir/StructureDefinition/onco-core-Patient-Pseudonym", "url": "http://dktk.dkfz.de/fhir/StructureDefinition/onco-core-Patient-Pseudonym", "leaf": true, "selectable": true}]}, {"id": "9c384dce-5ffc-4a32-b414-6cea59c10f99", "name": "http://dktk.dkfz.de/fhir/StructureDefinition/onco-core-Procedure-Operation", "display": {"original": "http://dktk.dkfz.de/fhir/StructureDefinition/onco-core-Procedure-Operation", "translations": [{"language": "de-DE", "value": "http://dktk.dkfz.de/fhir/StructureDefinition/onco-core-Procedure-Operation"}, {"language": "en-US", "value": "http://dktk.dkfz.de/fhir/StructureDefinition/onco-core-Procedure-Operation"}]}, "url": "http://dktk.dkfz.de/fhir/StructureDefinition/onco-core-Procedure-Operation", "module": "http://dktk.dkfz.de/fhir/StructureDefinition/onco-core-Procedure-Operation", "selectable": false, "leaf": false, "children": [{"id": "9728805b-e372-413a-8b17-a535e1991489", "name": "Operation", "display": {"original": "", "translations": [{"language": "de-DE", "value": ""}, {"language": "en-US", "value": ""}]}, "module": "http://dktk.dkfz.de/fhir/StructureDefinition/onco-core-Procedure-Operation", "url": "http://dktk.dkfz.de/fhir/StructureDefinition/onco-core-Procedure-Operation", "leaf": true, "selectable": true}]}, {"id": "44172949-9e13-4a2c-a371-acec2a59f089", "name": "http://dktk.dkfz.de/fhir/StructureDefinition/onco-core-Procedure-Strahlentherapie", "display": {"original": "http://dktk.dkfz.de/fhir/StructureDefinition/onco-core-Procedure-Strahlentherapie", "translations": [{"language": "de-DE", "value": "http://dktk.dkfz.de/fhir/StructureDefinition/onco-core-Procedure-Strahlentherapie"}, {"language": "en-US", "value": "http://dktk.dkfz.de/fhir/StructureDefinition/onco-core-Procedure-Strahlentherapie"}]}, "url": "http://dktk.dkfz.de/fhir/StructureDefinition/onco-core-Procedure-Strahlentherapie", "module": "http://dktk.dkfz.de/fhir/StructureDefinition/onco-core-Procedure-Strahlentherapie", "selectable": false, "leaf": false, "children": [{"id": "99580f24-9887-443a-833a-08d6cb2b01bd", "name": "Strahlentherapie", "display": {"original": "", "translations": [{"language": "de-DE", "value": ""}, {"language": "en-US", "value": ""}]}, "module": "http://dktk.dkfz.de/fhir/StructureDefinition/onco-core-Procedure-Strahlentherapie", "url": "http://dktk.dkfz.de/fhir/StructureDefinition/onco-core-Procedure-Strahlentherapie", "leaf": true, "selectable": true}]}, {"id": "7749fadb-f155-4aee-aa88-6157c4f6f73d", "name": "http://dktk.dkfz.de/fhir/StructureDefinition/onco-core-Specimen-OncoSpecimen", "display": {"original": "http://dktk.dkfz.de/fhir/StructureDefinition/onco-core-Specimen-OncoSpecimen", "translations": [{"language": "de-DE", "value": "http://dktk.dkfz.de/fhir/StructureDefinition/onco-core-Specimen-OncoSpecimen"}, {"language": "en-US", "value": "http://dktk.dkfz.de/fhir/StructureDefinition/onco-core-Specimen-OncoSpecimen"}]}, "url": "http://dktk.dkfz.de/fhir/StructureDefinition/onco-core-Specimen-OncoSpecimen", "module": "http://dktk.dkfz.de/fhir/StructureDefinition/onco-core-Specimen-OncoSpecimen", "selectable": false, "leaf": false, "children": [{"id": "01f4bfc4-ddc1-4bd6-9741-ac1e1926678d", "name": "Specimen", "display": {"original": "Specimen", "translations": [{"language": "de-DE", "value": ""}, {"language": "en-US", "value": ""}]}, "module": "https://fhir.bbmri.de/StructureDefinition/Specimen", "url": "https://fhir.bbmri.de/StructureDefinition/Specimen", "leaf": false, "selectable": false, "children": [{"id": "ce7c239a-6025-4e29-a992-0cd88ef94a68", "name": "OncoSpecimen", "display": {"original": "", "translations": [{"language": "de-DE", "value": ""}, {"language": "en-US", "value": ""}]}, "module": "http://dktk.dkfz.de/fhir/StructureDefinition/onco-core-Specimen-OncoSpecimen", "url": "http://dktk.dkfz.de/fhir/StructureDefinition/onco-core-Specimen-OncoSpecimen", "leaf": true, "selectable": true}]}]}, {"id": "0ad7bc04-e11c-4506-a393-4f891e0df087", "name": "https://fhir.bbmri.de/StructureDefinition/Biobank", "display": {"original": "https://fhir.bbmri.de/StructureDefinition/Biobank", "translations": [{"language": "de-DE", "value": "https://fhir.bbmri.de/StructureDefinition/Biobank"}, {"language": "en-US", "value": "https://fhir.bbmri.de/StructureDefinition/Biobank"}]}, "url": "https://fhir.bbmri.de/StructureDefinition/Biobank", "module": "https://fhir.bbmri.de/StructureDefinition/Biobank", "selectable": false, "leaf": false, "children": [{"id": "659c8e29-765f-4676-b9ea-f068262d8595", "name": "Biobank", "display": {"original": "Biobank", "translations": [{"language": "de-DE", "value": ""}, {"language": "en-US", "value": ""}]}, "module": "https://fhir.bbmri.de/StructureDefinition/Biobank", "url": "https://fhir.bbmri.de/StructureDefinition/Biobank", "leaf": true, "selectable": true}]}, {"id": "536de90c-4de0-4ad3-80f4-ea10d8ea58f8", "name": "https://fhir.bbmri.de/StructureDefinition/Bmi", "display": {"original": "https://fhir.bbmri.de/StructureDefinition/Bmi", "translations": [{"language": "de-DE", "value": "https://fhir.bbmri.de/StructureDefinition/Bmi"}, {"language": "en-US", "value": "https://fhir.bbmri.de/StructureDefinition/Bmi"}]}, "url": "https://fhir.bbmri.de/StructureDefinition/Bmi", "module": "https://fhir.bbmri.de/StructureDefinition/Bmi", "selectable": false, "leaf": false, "children": [{"id": "53d92fbd-cacc-4c6e-b808-7ecb8a6f8000", "name": "Bmi", "display": {"original": "BMI", "translations": [{"language": "de-DE", "value": ""}, {"language": "en-US", "value": ""}]}, "module": "https://fhir.bbmri.de/StructureDefinition/Bmi", "url": "https://fhir.bbmri.de/StructureDefinition/Bmi", "leaf": true, "selectable": true}]}, {"id": "1041aafb-9362-4b26-9346-f09fc8d03a7d", "name": "https://fhir.bbmri.de/StructureDefinition/BodyHeight", "display": {"original": "https://fhir.bbmri.de/StructureDefinition/BodyHeight", "translations": [{"language": "de-DE", "value": "https://fhir.bbmri.de/StructureDefinition/BodyHeight"}, {"language": "en-US", "value": "https://fhir.bbmri.de/StructureDefinition/BodyHeight"}]}, "url": "https://fhir.bbmri.de/StructureDefinition/BodyHeight", "module": "https://fhir.bbmri.de/StructureDefinition/BodyHeight", "selectable": false, "leaf": false, "children": [{"id": "5a740cee-c975-4f5c-b715-0344eb234fa2", "name": "BodyHeight", "display": {"original": "Body Height", "translations": [{"language": "de-DE", "value": ""}, {"language": "en-US", "value": ""}]}, "module": "https://fhir.bbmri.de/StructureDefinition/BodyHeight", "url": "https://fhir.bbmri.de/StructureDefinition/BodyHeight", "leaf": true, "selectable": true}]}, {"id": "3f0ffbf8-8dbf-4fcb-b7f7-bcab81fed38f", "name": "https://fhir.bbmri.de/StructureDefinition/BodyWeight", "display": {"original": "https://fhir.bbmri.de/StructureDefinition/BodyWeight", "translations": [{"language": "de-DE", "value": "https://fhir.bbmri.de/StructureDefinition/BodyWeight"}, {"language": "en-US", "value": "https://fhir.bbmri.de/StructureDefinition/BodyWeight"}]}, "url": "https://fhir.bbmri.de/StructureDefinition/BodyWeight", "module": "https://fhir.bbmri.de/StructureDefinition/BodyWeight", "selectable": false, "leaf": false, "children": [{"id": "d5465aff-141f-4506-855f-463cda70d75a", "name": "BodyWeight", "display": {"original": "Body Weight", "translations": [{"language": "de-DE", "value": ""}, {"language": "en-US", "value": ""}]}, "module": "https://fhir.bbmri.de/StructureDefinition/BodyWeight", "url": "https://fhir.bbmri.de/StructureDefinition/BodyWeight", "leaf": true, "selectable": true}]}, {"id": "c6205e87-9b3d-4991-9beb-b2dbfb6299c2", "name": "https://fhir.bbmri.de/StructureDefinition/CauseOfDeath", "display": {"original": "https://fhir.bbmri.de/StructureDefinition/CauseOfDeath", "translations": [{"language": "de-DE", "value": "https://fhir.bbmri.de/StructureDefinition/CauseOfDeath"}, {"language": "en-US", "value": "https://fhir.bbmri.de/StructureDefinition/CauseOfDeath"}]}, "url": "https://fhir.bbmri.de/StructureDefinition/CauseOfDeath", "module": "https://fhir.bbmri.de/StructureDefinition/CauseOfDeath", "selectable": false, "leaf": false, "children": [{"id": "9df5e007-2b7f-4be8-a6f7-a4e48b520ed9", "name": "CauseOfDeath", "display": {"original": "Cause of Death", "translations": [{"language": "de-DE", "value": ""}, {"language": "en-US", "value": ""}]}, "module": "https://fhir.bbmri.de/StructureDefinition/CauseOfDeath", "url": "https://fhir.bbmri.de/StructureDefinition/CauseOfDeath", "leaf": true, "selectable": true}]}, {"id": "b873deb8-a5b2-44ce-a309-3480a34dd3de", "name": "https://fhir.bbmri.de/StructureDefinition/Collection", "display": {"original": "https://fhir.bbmri.de/StructureDefinition/Collection", "translations": [{"language": "de-DE", "value": "https://fhir.bbmri.de/StructureDefinition/Collection"}, {"language": "en-US", "value": "https://fhir.bbmri.de/StructureDefinition/Collection"}]}, "url": "https://fhir.bbmri.de/StructureDefinition/Collection", "module": "https://fhir.bbmri.de/StructureDefinition/Collection", "selectable": false, "leaf": false, "children": [{"id": "42e8ebe4-be35-4cc6-92d2-6e21d4b8b5ab", "name": "Collection", "display": {"original": "Collection", "translations": [{"language": "de-DE", "value": ""}, {"language": "en-US", "value": ""}]}, "module": "https://fhir.bbmri.de/StructureDefinition/Collection", "url": "https://fhir.bbmri.de/StructureDefinition/Collection", "leaf": true, "selectable": true}]}, {"id": "084fc665-db5f-484c-9b4f-f575f2041d46", "name": "https://fhir.bbmri.de/StructureDefinition/Condition", "display": {"original": "https://fhir.bbmri.de/StructureDefinition/Condition", "translations": [{"language": "de-DE", "value": "https://fhir.bbmri.de/StructureDefinition/Condition"}, {"language": "en-US", "value": "https://fhir.bbmri.de/StructureDefinition/Condition"}]}, "url": "https://fhir.bbmri.de/StructureDefinition/Condition", "module": "https://fhir.bbmri.de/StructureDefinition/Condition", "selectable": false, "leaf": false, "children": [{"id": "bae86365-5ae0-4237-9800-3ff4de1db3c7", "name": "Condition", "display": {"original": "Condition", "translations": [{"language": "de-DE", "value": ""}, {"language": "en-US", "value": ""}]}, "module": "https://fhir.bbmri.de/StructureDefinition/Condition", "url": "https://fhir.bbmri.de/StructureDefinition/Condition", "leaf": true, "selectable": true}]}, {"id": "143ddb68-2109-4371-9c1a-89df3b067bf5", "name": "https://fhir.bbmri.de/StructureDefinition/NetworkMembership", "display": {"original": "https://fhir.bbmri.de/StructureDefinition/NetworkMembership", "translations": [{"language": "de-DE", "value": "https://fhir.bbmri.de/StructureDefinition/NetworkMembership"}, {"language": "en-US", "value": "https://fhir.bbmri.de/StructureDefinition/NetworkMembership"}]}, "url": "https://fhir.bbmri.de/StructureDefinition/NetworkMembership", "module": "https://fhir.bbmri.de/StructureDefinition/NetworkMembership", "selectable": false, "leaf": false, "children": [{"id": "8b6bc22c-7509-496d-a827-527e71097d8d", "name": "NetworkMembership", "display": {"original": "Network Membership", "translations": [{"language": "de-DE", "value": ""}, {"language": "en-US", "value": ""}]}, "module": "https://fhir.bbmri.de/StructureDefinition/NetworkMembership", "url": "https://fhir.bbmri.de/StructureDefinition/NetworkMembership", "leaf": true, "selectable": true}]}, {"id": "342d8ede-e459-44f3-ab4c-3dc7a4a01eba", "name": "https://fhir.bbmri.de/StructureDefinition/Patient", "display": {"original": "https://fhir.bbmri.de/StructureDefinition/Patient", "translations": [{"language": "de-DE", "value": "https://fhir.bbmri.de/StructureDefinition/Patient"}, {"language": "en-US", "value": "https://fhir.bbmri.de/StructureDefinition/Patient"}]}, "url": "https://fhir.bbmri.de/StructureDefinition/Patient", "module": "https://fhir.bbmri.de/StructureDefinition/Patient", "selectable": false, "leaf": false, "children": [{"id": "ec3526ca-cbe5-49b4-870d-1ac17f4ce9b5", "name": "Patient", "display": {"original": "Patient", "translations": [{"language": "de-DE", "value": ""}, {"language": "en-US", "value": ""}]}, "module": "https://fhir.bbmri.de/StructureDefinition/Patient", "url": "https://fhir.bbmri.de/StructureDefinition/Patient", "leaf": true, "selectable": true}]}, {"id": "1b771c3e-7d78-4635-9b2d-0a5d02b3451d", "name": "https://fhir.bbmri.de/StructureDefinition/Specimen", "display": {"original": "https://fhir.bbmri.de/StructureDefinition/Specimen", "translations": [{"language": "de-DE", "value": "https://fhir.bbmri.de/StructureDefinition/Specimen"}, {"language": "en-US", "value": "https://fhir.bbmri.de/StructureDefinition/Specimen"}]}, "url": "https://fhir.bbmri.de/StructureDefinition/Specimen", "module": "https://fhir.bbmri.de/StructureDefinition/Specimen", "selectable": false, "leaf": false, "children": [{"id": "47b2b263-a1fa-4e76-a8a3-1ef6f031eab5", "name": "Specimen", "display": {"original": "Specimen", "translations": [{"language": "de-DE", "value": ""}, {"language": "en-US", "value": ""}]}, "module": "https://fhir.bbmri.de/StructureDefinition/Specimen", "url": "https://fhir.bbmri.de/StructureDefinition/Specimen", "leaf": true, "selectable": true}]}, {"id": "c3dba0e0-0393-4620-84b1-94d77cd7f4f1", "name": "https://fhir.bbmri.de/StructureDefinition/TobaccoUse", "display": {"original": "https://fhir.bbmri.de/StructureDefinition/TobaccoUse", "translations": [{"language": "de-DE", "value": "https://fhir.bbmri.de/StructureDefinition/TobaccoUse"}, {"language": "en-US", "value": "https://fhir.bbmri.de/StructureDefinition/TobaccoUse"}]}, "url": "https://fhir.bbmri.de/StructureDefinition/TobaccoUse", "module": "https://fhir.bbmri.de/StructureDefinition/TobaccoUse", "selectable": false, "leaf": false, "children": [{"id": "a1d27f68-4f43-4b97-b38c-2f1d8813b103", "name": "TobaccoUse", "display": {"original": "Tobacco Use", "translations": [{"language": "de-DE", "value": ""}, {"language": "en-US", "value": ""}]}, "module": "https://fhir.bbmri.de/StructureDefinition/TobaccoUse", "url": "https://fhir.bbmri.de/StructureDefinition/TobaccoUse", "leaf": true, "selectable": true}]}], "selectable": false}