[{"url": "http://snomed.info/sct", "name": "snomed"}, {"url": "http://fhir.de/CodeSystem/bfarm/icd-10-gm", "name": "icd10"}, {"url": "urn:oid:2.16.840.1.113883.3.1937.777.24.5.3", "name": "mii-consent"}, {"url": "http://loinc.org", "name": "loinc"}, {"url": "http://fhir.de/CodeSystem/bfarm/atc", "name": "atc"}, {"url": "http://fhir.de/CodeSystem/bfarm/ops", "name": "ops"}, {"url": "fdpg.mii.cds", "name": "mii-cds"}, {"url": "http://hl7.org/fhir/administrative-gender", "name": "administrative-gender"}, {"url": "urn:iso:std:iso:11073:10101", "name": "ISO11073"}, {"url": "http://fhir.de/CodeSystem/bfarm/alpha-id", "name": "alpha-id"}, {"url": "http://terminology.hl7.org/CodeSystem/icd-o-3", "name": "icd-o-3"}, {"url": "https://www.medizininformatik-initiative.de/fhir/core/modul-person/CodeSystem/Vitalstatus", "name": "Vitalstatus"}, {"url": "http://fhir.de/CodeSystem/Kontaktebene", "name": "Kontaktebene"}, {"url": "http://fhir.de/CodeSystem/kontaktart-de", "name": "kontaktart-de"}, {"url": "http://fhir.de/CodeSystem/dkgev/Fachabteilungsschluessel", "name": "Fachabteilungsschluessel"}, {"url": "http://terminology.hl7.org/CodeSystem/v3-ActCode", "name": "v3-ActCode"}, {"url": "http://dktk.dkfz.de/fhir/onco/core/CodeSystem/OPIntentionCS", "name": "OPIntentionCS"}, {"url": "http://dktk.dkfz.de/fhir/onco/core/CodeSystem/GradingCS", "name": "GradingCS"}, {"url": "http://dktk.dkfz.de/fhir/onco/core/CodeSystem/SYSTIntentionCS", "name": "SYSTIntentionCS"}, {"url": "http://dktk.dkfz.de/fhir/onco/core/CodeSystem/VerlaufTumorstatusFernmetastasenCS", "name": "VerlaufTumorstatusFernmetastasenCS"}, {"url": "http://dktk.dkfz.de/fhir/onco/core/CodeSystem/SYSTStellungOPCS", "name": "SYSTStellungOPCS"}, {"url": "http://dktk.dkfz.de/fhir/onco/core/CodeSystem/UiccstadiumCS", "name": "UiccstadiumCS"}, {"url": "http://dktk.dkfz.de/fhir/onco/core/CodeSystem/SeitenlokalisationCS", "name": "SeitenlokalisationCS"}, {"url": "http://dktk.dkfz.de/fhir/onco/core/CodeSystem/GesamtbeurteilungTumorstatusCS", "name": "GesamtbeurteilungTumorstatusCS"}, {"url": "urn:oid:2.16.840.1.113883.6.43.1", "name": "urn:oid:2.16.840.1.113883.6.43.1"}, {"url": "http://dktk.dkfz.de/fhir/onco/core/CodeSystem/VerlaufLokalerTumorstatusCS", "name": "VerlaufLokalerTumorstatusCS"}, {"url": "https://fhir.bbmri.de/CodeSystem/SampleMaterialType", "name": "SampleMaterialType"}, {"url": "http://dktk.dkfz.de/fhir/onco/core/CodeSystem/VitalstatusCS", "name": "VitalstatusCS"}, {"url": "https://standards.digital.health.nz/ns/sact-regimen-code", "name": "sact-regimen-code"}, {"url": "http://dktk.dkfz.de/fhir/onco/core/CodeSystem/VerlaufTumorstatusLymphknotenCS", "name": "VerlaufTumorstatusLymphknotenCS"}, {"url": "http://dktk.dkfz.de/fhir/onco/core/CodeSystem/JNUCS", "name": "JNUCS"}, {"url": "http://dktk.dkfz.de/fhir/onco/core/CodeSystem/GenetischeVarianteCS", "name": "GenetischeVarianteCS"}, {"url": "http://dktk.dkfz.de/fhir/onco/core/CodeSystem/TNMmSymbolCS", "name": "TNMmSymbolCS"}, {"url": "http://dktk.dkfz.de/fhir/onco/core/CodeSystem/TNMrSymbolCS", "name": "TNMrSymbolCS"}, {"url": "http://dktk.dkfz.de/fhir/onco/core/CodeSystem/TNMySymbolCS", "name": "TNMySymbolCS"}, {"url": "http://dktk.dkfz.de/fhir/onco/core/CodeSystem/TNMTCS", "name": "TNMTCS"}, {"url": "http://dktk.dkfz.de/fhir/onco/core/CodeSystem/TNMNCS", "name": "TNMNCS"}, {"url": "http://dktk.dkfz.de/fhir/onco/core/CodeSystem/TNMMCS", "name": "TNMMCS"}]