[{"url": "http://dktk.dkfz.de/fhir/onco/core/CodeSystem/UiccstadiumCS", "name": "UiccstadiumCS"}, {"url": "http://fhir.de/CodeSystem/bfarm/icd-10-gm", "name": "icd-10-gm"}, {"url": "http://dktk.dkfz.de/fhir/onco/core/CodeSystem/VitalstatusCS", "name": "VitalstatusCS"}, {"url": "http://dktk.dkfz.de/fhir/onco/core/CodeSystem/TNMySymbolCS", "name": "TNMySymbolCS"}, {"url": "http://dktk.dkfz.de/fhir/onco/core/CodeSystem/VerlaufLokalerTumorstatusCS", "name": "VerlaufLokalerTumorstatusCS"}, {"url": "https://fhir.bbmri.de/CodeSystem/SampleMaterialType", "name": "SampleMaterialType"}, {"url": "http://dktk.dkfz.de/fhir/onco/core/CodeSystem/VerlaufTumorstatusFernmetastasenCS", "name": "VerlaufTumorstatusFernmetastasenCS"}, {"url": "http://dktk.dkfz.de/fhir/onco/core/CodeSystem/TNMTCS", "name": "TNMTCS"}, {"url": "http://snomed.info/sct", "name": "sct"}, {"url": "http://dktk.dkfz.de/fhir/onco/core/CodeSystem/GesamtbeurteilungTumorstatusCS", "name": "GesamtbeurteilungTumorstatusCS"}, {"url": "http://hl7.org/fhir/administrative-gender", "name": "administrative-gender"}, {"url": "http://dktk.dkfz.de/fhir/onco/core/CodeSystem/TNMNCS", "name": "TNMNCS"}, {"url": "http://dktk.dkfz.de/fhir/onco/core/CodeSystem/JNUCS", "name": "JNUCS"}, {"url": "urn:oid:2.16.840.1.113883.6.43.1", "name": "urn:oid:2.16.840.1.113883.6.43.1"}, {"url": "http://dktk.dkfz.de/fhir/onco/core/CodeSystem/SYSTIntentionCS", "name": "SYSTIntentionCS"}, {"url": "http://dktk.dkfz.de/fhir/onco/core/CodeSystem/TNMMCS", "name": "TNMMCS"}, {"url": "http://dktk.dkfz.de/fhir/onco/core/CodeSystem/GradingCS", "name": "GradingCS"}, {"url": "http://dktk.dkfz.de/fhir/onco/core/CodeSystem/TNMmSymbolCS", "name": "TNMmSymbolCS"}, {"url": "http://dktk.dkfz.de/fhir/onco/core/CodeSystem/OPIntentionCS", "name": "OPIntentionCS"}, {"url": "http://dktk.dkfz.de/fhir/onco/core/CodeSystem/GenetischeVarianteCS", "name": "GenetischeVarianteCS"}, {"url": "https://standards.digital.health.nz/ns/sact-regimen-code", "name": "sact-regimen-code"}, {"url": "http://dktk.dkfz.de/fhir/onco/core/CodeSystem/SYSTStellungOPCS", "name": "SYSTStellungOPCS"}, {"url": "http://dktk.dkfz.de/fhir/onco/core/CodeSystem/VerlaufTumorstatusLymphknotenCS", "name": "VerlaufTumorstatusLymphknotenCS"}, {"url": "http://loinc.org", "name": "loinc.org"}, {"url": "http://dktk.dkfz.de/fhir/onco/core/CodeSystem/SeitenlokalisationCS", "name": "SeitenlokalisationCS"}, {"url": "http://dktk.dkfz.de/fhir/onco/core/CodeSystem/TNMrSymbolCS", "name": "TNMrSymbolCS"}]