{
    "children": [
        {
            "context": {
                "code": "AllergyIntolerance",
                "display": "AllergyIntolerance",
                "system": "fdpg.mii.synthea",
                "version": "1.0.0"
            },
            "display": "Allergy to substance (finding)",
            "id": "e60e2af4-1a47-fa29-8a7f-433d88cef895",
            "leaf": true,
            "selectable": true,
            "termCodes": [
                {
                    "code": "419199007",
                    "display": "Allergy to substance (finding)",
                    "system": "http://snomed.info/sct",
                    "version": "http://snomed.info/sct/900000000000207008/version/20230430"
                }
            ]
        },
        {
            "context": {
                "code": "AllergyIntolerance",
                "display": "AllergyIntolerance",
                "system": "fdpg.mii.synthea",
                "version": "1.0.0"
            },
            "display": "Animal dander (substance)",
            "id": "1633405d-0cca-015d-8fce-ad47736934ae",
            "leaf": true,
            "selectable": true,
            "termCodes": [
                {
                    "code": "264287008",
                    "display": "Animal dander (substance)",
                    "system": "http://snomed.info/sct",
                    "version": "http://snomed.info/sct/900000000000207008/version/20230430"
                }
            ]
        },
        {
            "context": {
                "code": "AllergyIntolerance",
                "display": "AllergyIntolerance",
                "system": "fdpg.mii.synthea",
                "version": "1.0.0"
            },
            "display": "Aspirin",
            "id": "3f0a74cf-99ae-2a58-3b11-1b90f88e88ea",
            "leaf": true,
            "selectable": true,
            "termCodes": [
                {
                    "code": "1191",
                    "display": "Aspirin",
                    "system": "http://www.nlm.nih.gov/research/umls/rxnorm",
                    "version": "0.0.1"
                }
            ]
        },
        {
            "context": {
                "code": "AllergyIntolerance",
                "display": "AllergyIntolerance",
                "system": "fdpg.mii.synthea",
                "version": "1.0.0"
            },
            "display": "Bee venom (substance)",
            "id": "a01c358c-6f5f-9043-35d7-95f220faaaa2",
            "leaf": true,
            "selectable": true,
            "termCodes": [
                {
                    "code": "288328004",
                    "display": "Bee venom (substance)",
                    "system": "http://snomed.info/sct",
                    "version": "http://snomed.info/sct/900000000000207008/version/20230430"
                }
            ]
        },
        {
            "context": {
                "code": "AllergyIntolerance",
                "display": "AllergyIntolerance",
                "system": "fdpg.mii.synthea",
                "version": "1.0.0"
            },
            "display": "benazepril",
            "id": "21edbd75-6884-1b55-d3f2-36d73e4d02de",
            "leaf": true,
            "selectable": true,
            "termCodes": [
                {
                    "code": "18867",
                    "display": "benazepril",
                    "system": "http://www.nlm.nih.gov/research/umls/rxnorm",
                    "version": "0.0.1"
                }
            ]
        },
        {
            "context": {
                "code": "AllergyIntolerance",
                "display": "AllergyIntolerance",
                "system": "fdpg.mii.synthea",
                "version": "1.0.0"
            },
            "display": "bupivacaine",
            "id": "3bc5cdd4-287f-c1c2-4879-73b07481c386",
            "leaf": true,
            "selectable": true,
            "termCodes": [
                {
                    "code": "1815",
                    "display": "bupivacaine",
                    "system": "http://www.nlm.nih.gov/research/umls/rxnorm",
                    "version": "0.0.1"
                }
            ]
        },
        {
            "context": {
                "code": "AllergyIntolerance",
                "display": "AllergyIntolerance",
                "system": "fdpg.mii.synthea",
                "version": "1.0.0"
            },
            "display": "Captopril",
            "id": "cfd9d269-6175-f3ee-2412-1d0cb800d6e8",
            "leaf": true,
            "selectable": true,
            "termCodes": [
                {
                    "code": "1998",
                    "display": "Captopril",
                    "system": "http://www.nlm.nih.gov/research/umls/rxnorm",
                    "version": "0.0.1"
                }
            ]
        },
        {
            "context": {
                "code": "AllergyIntolerance",
                "display": "AllergyIntolerance",
                "system": "fdpg.mii.synthea",
                "version": "1.0.0"
            },
            "display": "Cefaclor",
            "id": "4f8d51a9-ebfd-5e96-ca7a-09e8878afe2f",
            "leaf": true,
            "selectable": true,
            "termCodes": [
                {
                    "code": "2176",
                    "display": "Cefaclor",
                    "system": "http://www.nlm.nih.gov/research/umls/rxnorm",
                    "version": "0.0.1"
                }
            ]
        },
        {
            "context": {
                "code": "AllergyIntolerance",
                "display": "AllergyIntolerance",
                "system": "fdpg.mii.synthea",
                "version": "1.0.0"
            },
            "display": "Cefazolin",
            "id": "3bb8c323-7032-7652-b695-cd68a48d5cc6",
            "leaf": true,
            "selectable": true,
            "termCodes": [
                {
                    "code": "2180",
                    "display": "Cefazolin",
                    "system": "http://www.nlm.nih.gov/research/umls/rxnorm",
                    "version": "0.0.1"
                }
            ]
        },
        {
            "context": {
                "code": "AllergyIntolerance",
                "display": "AllergyIntolerance",
                "system": "fdpg.mii.synthea",
                "version": "1.0.0"
            },
            "display": "cefdinir",
            "id": "efc19859-19ff-dbce-86ba-2c3aaaae0c90",
            "leaf": true,
            "selectable": true,
            "termCodes": [
                {
                    "code": "25037",
                    "display": "cefdinir",
                    "system": "http://www.nlm.nih.gov/research/umls/rxnorm",
                    "version": "0.0.1"
                }
            ]
        },
        {
            "context": {
                "code": "AllergyIntolerance",
                "display": "AllergyIntolerance",
                "system": "fdpg.mii.synthea",
                "version": "1.0.0"
            },
            "display": "cefepime",
            "id": "52db0050-21a4-b5cc-1e45-5ebbfd4a4fb3",
            "leaf": true,
            "selectable": true,
            "termCodes": [
                {
                    "code": "20481",
                    "display": "cefepime",
                    "system": "http://www.nlm.nih.gov/research/umls/rxnorm",
                    "version": "0.0.1"
                }
            ]
        },
        {
            "context": {
                "code": "AllergyIntolerance",
                "display": "AllergyIntolerance",
                "system": "fdpg.mii.synthea",
                "version": "1.0.0"
            },
            "display": "Cefixime",
            "id": "db6b5a4c-ba89-3c51-4b73-6b30a41444c3",
            "leaf": true,
            "selectable": true,
            "termCodes": [
                {
                    "code": "25033",
                    "display": "Cefixime",
                    "system": "http://www.nlm.nih.gov/research/umls/rxnorm",
                    "version": "0.0.1"
                }
            ]
        },
        {
            "context": {
                "code": "AllergyIntolerance",
                "display": "AllergyIntolerance",
                "system": "fdpg.mii.synthea",
                "version": "1.0.0"
            },
            "display": "Cefoxitin",
            "id": "d46fe7a8-b6d3-c981-d1e8-1fd726cbd923",
            "leaf": true,
            "selectable": true,
            "termCodes": [
                {
                    "code": "2189",
                    "display": "Cefoxitin",
                    "system": "http://www.nlm.nih.gov/research/umls/rxnorm",
                    "version": "0.0.1"
                }
            ]
        },
        {
            "context": {
                "code": "AllergyIntolerance",
                "display": "AllergyIntolerance",
                "system": "fdpg.mii.synthea",
                "version": "1.0.0"
            },
            "display": "cefpodoxime",
            "id": "8aea872c-37d7-9b80-ab39-e06419e8d5a3",
            "leaf": true,
            "selectable": true,
            "termCodes": [
                {
                    "code": "20489",
                    "display": "cefpodoxime",
                    "system": "http://www.nlm.nih.gov/research/umls/rxnorm",
                    "version": "0.0.1"
                }
            ]
        },
        {
            "context": {
                "code": "AllergyIntolerance",
                "display": "AllergyIntolerance",
                "system": "fdpg.mii.synthea",
                "version": "1.0.0"
            },
            "display": "Ceftazidime",
            "id": "786d195c-0793-ea2a-cde2-d3a7fd05101b",
            "leaf": true,
            "selectable": true,
            "termCodes": [
                {
                    "code": "2191",
                    "display": "Ceftazidime",
                    "system": "http://www.nlm.nih.gov/research/umls/rxnorm",
                    "version": "0.0.1"
                }
            ]
        },
        {
            "context": {
                "code": "AllergyIntolerance",
                "display": "AllergyIntolerance",
                "system": "fdpg.mii.synthea",
                "version": "1.0.0"
            },
            "display": "Ceftriaxone",
            "id": "811316cc-e737-6d2b-6a56-fb714ebe8d60",
            "leaf": true,
            "selectable": true,
            "termCodes": [
                {
                    "code": "2193",
                    "display": "Ceftriaxone",
                    "system": "http://www.nlm.nih.gov/research/umls/rxnorm",
                    "version": "0.0.1"
                }
            ]
        },
        {
            "context": {
                "code": "AllergyIntolerance",
                "display": "AllergyIntolerance",
                "system": "fdpg.mii.synthea",
                "version": "1.0.0"
            },
            "display": "Cefuroxime",
            "id": "ce290961-055f-fcfd-cb6d-dbd9f1a96341",
            "leaf": true,
            "selectable": true,
            "termCodes": [
                {
                    "code": "2194",
                    "display": "Cefuroxime",
                    "system": "http://www.nlm.nih.gov/research/umls/rxnorm",
                    "version": "0.0.1"
                }
            ]
        },
        {
            "context": {
                "code": "AllergyIntolerance",
                "display": "AllergyIntolerance",
                "system": "fdpg.mii.synthea",
                "version": "1.0.0"
            },
            "display": "Cephalexin",
            "id": "34dbf197-fb52-26ca-a577-597eec32450c",
            "leaf": true,
            "selectable": true,
            "termCodes": [
                {
                    "code": "2231",
                    "display": "Cephalexin",
                    "system": "http://www.nlm.nih.gov/research/umls/rxnorm",
                    "version": "0.0.1"
                }
            ]
        },
        {
            "context": {
                "code": "AllergyIntolerance",
                "display": "AllergyIntolerance",
                "system": "fdpg.mii.synthea",
                "version": "1.0.0"
            },
            "display": "Cow's milk (substance)",
            "id": "699c6db0-b227-700a-0c72-f142a418dda9",
            "leaf": true,
            "selectable": true,
            "termCodes": [
                {
                    "code": "3718001",
                    "display": "Cow's milk (substance)",
                    "system": "http://snomed.info/sct",
                    "version": "http://snomed.info/sct/900000000000207008/version/20230430"
                }
            ]
        },
        {
            "context": {
                "code": "AllergyIntolerance",
                "display": "AllergyIntolerance",
                "system": "fdpg.mii.synthea",
                "version": "1.0.0"
            },
            "display": "Eggs (edible) (substance)",
            "id": "f27af6c7-a513-41aa-fd46-c5d2cff566b3",
            "leaf": true,
            "selectable": true,
            "termCodes": [
                {
                    "code": "102263004",
                    "display": "Eggs (edible) (substance)",
                    "system": "http://snomed.info/sct",
                    "version": "http://snomed.info/sct/900000000000207008/version/20230430"
                }
            ]
        },
        {
            "context": {
                "code": "AllergyIntolerance",
                "display": "AllergyIntolerance",
                "system": "fdpg.mii.synthea",
                "version": "1.0.0"
            },
            "display": "Enalapril",
            "id": "38074124-8c9f-85eb-4693-58f31d0b28b9",
            "leaf": true,
            "selectable": true,
            "termCodes": [
                {
                    "code": "3827",
                    "display": "Enalapril",
                    "system": "http://www.nlm.nih.gov/research/umls/rxnorm",
                    "version": "0.0.1"
                }
            ]
        },
        {
            "context": {
                "code": "AllergyIntolerance",
                "display": "AllergyIntolerance",
                "system": "fdpg.mii.synthea",
                "version": "1.0.0"
            },
            "display": "ethanol",
            "id": "5c784285-2a67-777f-5c14-16adc74614f0",
            "leaf": true,
            "selectable": true,
            "termCodes": [
                {
                    "code": "448",
                    "display": "ethanol",
                    "system": "http://www.nlm.nih.gov/research/umls/rxnorm",
                    "version": "0.0.1"
                }
            ]
        },
        {
            "context": {
                "code": "AllergyIntolerance",
                "display": "AllergyIntolerance",
                "system": "fdpg.mii.synthea",
                "version": "1.0.0"
            },
            "display": "fentanyl",
            "id": "79048d1e-08d6-5431-b02d-dcf5821c6b21",
            "leaf": true,
            "selectable": true,
            "termCodes": [
                {
                    "code": "4337",
                    "display": "fentanyl",
                    "system": "http://www.nlm.nih.gov/research/umls/rxnorm",
                    "version": "0.0.1"
                }
            ]
        },
        {
            "context": {
                "code": "AllergyIntolerance",
                "display": "AllergyIntolerance",
                "system": "fdpg.mii.synthea",
                "version": "1.0.0"
            },
            "display": "Fish (substance)",
            "id": "83e2904c-0199-ee8d-ca9a-a0e4bd08d3ec",
            "leaf": true,
            "selectable": true,
            "termCodes": [
                {
                    "code": "735971005",
                    "display": "Fish (substance)",
                    "system": "http://snomed.info/sct",
                    "version": "http://snomed.info/sct/900000000000207008/version/20230430"
                }
            ]
        },
        {
            "context": {
                "code": "AllergyIntolerance",
                "display": "AllergyIntolerance",
                "system": "fdpg.mii.synthea",
                "version": "1.0.0"
            },
            "display": "Grass pollen (substance)",
            "id": "010a2138-fc03-2d1a-929a-29842d2d0c21",
            "leaf": true,
            "selectable": true,
            "termCodes": [
                {
                    "code": "256277009",
                    "display": "Grass pollen (substance)",
                    "system": "http://snomed.info/sct",
                    "version": "http://snomed.info/sct/900000000000207008/version/20230430"
                }
            ]
        },
        {
            "context": {
                "code": "AllergyIntolerance",
                "display": "AllergyIntolerance",
                "system": "fdpg.mii.synthea",
                "version": "1.0.0"
            },
            "display": "House dust mite (organism)",
            "id": "b2feadd2-b729-9c1e-e01d-50e720798d70",
            "leaf": true,
            "selectable": true,
            "termCodes": [
                {
                    "code": "260147004",
                    "display": "House dust mite (organism)",
                    "system": "http://snomed.info/sct",
                    "version": "http://snomed.info/sct/900000000000207008/version/20230430"
                }
            ]
        },
        {
            "context": {
                "code": "AllergyIntolerance",
                "display": "AllergyIntolerance",
                "system": "fdpg.mii.synthea",
                "version": "1.0.0"
            },
            "display": "Ibuprofen",
            "id": "d372e745-c800-dc5d-cb3b-e9fcf3b880ff",
            "leaf": true,
            "selectable": true,
            "termCodes": [
                {
                    "code": "5640",
                    "display": "Ibuprofen",
                    "system": "http://www.nlm.nih.gov/research/umls/rxnorm",
                    "version": "0.0.1"
                }
            ]
        },
        {
            "context": {
                "code": "AllergyIntolerance",
                "display": "AllergyIntolerance",
                "system": "fdpg.mii.synthea",
                "version": "1.0.0"
            },
            "display": "isopropyl alcohol",
            "id": "a83c94d9-b758-9f38-6d57-de06eedfce16",
            "leaf": true,
            "selectable": true,
            "termCodes": [
                {
                    "code": "797541",
                    "display": "isopropyl alcohol",
                    "system": "http://www.nlm.nih.gov/research/umls/rxnorm",
                    "version": "0.0.1"
                }
            ]
        },
        {
            "context": {
                "code": "AllergyIntolerance",
                "display": "AllergyIntolerance",
                "system": "fdpg.mii.synthea",
                "version": "1.0.0"
            },
            "display": "Latex (substance)",
            "id": "2bc67d75-d68f-46a7-9025-8e609fd47b2d",
            "leaf": true,
            "selectable": true,
            "termCodes": [
                {
                    "code": "111088007",
                    "display": "Latex (substance)",
                    "system": "http://snomed.info/sct",
                    "version": "http://snomed.info/sct/900000000000207008/version/20230430"
                }
            ]
        },
        {
            "context": {
                "code": "AllergyIntolerance",
                "display": "AllergyIntolerance",
                "system": "fdpg.mii.synthea",
                "version": "1.0.0"
            },
            "display": "laureth-4",
            "id": "45fb37cd-b455-4110-b905-d4c2e170a91a",
            "leaf": true,
            "selectable": true,
            "termCodes": [
                {
                    "code": "393540",
                    "display": "laureth-4",
                    "system": "http://www.nlm.nih.gov/research/umls/rxnorm",
                    "version": "0.0.1"
                }
            ]
        },
        {
            "context": {
                "code": "AllergyIntolerance",
                "display": "AllergyIntolerance",
                "system": "fdpg.mii.synthea",
                "version": "1.0.0"
            },
            "display": "levofloxacin",
            "id": "07de316a-ad58-9fbb-628c-81062d89d7a4",
            "leaf": true,
            "selectable": true,
            "termCodes": [
                {
                    "code": "82122",
                    "display": "levofloxacin",
                    "system": "http://www.nlm.nih.gov/research/umls/rxnorm",
                    "version": "0.0.1"
                }
            ]
        },
        {
            "context": {
                "code": "AllergyIntolerance",
                "display": "AllergyIntolerance",
                "system": "fdpg.mii.synthea",
                "version": "1.0.0"
            },
            "display": "Lisinopril",
            "id": "90ed62cc-7d4f-9b8c-57fc-9959729a6408",
            "leaf": true,
            "selectable": true,
            "termCodes": [
                {
                    "code": "29046",
                    "display": "Lisinopril",
                    "system": "http://www.nlm.nih.gov/research/umls/rxnorm",
                    "version": "0.0.1"
                }
            ]
        },
        {
            "context": {
                "code": "AllergyIntolerance",
                "display": "AllergyIntolerance",
                "system": "fdpg.mii.synthea",
                "version": "1.0.0"
            },
            "display": "Mold (organism)",
            "id": "dbbfb4a2-91f5-5158-ae51-dbcd63798b77",
            "leaf": true,
            "selectable": true,
            "termCodes": [
                {
                    "code": "84489001",
                    "display": "Mold (organism)",
                    "system": "http://snomed.info/sct",
                    "version": "http://snomed.info/sct/900000000000207008/version/20230430"
                }
            ]
        },
        {
            "context": {
                "code": "AllergyIntolerance",
                "display": "AllergyIntolerance",
                "system": "fdpg.mii.synthea",
                "version": "1.0.0"
            },
            "display": "Peanut (substance)",
            "id": "494b5635-0bda-1979-44b2-83c3627315f2",
            "leaf": true,
            "selectable": true,
            "termCodes": [
                {
                    "code": "762952008",
                    "display": "Peanut (substance)",
                    "system": "http://snomed.info/sct",
                    "version": "http://snomed.info/sct/900000000000207008/version/20230430"
                }
            ]
        },
        {
            "context": {
                "code": "AllergyIntolerance",
                "display": "AllergyIntolerance",
                "system": "fdpg.mii.synthea",
                "version": "1.0.0"
            },
            "display": "Penicillin V",
            "id": "be85d8ed-a1f7-c0b3-7338-b469da331d76",
            "leaf": true,
            "selectable": true,
            "termCodes": [
                {
                    "code": "7984",
                    "display": "Penicillin V",
                    "system": "http://www.nlm.nih.gov/research/umls/rxnorm",
                    "version": "0.0.1"
                }
            ]
        },
        {
            "context": {
                "code": "AllergyIntolerance",
                "display": "AllergyIntolerance",
                "system": "fdpg.mii.synthea",
                "version": "1.0.0"
            },
            "display": "pexidartinib",
            "id": "e8824eb4-b2b9-8b97-32d8-98a877e23141",
            "leaf": true,
            "selectable": true,
            "termCodes": [
                {
                    "code": "2183102",
                    "display": "pexidartinib",
                    "system": "http://www.nlm.nih.gov/research/umls/rxnorm",
                    "version": "0.0.1"
                }
            ]
        },
        {
            "context": {
                "code": "AllergyIntolerance",
                "display": "AllergyIntolerance",
                "system": "fdpg.mii.synthea",
                "version": "1.0.0"
            },
            "display": "polyethylene glycols",
            "id": "166d58b2-3095-f351-dc8c-c433f44d406e",
            "leaf": true,
            "selectable": true,
            "termCodes": [
                {
                    "code": "8516",
                    "display": "polyethylene glycols",
                    "system": "http://www.nlm.nih.gov/research/umls/rxnorm",
                    "version": "0.0.1"
                }
            ]
        },
        {
            "context": {
                "code": "AllergyIntolerance",
                "display": "AllergyIntolerance",
                "system": "fdpg.mii.synthea",
                "version": "1.0.0"
            },
            "display": "propofol",
            "id": "7be089bb-dc3c-b8c4-7857-adc1eb3d8c5e",
            "leaf": true,
            "selectable": true,
            "termCodes": [
                {
                    "code": "8782",
                    "display": "propofol",
                    "system": "http://www.nlm.nih.gov/research/umls/rxnorm",
                    "version": "0.0.1"
                }
            ]
        },
        {
            "context": {
                "code": "AllergyIntolerance",
                "display": "AllergyIntolerance",
                "system": "fdpg.mii.synthea",
                "version": "1.0.0"
            },
            "display": "quinapril",
            "id": "6fe18266-a777-e13a-ee61-856659e1ade4",
            "leaf": true,
            "selectable": true,
            "termCodes": [
                {
                    "code": "35208",
                    "display": "quinapril",
                    "system": "http://www.nlm.nih.gov/research/umls/rxnorm",
                    "version": "0.0.1"
                }
            ]
        },
        {
            "context": {
                "code": "AllergyIntolerance",
                "display": "AllergyIntolerance",
                "system": "fdpg.mii.synthea",
                "version": "1.0.0"
            },
            "display": "Ramipril",
            "id": "f1881ca5-456f-0977-2fa4-fbe71dec6197",
            "leaf": true,
            "selectable": true,
            "termCodes": [
                {
                    "code": "35296",
                    "display": "Ramipril",
                    "system": "http://www.nlm.nih.gov/research/umls/rxnorm",
                    "version": "0.0.1"
                }
            ]
        },
        {
            "context": {
                "code": "AllergyIntolerance",
                "display": "AllergyIntolerance",
                "system": "fdpg.mii.synthea",
                "version": "1.0.0"
            },
            "display": "rocuronium",
            "id": "a05a53a5-6c24-785b-c5e8-286f2c5df4bb",
            "leaf": true,
            "selectable": true,
            "termCodes": [
                {
                    "code": "68139",
                    "display": "rocuronium",
                    "system": "http://www.nlm.nih.gov/research/umls/rxnorm",
                    "version": "0.0.1"
                }
            ]
        },
        {
            "context": {
                "code": "AllergyIntolerance",
                "display": "AllergyIntolerance",
                "system": "fdpg.mii.synthea",
                "version": "1.0.0"
            },
            "display": "sevoflurane",
            "id": "14b77bf1-ec28-6a60-124e-7f3c72632c88",
            "leaf": true,
            "selectable": true,
            "termCodes": [
                {
                    "code": "36453",
                    "display": "sevoflurane",
                    "system": "http://www.nlm.nih.gov/research/umls/rxnorm",
                    "version": "0.0.1"
                }
            ]
        },
        {
            "context": {
                "code": "AllergyIntolerance",
                "display": "AllergyIntolerance",
                "system": "fdpg.mii.synthea",
                "version": "1.0.0"
            },
            "display": "Shellfish (substance)",
            "id": "7444f22e-9c8b-72e7-a616-1de99ead0e1d",
            "leaf": true,
            "selectable": true,
            "termCodes": [
                {
                    "code": "735029006",
                    "display": "Shellfish (substance)",
                    "system": "http://snomed.info/sct",
                    "version": "http://snomed.info/sct/900000000000207008/version/20230430"
                }
            ]
        },
        {
            "context": {
                "code": "AllergyIntolerance",
                "display": "AllergyIntolerance",
                "system": "fdpg.mii.synthea",
                "version": "1.0.0"
            },
            "display": "Soy bean",
            "id": "ddba55fe-b0bf-7504-cc6d-23d63cc40c84",
            "leaf": true,
            "selectable": true,
            "termCodes": [
                {
                    "code": "256355007",
                    "display": "Soy bean",
                    "system": "http://snomed.info/sct",
                    "version": "http://snomed.info/sct/900000000000207008/version/20230430"
                }
            ]
        },
        {
            "context": {
                "code": "AllergyIntolerance",
                "display": "AllergyIntolerance",
                "system": "fdpg.mii.synthea",
                "version": "1.0.0"
            },
            "display": "Sulfamethoxazole / Trimethoprim",
            "id": "1bccb0be-f01a-1ff0-58a9-52003c9a56a6",
            "leaf": true,
            "selectable": true,
            "termCodes": [
                {
                    "code": "10831",
                    "display": "Sulfamethoxazole / Trimethoprim",
                    "system": "http://www.nlm.nih.gov/research/umls/rxnorm",
                    "version": "0.0.1"
                }
            ]
        },
        {
            "context": {
                "code": "AllergyIntolerance",
                "display": "AllergyIntolerance",
                "system": "fdpg.mii.synthea",
                "version": "1.0.0"
            },
            "display": "sulfanilylurea",
            "id": "f069a692-ab7c-2234-fb6d-7baa2448fd66",
            "leaf": true,
            "selectable": true,
            "termCodes": [
                {
                    "code": "37333",
                    "display": "sulfanilylurea",
                    "system": "http://www.nlm.nih.gov/research/umls/rxnorm",
                    "version": "0.0.1"
                }
            ]
        },
        {
            "context": {
                "code": "AllergyIntolerance",
                "display": "AllergyIntolerance",
                "system": "fdpg.mii.synthea",
                "version": "1.0.0"
            },
            "display": "sunitinib",
            "id": "75e96bff-a00e-1d14-be1f-f92b921adf07",
            "leaf": true,
            "selectable": true,
            "termCodes": [
                {
                    "code": "357977",
                    "display": "sunitinib",
                    "system": "http://www.nlm.nih.gov/research/umls/rxnorm",
                    "version": "0.0.1"
                }
            ]
        },
        {
            "context": {
                "code": "AllergyIntolerance",
                "display": "AllergyIntolerance",
                "system": "fdpg.mii.synthea",
                "version": "1.0.0"
            },
            "display": "tinidazole",
            "id": "f8b9ac78-e5de-4cd5-b75b-8de3b092d5ad",
            "leaf": true,
            "selectable": true,
            "termCodes": [
                {
                    "code": "10612",
                    "display": "tinidazole",
                    "system": "http://www.nlm.nih.gov/research/umls/rxnorm",
                    "version": "0.0.1"
                }
            ]
        },
        {
            "context": {
                "code": "AllergyIntolerance",
                "display": "AllergyIntolerance",
                "system": "fdpg.mii.synthea",
                "version": "1.0.0"
            },
            "display": "Tree nut (substance)",
            "id": "82b63486-6731-7e13-40b0-fb315a7d4630",
            "leaf": true,
            "selectable": true,
            "termCodes": [
                {
                    "code": "442571000124108",
                    "display": "Tree nut (substance)",
                    "system": "http://snomed.info/sct",
                    "version": "http://snomed.info/sct/900000000000207008/version/20230430"
                }
            ]
        },
        {
            "context": {
                "code": "AllergyIntolerance",
                "display": "AllergyIntolerance",
                "system": "fdpg.mii.synthea",
                "version": "1.0.0"
            },
            "display": "Tree pollen (substance)",
            "id": "15111bdb-9415-2520-a278-635435a4d6c6",
            "leaf": true,
            "selectable": true,
            "termCodes": [
                {
                    "code": "782576004",
                    "display": "Tree pollen (substance)",
                    "system": "http://snomed.info/sct",
                    "version": "http://snomed.info/sct/900000000000207008/version/20230430"
                }
            ]
        },
        {
            "context": {
                "code": "AllergyIntolerance",
                "display": "AllergyIntolerance",
                "system": "fdpg.mii.synthea",
                "version": "1.0.0"
            },
            "display": "Wheat (substance)",
            "id": "18d778ff-bf60-9e4d-a41d-13d085e1d036",
            "leaf": true,
            "selectable": true,
            "termCodes": [
                {
                    "code": "412071004",
                    "display": "Wheat (substance)",
                    "system": "http://snomed.info/sct",
                    "version": "http://snomed.info/sct/900000000000207008/version/20230430"
                }
            ]
        }
    ],
    "context": {
        "code": "AllergyIntolerance",
        "display": "AllergyIntolerance",
        "system": "fdpg.mii.synthea"
    },
    "display": "AllergyIntolerance",
    "id": "fcd85786-44bd-f046-bbbc-5b64ea4869f9",
    "leaf": false,
    "selectable": false,
    "termCodes": [
        {
            "code": "AllergyIntolerance",
            "display": "AllergyIntolerance",
            "system": "fdpg.mii.synthea"
        }
    ]
}