{
    "children": [
        {
            "context": {
                "code": "Specimen",
                "display": "Bioprobe",
                "system": "fdpg.mii.cds",
                "version": "1.0.0"
            },
            "display": "Amniotic fluid specimen",
            "id": "943e98e3-e962-18a4-8221-6e3eabf503fa",
            "leaf": true,
            "selectable": true,
            "termCodes": [
                {
                    "code": "119373006",
                    "display": "Amniotic fluid specimen",
                    "system": "http://snomed.info/sct",
                    "version": "http://snomed.info/sct/900000000000207008/version/20220930"
                }
            ]
        },
        {
            "context": {
                "code": "Specimen",
                "display": "Bioprobe",
                "system": "fdpg.mii.cds",
                "version": "1.0.0"
            },
            "display": "Ascitic fluid specimen",
            "id": "879cb743-87d8-ef91-d99f-ad1e15066285",
            "leaf": true,
            "selectable": true,
            "termCodes": [
                {
                    "code": "309201001",
                    "display": "Ascitic fluid specimen",
                    "system": "http://snomed.info/sct",
                    "version": "http://snomed.info/sct/900000000000207008/version/20220930"
                }
            ]
        },
        {
            "children": [
                {
                    "context": {
                        "code": "Specimen",
                        "display": "Bioprobe",
                        "system": "fdpg.mii.cds",
                        "version": "1.0.0"
                    },
                    "display": "Blood specimen submitted in heparinized collection tube",
                    "id": "64961f47-a4c5-2347-8376-6de4efcdd239",
                    "leaf": true,
                    "selectable": true,
                    "termCodes": [
                        {
                            "code": "446272009",
                            "display": "Blood specimen submitted in heparinized collection tube",
                            "system": "http://snomed.info/sct",
                            "version": "http://snomed.info/sct/900000000000207008/version/20220930"
                        }
                    ]
                },
                {
                    "children": [
                        {
                            "children": [
                                {
                                    "context": {
                                        "code": "Specimen",
                                        "display": "Bioprobe",
                                        "system": "fdpg.mii.cds",
                                        "version": "1.0.0"
                                    },
                                    "display": "Whole blood specimen with edetic acid",
                                    "id": "56e9ae40-2b8a-cb1d-f532-8c843566d5a9",
                                    "leaf": true,
                                    "selectable": true,
                                    "termCodes": [
                                        {
                                            "code": "57921000052103",
                                            "display": "Whole blood specimen with edetic acid",
                                            "system": "http://snomed.info/sct",
                                            "version": "http://snomed.info/sct/900000000000207008/version/20220930"
                                        }
                                    ]
                                }
                            ],
                            "context": {
                                "code": "Specimen",
                                "display": "Bioprobe",
                                "system": "fdpg.mii.cds",
                                "version": "1.0.0"
                            },
                            "display": "Blood specimen with EDTA",
                            "id": "655a7cc4-3983-a010-9b63-384b90bc4ff7",
                            "leaf": false,
                            "selectable": true,
                            "termCodes": [
                                {
                                    "code": "445295009",
                                    "display": "Blood specimen with EDTA",
                                    "system": "http://snomed.info/sct",
                                    "version": "http://snomed.info/sct/900000000000207008/version/20220930"
                                }
                            ]
                        }
                    ],
                    "context": {
                        "code": "Specimen",
                        "display": "Bioprobe",
                        "system": "fdpg.mii.cds",
                        "version": "1.0.0"
                    },
                    "display": "Blood specimen with anticoagulant",
                    "id": "0ccee407-b18d-38b5-c68b-d28afa53558e",
                    "leaf": false,
                    "selectable": true,
                    "termCodes": [
                        {
                            "code": "441510007",
                            "display": "Blood specimen with anticoagulant",
                            "system": "http://snomed.info/sct",
                            "version": "http://snomed.info/sct/900000000000207008/version/20220930"
                        }
                    ]
                },
                {
                    "context": {
                        "code": "Specimen",
                        "display": "Bioprobe",
                        "system": "fdpg.mii.cds",
                        "version": "1.0.0"
                    },
                    "display": "Cord blood specimen",
                    "id": "83ce820e-f97e-74f7-85f4-c5f681821941",
                    "leaf": true,
                    "selectable": true,
                    "termCodes": [
                        {
                            "code": "122556008",
                            "display": "Cord blood specimen",
                            "system": "http://snomed.info/sct",
                            "version": "http://snomed.info/sct/900000000000207008/version/20220930"
                        }
                    ]
                },
                {
                    "context": {
                        "code": "Specimen",
                        "display": "Bioprobe",
                        "system": "fdpg.mii.cds",
                        "version": "1.0.0"
                    },
                    "display": "Peripheral blood specimen",
                    "id": "1e8e49b3-fc94-a306-5721-e412becfd1cc",
                    "leaf": true,
                    "selectable": true,
                    "termCodes": [
                        {
                            "code": "122551003",
                            "display": "Peripheral blood specimen",
                            "system": "http://snomed.info/sct",
                            "version": "http://snomed.info/sct/900000000000207008/version/20220930"
                        }
                    ]
                },
                {
                    "children": [
                        {
                            "context": {
                                "code": "Specimen",
                                "display": "Bioprobe",
                                "system": "fdpg.mii.cds",
                                "version": "1.0.0"
                            },
                            "display": "Plasma specimen with citrate",
                            "id": "3bc2901a-4fc8-9b36-5cc6-9bda1f930d01",
                            "leaf": true,
                            "selectable": true,
                            "termCodes": [
                                {
                                    "code": "708048008",
                                    "display": "Plasma specimen with citrate",
                                    "system": "http://snomed.info/sct",
                                    "version": "http://snomed.info/sct/900000000000207008/version/20220930"
                                }
                            ]
                        },
                        {
                            "context": {
                                "code": "Specimen",
                                "display": "Bioprobe",
                                "system": "fdpg.mii.cds",
                                "version": "1.0.0"
                            },
                            "display": "Plasma specimen with ethylenediamine tetraacetic acid",
                            "id": "80734df9-21ae-3940-edef-aa6368b803b1",
                            "leaf": true,
                            "selectable": true,
                            "termCodes": [
                                {
                                    "code": "708049000",
                                    "display": "Plasma specimen with ethylenediamine tetraacetic acid",
                                    "system": "http://snomed.info/sct",
                                    "version": "http://snomed.info/sct/900000000000207008/version/20220930"
                                }
                            ]
                        },
                        {
                            "context": {
                                "code": "Specimen",
                                "display": "Bioprobe",
                                "system": "fdpg.mii.cds",
                                "version": "1.0.0"
                            },
                            "display": "Platelet poor plasma specimen",
                            "id": "857e0cef-e2f6-6abd-2407-e39833482384",
                            "leaf": true,
                            "selectable": true,
                            "termCodes": [
                                {
                                    "code": "119362004",
                                    "display": "Platelet poor plasma specimen",
                                    "system": "http://snomed.info/sct",
                                    "version": "http://snomed.info/sct/900000000000207008/version/20220930"
                                }
                            ]
                        }
                    ],
                    "context": {
                        "code": "Specimen",
                        "display": "Bioprobe",
                        "system": "fdpg.mii.cds",
                        "version": "1.0.0"
                    },
                    "display": "Plasma specimen",
                    "id": "eed5fd55-9db7-2962-34db-5d6e21c7b6a6",
                    "leaf": false,
                    "selectable": true,
                    "termCodes": [
                        {
                            "code": "119361006",
                            "display": "Plasma specimen",
                            "system": "http://snomed.info/sct",
                            "version": "http://snomed.info/sct/900000000000207008/version/20220930"
                        }
                    ]
                },
                {
                    "context": {
                        "code": "Specimen",
                        "display": "Bioprobe",
                        "system": "fdpg.mii.cds",
                        "version": "1.0.0"
                    },
                    "display": "Serum specimen",
                    "id": "9d85d712-a203-bd65-c712-c20cc04986be",
                    "leaf": true,
                    "selectable": true,
                    "termCodes": [
                        {
                            "code": "119364003",
                            "display": "Serum specimen",
                            "system": "http://snomed.info/sct",
                            "version": "http://snomed.info/sct/900000000000207008/version/20220930"
                        }
                    ]
                },
                {
                    "children": [
                        {
                            "context": {
                                "code": "Specimen",
                                "display": "Bioprobe",
                                "system": "fdpg.mii.cds",
                                "version": "1.0.0"
                            },
                            "display": "Whole blood specimen with edetic acid",
                            "id": "56e9ae40-2b8a-cb1d-f532-8c843566d5a9",
                            "leaf": true,
                            "selectable": true,
                            "termCodes": [
                                {
                                    "code": "57921000052103",
                                    "display": "Whole blood specimen with edetic acid",
                                    "system": "http://snomed.info/sct",
                                    "version": "http://snomed.info/sct/900000000000207008/version/20220930"
                                }
                            ]
                        }
                    ],
                    "context": {
                        "code": "Specimen",
                        "display": "Bioprobe",
                        "system": "fdpg.mii.cds",
                        "version": "1.0.0"
                    },
                    "display": "Whole blood specimen",
                    "id": "967b5c42-3623-7651-9388-c30f0f03e54b",
                    "leaf": false,
                    "selectable": true,
                    "termCodes": [
                        {
                            "code": "258580003",
                            "display": "Whole blood specimen",
                            "system": "http://snomed.info/sct",
                            "version": "http://snomed.info/sct/900000000000207008/version/20220930"
                        }
                    ]
                }
            ],
            "context": {
                "code": "Specimen",
                "display": "Bioprobe",
                "system": "fdpg.mii.cds",
                "version": "1.0.0"
            },
            "display": "Blood specimen",
            "id": "e58ce3be-b1bd-a816-cac6-7a5badb1a84e",
            "leaf": false,
            "selectable": true,
            "termCodes": [
                {
                    "code": "119297000",
                    "display": "Blood specimen",
                    "system": "http://snomed.info/sct",
                    "version": "http://snomed.info/sct/900000000000207008/version/20220930"
                }
            ]
        },
        {
            "children": [
                {
                    "context": {
                        "code": "Specimen",
                        "display": "Bioprobe",
                        "system": "fdpg.mii.cds",
                        "version": "1.0.0"
                    },
                    "display": "Specimen from bone marrow obtained by aspiration",
                    "id": "48add244-66d9-5676-b2d4-92745b3db13e",
                    "leaf": true,
                    "selectable": true,
                    "termCodes": [
                        {
                            "code": "396997002",
                            "display": "Specimen from bone marrow obtained by aspiration",
                            "system": "http://snomed.info/sct",
                            "version": "http://snomed.info/sct/900000000000207008/version/20220930"
                        }
                    ]
                }
            ],
            "context": {
                "code": "Specimen",
                "display": "Bioprobe",
                "system": "fdpg.mii.cds",
                "version": "1.0.0"
            },
            "display": "Bone marrow specimen",
            "id": "ae8de609-295e-1ac2-2189-b235f2f21ae3",
            "leaf": false,
            "selectable": true,
            "termCodes": [
                {
                    "code": "119359002",
                    "display": "Bone marrow specimen",
                    "system": "http://snomed.info/sct",
                    "version": "http://snomed.info/sct/900000000000207008/version/20220930"
                }
            ]
        },
        {
            "context": {
                "code": "Specimen",
                "display": "Bioprobe",
                "system": "fdpg.mii.cds",
                "version": "1.0.0"
            },
            "display": "Bronchoalveolar lavage fluid specimen",
            "id": "5dbeb6ac-937a-52df-0c2c-116aaa17f326",
            "leaf": true,
            "selectable": true,
            "termCodes": [
                {
                    "code": "258607008",
                    "display": "Bronchoalveolar lavage fluid specimen",
                    "system": "http://snomed.info/sct",
                    "version": "http://snomed.info/sct/900000000000207008/version/20220930"
                }
            ]
        },
        {
            "context": {
                "code": "Specimen",
                "display": "Bioprobe",
                "system": "fdpg.mii.cds",
                "version": "1.0.0"
            },
            "display": "Buffy coat",
            "id": "ee4cd989-4ddc-73ce-c3ba-159ac429e4c0",
            "leaf": true,
            "selectable": true,
            "termCodes": [
                {
                    "code": "258587000",
                    "display": "Buffy coat",
                    "system": "http://snomed.info/sct",
                    "version": "http://snomed.info/sct/900000000000207008/version/20220930"
                }
            ]
        },
        {
            "context": {
                "code": "Specimen",
                "display": "Bioprobe",
                "system": "fdpg.mii.cds",
                "version": "1.0.0"
            },
            "display": "Calculus specimen",
            "id": "5dcf1aef-885a-a863-69f7-005626fc1e54",
            "leaf": true,
            "selectable": true,
            "termCodes": [
                {
                    "code": "119350003",
                    "display": "Calculus specimen",
                    "system": "http://snomed.info/sct",
                    "version": "http://snomed.info/sct/900000000000207008/version/20220930"
                }
            ]
        },
        {
            "context": {
                "code": "Specimen",
                "display": "Bioprobe",
                "system": "fdpg.mii.cds",
                "version": "1.0.0"
            },
            "display": "Cell free DNA",
            "id": "1bd2d165-59a4-d654-76a4-f7049819a0a6",
            "leaf": true,
            "selectable": true,
            "termCodes": [
                {
                    "code": "726740008",
                    "display": "Cell free DNA",
                    "system": "http://snomed.info/sct",
                    "version": "http://snomed.info/sct/900000000000207008/version/20220930"
                }
            ]
        },
        {
            "context": {
                "code": "Specimen",
                "display": "Bioprobe",
                "system": "fdpg.mii.cds",
                "version": "1.0.0"
            },
            "display": "Cellular component of blood",
            "id": "8fe8f3ec-7b61-f107-5a96-a723d8fc7383",
            "leaf": true,
            "selectable": true,
            "termCodes": [
                {
                    "code": "419333002",
                    "display": "Cellular component of blood",
                    "system": "http://snomed.info/sct",
                    "version": "http://snomed.info/sct/900000000000207008/version/20220930"
                }
            ]
        },
        {
            "context": {
                "code": "Specimen",
                "display": "Bioprobe",
                "system": "fdpg.mii.cds",
                "version": "1.0.0"
            },
            "display": "Deoxyribonucleic acid specimen",
            "id": "8188cd0b-d707-da84-4f8a-c6d9bea90915",
            "leaf": true,
            "selectable": true,
            "termCodes": [
                {
                    "code": "258566005",
                    "display": "Deoxyribonucleic acid specimen",
                    "system": "http://snomed.info/sct",
                    "version": "http://snomed.info/sct/900000000000207008/version/20220930"
                }
            ]
        },
        {
            "context": {
                "code": "Specimen",
                "display": "Bioprobe",
                "system": "fdpg.mii.cds",
                "version": "1.0.0"
            },
            "display": "Erythrocyte specimen",
            "id": "74a2d29e-2d22-f5bc-a30e-dfe2d3301bf8",
            "leaf": true,
            "selectable": true,
            "termCodes": [
                {
                    "code": "119351004",
                    "display": "Erythrocyte specimen",
                    "system": "http://snomed.info/sct",
                    "version": "http://snomed.info/sct/900000000000207008/version/20220930"
                }
            ]
        },
        {
            "context": {
                "code": "Specimen",
                "display": "Bioprobe",
                "system": "fdpg.mii.cds",
                "version": "1.0.0"
            },
            "display": "Hair specimen",
            "id": "0262fa63-40e2-914d-3454-9c02e706c8e4",
            "leaf": true,
            "selectable": true,
            "termCodes": [
                {
                    "code": "119326000",
                    "display": "Hair specimen",
                    "system": "http://snomed.info/sct",
                    "version": "http://snomed.info/sct/900000000000207008/version/20220930"
                }
            ]
        },
        {
            "context": {
                "code": "Specimen",
                "display": "Bioprobe",
                "system": "fdpg.mii.cds",
                "version": "1.0.0"
            },
            "display": "Nasal smear specimen",
            "id": "ed2e33b9-8f47-1871-0234-ecc35548d0b1",
            "leaf": true,
            "selectable": true,
            "termCodes": [
                {
                    "code": "447339001",
                    "display": "Nasal smear specimen",
                    "system": "http://snomed.info/sct",
                    "version": "http://snomed.info/sct/900000000000207008/version/20220930"
                }
            ]
        },
        {
            "context": {
                "code": "Specimen",
                "display": "Bioprobe",
                "system": "fdpg.mii.cds",
                "version": "1.0.0"
            },
            "display": "Peripheral blood mononuclear cell",
            "id": "6c0a8129-069d-90aa-f0da-9f09daa0816a",
            "leaf": true,
            "selectable": true,
            "termCodes": [
                {
                    "code": "404798000",
                    "display": "Peripheral blood mononuclear cell",
                    "system": "http://snomed.info/sct",
                    "version": "http://snomed.info/sct/900000000000207008/version/20220930"
                }
            ]
        },
        {
            "context": {
                "code": "Specimen",
                "display": "Bioprobe",
                "system": "fdpg.mii.cds",
                "version": "1.0.0"
            },
            "display": "Pharyngeal washings",
            "id": "00441ae1-d6b4-608a-4de9-3e586d1a4a38",
            "leaf": true,
            "selectable": true,
            "termCodes": [
                {
                    "code": "258469001",
                    "display": "Pharyngeal washings",
                    "system": "http://snomed.info/sct",
                    "version": "http://snomed.info/sct/900000000000207008/version/20220930"
                }
            ]
        },
        {
            "context": {
                "code": "Specimen",
                "display": "Bioprobe",
                "system": "fdpg.mii.cds",
                "version": "1.0.0"
            },
            "display": "Ribonucleic acid specimen",
            "id": "86049059-e5cb-9769-5af3-8e314cc2792f",
            "leaf": true,
            "selectable": true,
            "termCodes": [
                {
                    "code": "441673008",
                    "display": "Ribonucleic acid specimen",
                    "system": "http://snomed.info/sct",
                    "version": "http://snomed.info/sct/900000000000207008/version/20220930"
                }
            ]
        },
        {
            "context": {
                "code": "Specimen",
                "display": "Bioprobe",
                "system": "fdpg.mii.cds",
                "version": "1.0.0"
            },
            "display": "Saliva specimen",
            "id": "f9ff2eb7-1454-ea3b-bcce-39c8545a4c5d",
            "leaf": true,
            "selectable": true,
            "termCodes": [
                {
                    "code": "119342007",
                    "display": "Saliva specimen",
                    "system": "http://snomed.info/sct",
                    "version": "http://snomed.info/sct/900000000000207008/version/20220930"
                }
            ]
        },
        {
            "context": {
                "code": "Specimen",
                "display": "Bioprobe",
                "system": "fdpg.mii.cds",
                "version": "1.0.0"
            },
            "display": "Skin fibroblast specimen",
            "id": "c80dfadc-7e16-a527-0420-e94bf58f310f",
            "leaf": true,
            "selectable": true,
            "termCodes": [
                {
                    "code": "258569003",
                    "display": "Skin fibroblast specimen",
                    "system": "http://snomed.info/sct",
                    "version": "http://snomed.info/sct/900000000000207008/version/20220930"
                }
            ]
        },
        {
            "children": [
                {
                    "context": {
                        "code": "Specimen",
                        "display": "Bioprobe",
                        "system": "fdpg.mii.cds",
                        "version": "1.0.0"
                    },
                    "display": "Expressed breast milk specimen",
                    "id": "fcf6c7cc-f596-df78-7962-bd1cf44076f9",
                    "leaf": true,
                    "selectable": true,
                    "termCodes": [
                        {
                            "code": "446676001",
                            "display": "Expressed breast milk specimen",
                            "system": "http://snomed.info/sct",
                            "version": "http://snomed.info/sct/900000000000207008/version/20220930"
                        }
                    ]
                },
                {
                    "context": {
                        "code": "Specimen",
                        "display": "Bioprobe",
                        "system": "fdpg.mii.cds",
                        "version": "1.0.0"
                    },
                    "display": "Tissue specimen from breast",
                    "id": "e34f7a78-2825-5640-83b7-7779bcbbf0d0",
                    "leaf": true,
                    "selectable": true,
                    "termCodes": [
                        {
                            "code": "127457009",
                            "display": "Tissue specimen from breast",
                            "system": "http://snomed.info/sct",
                            "version": "http://snomed.info/sct/900000000000207008/version/20220930"
                        }
                    ]
                }
            ],
            "context": {
                "code": "Specimen",
                "display": "Bioprobe",
                "system": "fdpg.mii.cds",
                "version": "1.0.0"
            },
            "display": "Specimen from breast",
            "id": "e15369d4-fee8-7146-57a5-765f9310c508",
            "leaf": false,
            "selectable": true,
            "termCodes": [
                {
                    "code": "127456000",
                    "display": "Specimen from breast",
                    "system": "http://snomed.info/sct",
                    "version": "http://snomed.info/sct/900000000000207008/version/20220930"
                }
            ]
        },
        {
            "children": [
                {
                    "context": {
                        "code": "Specimen",
                        "display": "Bioprobe",
                        "system": "fdpg.mii.cds",
                        "version": "1.0.0"
                    },
                    "display": "Cerebrospinal fluid specimen",
                    "id": "b937d4d9-923d-62d9-932d-dd63aa5aa2e8",
                    "leaf": true,
                    "selectable": true,
                    "termCodes": [
                        {
                            "code": "258450006",
                            "display": "Cerebrospinal fluid specimen",
                            "system": "http://snomed.info/sct",
                            "version": "http://snomed.info/sct/900000000000207008/version/20220930"
                        }
                    ]
                },
                {
                    "context": {
                        "code": "Specimen",
                        "display": "Bioprobe",
                        "system": "fdpg.mii.cds",
                        "version": "1.0.0"
                    },
                    "display": "Specimen from brain",
                    "id": "6759c105-348d-8434-7639-267bee081884",
                    "leaf": true,
                    "selectable": true,
                    "termCodes": [
                        {
                            "code": "119398007",
                            "display": "Specimen from brain",
                            "system": "http://snomed.info/sct",
                            "version": "http://snomed.info/sct/900000000000207008/version/20220930"
                        }
                    ]
                }
            ],
            "context": {
                "code": "Specimen",
                "display": "Bioprobe",
                "system": "fdpg.mii.cds",
                "version": "1.0.0"
            },
            "display": "Specimen from nervous system",
            "id": "5d105fff-b2b6-ab00-11b3-8bc90d5d7f9e",
            "leaf": false,
            "selectable": true,
            "termCodes": [
                {
                    "code": "608852006",
                    "display": "Specimen from nervous system",
                    "system": "http://snomed.info/sct",
                    "version": "http://snomed.info/sct/900000000000207008/version/20220930"
                }
            ]
        },
        {
            "context": {
                "code": "Specimen",
                "display": "Bioprobe",
                "system": "fdpg.mii.cds",
                "version": "1.0.0"
            },
            "display": "Specimen from prostate",
            "id": "53ba428f-8229-8f36-d54a-29573f05d63c",
            "leaf": true,
            "selectable": true,
            "termCodes": [
                {
                    "code": "119386002",
                    "display": "Specimen from prostate",
                    "system": "http://snomed.info/sct",
                    "version": "http://snomed.info/sct/900000000000207008/version/20220930"
                }
            ]
        },
        {
            "context": {
                "code": "Specimen",
                "display": "Bioprobe",
                "system": "fdpg.mii.cds",
                "version": "1.0.0"
            },
            "display": "Sputum specimen",
            "id": "261a416d-4ffe-975e-567c-176133bee0cb",
            "leaf": true,
            "selectable": true,
            "termCodes": [
                {
                    "code": "119334006",
                    "display": "Sputum specimen",
                    "system": "http://snomed.info/sct",
                    "version": "http://snomed.info/sct/900000000000207008/version/20220930"
                }
            ]
        },
        {
            "context": {
                "code": "Specimen",
                "display": "Bioprobe",
                "system": "fdpg.mii.cds",
                "version": "1.0.0"
            },
            "display": "Stem cell specimen",
            "id": "16885bf7-d442-4f1b-1910-cb76392d332a",
            "leaf": true,
            "selectable": true,
            "termCodes": [
                {
                    "code": "57731000052104",
                    "display": "Stem cell specimen",
                    "system": "http://snomed.info/sct",
                    "version": "http://snomed.info/sct/900000000000207008/version/20220930"
                }
            ]
        },
        {
            "context": {
                "code": "Specimen",
                "display": "Bioprobe",
                "system": "fdpg.mii.cds",
                "version": "1.0.0"
            },
            "display": "Stool specimen",
            "id": "29616f3b-61cb-0dcd-1b56-46d773b495b5",
            "leaf": true,
            "selectable": true,
            "termCodes": [
                {
                    "code": "119339001",
                    "display": "Stool specimen",
                    "system": "http://snomed.info/sct",
                    "version": "http://snomed.info/sct/900000000000207008/version/20220930"
                }
            ]
        },
        {
            "context": {
                "code": "Specimen",
                "display": "Bioprobe",
                "system": "fdpg.mii.cds",
                "version": "1.0.0"
            },
            "display": "Synovial fluid specimen",
            "id": "d4c2a916-b86d-086a-f929-5c16c93e9480",
            "leaf": true,
            "selectable": true,
            "termCodes": [
                {
                    "code": "119332005",
                    "display": "Synovial fluid specimen",
                    "system": "http://snomed.info/sct",
                    "version": "http://snomed.info/sct/900000000000207008/version/20220930"
                }
            ]
        },
        {
            "children": [
                {
                    "context": {
                        "code": "Specimen",
                        "display": "Bioprobe",
                        "system": "fdpg.mii.cds",
                        "version": "1.0.0"
                    },
                    "display": "Bone tissue specimen",
                    "id": "329943b5-3cf4-4152-97ee-32ea9af6d646",
                    "leaf": true,
                    "selectable": true,
                    "termCodes": [
                        {
                            "code": "258417006",
                            "display": "Bone tissue specimen",
                            "system": "http://snomed.info/sct",
                            "version": "http://snomed.info/sct/900000000000207008/version/20220930"
                        }
                    ]
                },
                {
                    "context": {
                        "code": "Specimen",
                        "display": "Bioprobe",
                        "system": "fdpg.mii.cds",
                        "version": "1.0.0"
                    },
                    "display": "Formalin-fixed paraffin-embedded tissue specimen",
                    "id": "b5fca8b2-b95d-25fa-0763-c1f911d22ceb",
                    "leaf": true,
                    "selectable": true,
                    "termCodes": [
                        {
                            "code": "441652008",
                            "display": "Formalin-fixed paraffin-embedded tissue specimen",
                            "system": "http://snomed.info/sct",
                            "version": "http://snomed.info/sct/900000000000207008/version/20220930"
                        }
                    ]
                },
                {
                    "context": {
                        "code": "Specimen",
                        "display": "Bioprobe",
                        "system": "fdpg.mii.cds",
                        "version": "1.0.0"
                    },
                    "display": "Fresh tissue specimen",
                    "id": "57e362f9-73d5-bf70-1e9e-1f39a652e8d4",
                    "leaf": true,
                    "selectable": true,
                    "termCodes": [
                        {
                            "code": "441479001",
                            "display": "Fresh tissue specimen",
                            "system": "http://snomed.info/sct",
                            "version": "http://snomed.info/sct/900000000000207008/version/20220930"
                        }
                    ]
                },
                {
                    "context": {
                        "code": "Specimen",
                        "display": "Bioprobe",
                        "system": "fdpg.mii.cds",
                        "version": "1.0.0"
                    },
                    "display": "Frozen tissue section specimen",
                    "id": "60404ef3-59a1-9259-8bea-67c8443c654e",
                    "leaf": true,
                    "selectable": true,
                    "termCodes": [
                        {
                            "code": "16214131000119104",
                            "display": "Frozen tissue section specimen",
                            "system": "http://snomed.info/sct",
                            "version": "http://snomed.info/sct/900000000000207008/version/20220930"
                        }
                    ]
                },
                {
                    "context": {
                        "code": "Specimen",
                        "display": "Bioprobe",
                        "system": "fdpg.mii.cds",
                        "version": "1.0.0"
                    },
                    "display": "Oral tissue specimen",
                    "id": "805083fa-2909-f666-4734-8fa40a1adffa",
                    "leaf": true,
                    "selectable": true,
                    "termCodes": [
                        {
                            "code": "309186001",
                            "display": "Oral tissue specimen",
                            "system": "http://snomed.info/sct",
                            "version": "http://snomed.info/sct/900000000000207008/version/20220930"
                        }
                    ]
                },
                {
                    "children": [
                        {
                            "context": {
                                "code": "Specimen",
                                "display": "Bioprobe",
                                "system": "fdpg.mii.cds",
                                "version": "1.0.0"
                            },
                            "display": "Tissue specimen from skin",
                            "id": "90ea60d2-426d-86a2-36e9-73de05df0b2a",
                            "leaf": true,
                            "selectable": true,
                            "termCodes": [
                                {
                                    "code": "119325001",
                                    "display": "Tissue specimen from skin",
                                    "system": "http://snomed.info/sct",
                                    "version": "http://snomed.info/sct/900000000000207008/version/20220930"
                                }
                            ]
                        }
                    ],
                    "context": {
                        "code": "Specimen",
                        "display": "Bioprobe",
                        "system": "fdpg.mii.cds",
                        "version": "1.0.0"
                    },
                    "display": "Soft tissue specimen",
                    "id": "0f0bd36c-1f4e-7281-034a-19876f1fb121",
                    "leaf": false,
                    "selectable": true,
                    "termCodes": [
                        {
                            "code": "309072003",
                            "display": "Soft tissue specimen",
                            "system": "http://snomed.info/sct",
                            "version": "http://snomed.info/sct/900000000000207008/version/20220930"
                        }
                    ]
                },
                {
                    "context": {
                        "code": "Specimen",
                        "display": "Bioprobe",
                        "system": "fdpg.mii.cds",
                        "version": "1.0.0"
                    },
                    "display": "Tissue specimen from breast",
                    "id": "e34f7a78-2825-5640-83b7-7779bcbbf0d0",
                    "leaf": true,
                    "selectable": true,
                    "termCodes": [
                        {
                            "code": "127457009",
                            "display": "Tissue specimen from breast",
                            "system": "http://snomed.info/sct",
                            "version": "http://snomed.info/sct/900000000000207008/version/20220930"
                        }
                    ]
                },
                {
                    "context": {
                        "code": "Specimen",
                        "display": "Bioprobe",
                        "system": "fdpg.mii.cds",
                        "version": "1.0.0"
                    },
                    "display": "Tumor tissue specimen",
                    "id": "34dcc468-b93d-6542-e99b-aee6bff88e2d",
                    "leaf": true,
                    "selectable": true,
                    "termCodes": [
                        {
                            "code": "258435002",
                            "display": "Tumor tissue specimen",
                            "system": "http://snomed.info/sct",
                            "version": "http://snomed.info/sct/900000000000207008/version/20220930"
                        }
                    ]
                }
            ],
            "context": {
                "code": "Specimen",
                "display": "Bioprobe",
                "system": "fdpg.mii.cds",
                "version": "1.0.0"
            },
            "display": "Tissue specimen",
            "id": "94e26df4-6957-8e1c-baf0-b649c34e2497",
            "leaf": false,
            "selectable": true,
            "termCodes": [
                {
                    "code": "119376003",
                    "display": "Tissue specimen",
                    "system": "http://snomed.info/sct",
                    "version": "http://snomed.info/sct/900000000000207008/version/20220930"
                }
            ]
        },
        {
            "context": {
                "code": "Specimen",
                "display": "Bioprobe",
                "system": "fdpg.mii.cds",
                "version": "1.0.0"
            },
            "display": "Urine sediment specimen",
            "id": "7b51f1a1-ceb4-6162-0f77-e94f3f5115e1",
            "leaf": true,
            "selectable": true,
            "termCodes": [
                {
                    "code": "122567009",
                    "display": "Urine sediment specimen",
                    "system": "http://snomed.info/sct",
                    "version": "http://snomed.info/sct/900000000000207008/version/20220930"
                }
            ]
        },
        {
            "children": [
                {
                    "context": {
                        "code": "Specimen",
                        "display": "Bioprobe",
                        "system": "fdpg.mii.cds",
                        "version": "1.0.0"
                    },
                    "display": "24 hour urine specimen",
                    "id": "d6bd7a79-b1a1-eeee-daa9-e2516b159c10",
                    "leaf": true,
                    "selectable": true,
                    "termCodes": [
                        {
                            "code": "276833005",
                            "display": "24 hour urine specimen",
                            "system": "http://snomed.info/sct",
                            "version": "http://snomed.info/sct/900000000000207008/version/20220930"
                        }
                    ]
                },
                {
                    "context": {
                        "code": "Specimen",
                        "display": "Bioprobe",
                        "system": "fdpg.mii.cds",
                        "version": "1.0.0"
                    },
                    "display": "Spot urine specimen",
                    "id": "2e4d78ce-adff-1afa-6cf8-f90e6a3c2e0e",
                    "leaf": true,
                    "selectable": true,
                    "termCodes": [
                        {
                            "code": "278020009",
                            "display": "Spot urine specimen",
                            "system": "http://snomed.info/sct",
                            "version": "http://snomed.info/sct/900000000000207008/version/20220930"
                        }
                    ]
                }
            ],
            "context": {
                "code": "Specimen",
                "display": "Bioprobe",
                "system": "fdpg.mii.cds",
                "version": "1.0.0"
            },
            "display": "Urine specimen",
            "id": "93001ebb-6c6f-4d22-15eb-0e38890e0c60",
            "leaf": false,
            "selectable": true,
            "termCodes": [
                {
                    "code": "122575003",
                    "display": "Urine specimen",
                    "system": "http://snomed.info/sct",
                    "version": "http://snomed.info/sct/900000000000207008/version/20220930"
                }
            ]
        },
        {
            "context": {
                "code": "Specimen",
                "display": "Bioprobe",
                "system": "fdpg.mii.cds",
                "version": "1.0.0"
            },
            "display": "Whole blood",
            "id": "41ccd2f4-7ffe-0a0c-514a-4bd55e96972c",
            "leaf": true,
            "selectable": true,
            "termCodes": [
                {
                    "code": "420135007",
                    "display": "Whole blood",
                    "system": "http://snomed.info/sct",
                    "version": "http://snomed.info/sct/900000000000207008/version/20220930"
                }
            ]
        }
    ],
    "context": {
        "code": "Bioprobe",
        "display": "Bioprobe",
        "system": "fdpg.mii.cds"
    },
    "display": "Bioprobe",
    "id": "62c4fa67-2aa0-b04e-568c-98d82ad2e6bf",
    "leaf": false,
    "selectable": false,
    "termCodes": [
        {
            "code": "Bioprobe",
            "display": "Bioprobe",
            "system": "fdpg.mii.cds"
        }
    ]
}