{
    "children": [
        {
            "context": {
                "code": "Patient",
                "display": "Patient",
                "system": "fdpg.mii.synthea",
                "version": "1.0.0"
            },
            "display": "Geschlecht",
            "id": "8d002eed-107a-c4f5-308e-44b8b710244c",
            "leaf": true,
            "selectable": true,
            "termCodes": [
                {
                    "code": "263495000",
                    "display": "Geschlecht",
                    "system": "http://snomed.info/sct"
                }
            ]
        },
        {
            "context": {
                "code": "Patient",
                "display": "Patient",
                "system": "fdpg.mii.cds",
                "version": "1.0.0"
            },
            "display": "Gegenw\u00c3\u00a4rtiges chronologisches Alter",
            "id": "94a601a8-4ae2-e188-1ee2-0558a1505fb5",
            "leaf": true,
            "selectable": true,
            "termCodes": [
                {
                    "code": "424144002",
                    "display": "Gegenw\u00c3\u00a4rtiges chronologisches Alter",
                    "system": "http://snomed.info/sct"
                }
            ]
        }
    ],
    "context": {
        "code": "Person",
        "display": "Person",
        "system": "fdpg.mii.synthea"
    },
    "display": "Person",
    "id": "ffd6ab0e-9b77-d8fd-53d1-099a610c6dac",
    "leaf": false,
    "selectable": false,
    "termCodes": [
        {
            "code": "Person",
            "display": "Person",
            "system": "fdpg.mii.synthea"
        }
    ]
}