{"index": {"_index": "codeable_concept", "_id": "1af2e736-ec9c-336c-bdc8-cfe7f1798ecc"}}
{"termcode": {"code": "26763009", "display": "Controlled ventilation procedure and therapy, initiation and management (procedure)", "system": "http://snomed.info/sct", "version": 2099}, "valuesets": ["https://www.medizininformatik-initiative.de/fhir/ext/modul-icu/ValueSet/MII-Code-Procedure-Beatmung-SNOMED"]}
{"index": {"_index": "codeable_concept", "_id": "369899ef-27ee-3c81-89b0-bffabe8abfba"}}
{"termcode": {"code": "243147009", "display": "Controlled ventilation (procedure)", "system": "http://snomed.info/sct", "version": 2099}, "valuesets": ["https://www.medizininformatik-initiative.de/fhir/ext/modul-icu/ValueSet/MII-Code-Procedure-Beatmung-SNOMED"]}
{"index": {"_index": "codeable_concept", "_id": "8e34618b-5d1b-3c6a-8501-2fc0a195fbf8"}}
{"termcode": {"code": "243141005", "display": "Mechanically assisted spontaneous ventilation (procedure)", "system": "http://snomed.info/sct", "version": 2099}, "valuesets": ["https://www.medizininformatik-initiative.de/fhir/ext/modul-icu/ValueSet/MII-Code-Procedure-Beatmung-SNOMED"]}
{"index": {"_index": "codeable_concept", "_id": "20c90955-5b87-3e39-b3a8-7e3417142530"}}
{"termcode": {"code": "11140008", "display": "Respiratory assist, manual (procedure)", "system": "http://snomed.info/sct", "version": 2099}, "valuesets": ["https://www.medizininformatik-initiative.de/fhir/ext/modul-icu/ValueSet/MII-Code-Procedure-Beatmung-SNOMED"]}
{"index": {"_index": "codeable_concept", "_id": "9e1bf52f-f4a7-3525-b4fc-107c66e9ea82"}}
{"termcode": {"code": "428311008", "display": "Noninvasive ventilation (procedure)", "system": "http://snomed.info/sct", "version": 2099}, "valuesets": ["https://www.medizininformatik-initiative.de/fhir/ext/modul-icu/ValueSet/MII-Code-Procedure-Beatmung-SNOMED"]}
{"index": {"_index": "codeable_concept", "_id": "c7a31c60-c01c-3b8e-8f31-be141472d4e2"}}
{"termcode": {"code": "243160003", "display": "Control of end expiratory pressure (procedure)", "system": "http://snomed.info/sct", "version": 2099}, "valuesets": ["https://www.medizininformatik-initiative.de/fhir/ext/modul-icu/ValueSet/MII-Code-Procedure-Beatmung-SNOMED"]}
{"index": {"_index": "codeable_concept", "_id": "91b3ba91-6071-37ec-affe-e784d27f27b1"}}
{"termcode": {"code": "182687005", "display": "Intermittent positive pressure ventilation (procedure)", "system": "http://snomed.info/sct", "version": 2099}, "valuesets": ["https://www.medizininformatik-initiative.de/fhir/ext/modul-icu/ValueSet/MII-Code-Procedure-Beatmung-SNOMED"]}
{"index": {"_index": "codeable_concept", "_id": "5a98bd98-d1b3-3430-97c3-ff1ec5bd14f8"}}
{"termcode": {"code": "286812008", "display": "Pressure controlled ventilation (procedure)", "system": "http://snomed.info/sct", "version": 2099}, "valuesets": ["https://www.medizininformatik-initiative.de/fhir/ext/modul-icu/ValueSet/MII-Code-Procedure-Beatmung-SNOMED"]}
{"index": {"_index": "codeable_concept", "_id": "e6e9d657-256b-3402-90a3-5b0b42eefb72"}}
{"termcode": {"code": "33050008", "display": "Pulmonary resuscitation (procedure)", "system": "http://snomed.info/sct", "version": 2099}, "valuesets": ["https://www.medizininformatik-initiative.de/fhir/ext/modul-icu/ValueSet/MII-Code-Procedure-Beatmung-SNOMED"]}
{"index": {"_index": "codeable_concept", "_id": "d6d03261-8747-3f66-beef-d07e54f90fa4"}}
{"termcode": {"code": "45851008", "display": "Positive end expiratory pressure ventilation therapy, initiation and management (procedure)", "system": "http://snomed.info/sct", "version": 2099}, "valuesets": ["https://www.medizininformatik-initiative.de/fhir/ext/modul-icu/ValueSet/MII-Code-Procedure-Beatmung-SNOMED"]}
{"index": {"_index": "codeable_concept", "_id": "1db71c85-06fb-3b8f-a8fc-ff195eb662f2"}}
{"termcode": {"code": "55089006", "display": "Inspiration mandatory ventilation therapy, initiation and management (procedure)", "system": "http://snomed.info/sct", "version": 2099}, "valuesets": ["https://www.medizininformatik-initiative.de/fhir/ext/modul-icu/ValueSet/MII-Code-Procedure-Beatmung-SNOMED"]}
{"index": {"_index": "codeable_concept", "_id": "770b4264-0b31-3d5c-b4a0-d36d64740f4d"}}
{"termcode": {"code": "8948006", "display": "Assisted ventilation therapy, pressure or volume preset, initiation and management (procedure)", "system": "http://snomed.info/sct", "version": 2099}, "valuesets": ["https://www.medizininformatik-initiative.de/fhir/ext/modul-icu/ValueSet/MII-Code-Procedure-Beatmung-SNOMED"]}
{"index": {"_index": "codeable_concept", "_id": "70cfe52b-720a-3a94-b03c-78c9b328ea95"}}
{"termcode": {"code": "229306004", "display": "Positive pressure therapy(regime/therapy)", "system": "http://snomed.info/sct", "version": 2099}, "valuesets": ["https://www.medizininformatik-initiative.de/fhir/ext/modul-icu/ValueSet/MII-Code-Procedure-Beatmung-SNOMED"]}
{"index": {"_index": "codeable_concept", "_id": "0f03604a-e987-3705-ab77-319d4675cb52"}}
{"termcode": {"code": "243180002", "display": "Expired air ventilation (procedure)", "system": "http://snomed.info/sct", "version": 2099}, "valuesets": ["https://www.medizininformatik-initiative.de/fhir/ext/modul-icu/ValueSet/MII-Code-Procedure-Beatmung-SNOMED"]}
{"index": {"_index": "codeable_concept", "_id": "991a846d-def7-3105-a0c8-24ace21271eb"}}
{"termcode": {"code": "243161004", "display": "Positive end expiratory pressure increased (procedure)", "system": "http://snomed.info/sct", "version": 2099}, "valuesets": ["https://www.medizininformatik-initiative.de/fhir/ext/modul-icu/ValueSet/MII-Code-Procedure-Beatmung-SNOMED"]}
{"index": {"_index": "codeable_concept", "_id": "0359ba7c-5c01-3327-ac04-e9b6af94c2cd"}}
{"termcode": {"code": "243164007", "display": "Positive end expiratory pressue reduced (procedure)", "system": "http://snomed.info/sct", "version": 2099}, "valuesets": ["https://www.medizininformatik-initiative.de/fhir/ext/modul-icu/ValueSet/MII-Code-Procedure-Beatmung-SNOMED"]}
{"index": {"_index": "codeable_concept", "_id": "65b886fe-9e13-3fb9-84e7-03bf9b8a068b"}}
{"termcode": {"code": "243151006", "display": "Mandatory minute volume ventilation (procedure)", "system": "http://snomed.info/sct", "version": 2099}, "valuesets": ["https://www.medizininformatik-initiative.de/fhir/ext/modul-icu/ValueSet/MII-Code-Procedure-Beatmung-SNOMED"]}
{"index": {"_index": "codeable_concept", "_id": "3cfafd70-ea06-359a-a707-4ac4c93ae648"}}
{"termcode": {"code": "59427005", "display": "Synchronized intermitent mandatory ventilation (procedure)", "system": "http://snomed.info/sct", "version": 2099}, "valuesets": ["https://www.medizininformatik-initiative.de/fhir/ext/modul-icu/ValueSet/MII-Code-Procedure-Beatmung-SNOMED"]}
{"index": {"_index": "codeable_concept", "_id": "1b4a00d0-60a6-309b-ba89-e1f50cd561c9"}}
{"termcode": {"code": "47545007", "display": "Continuous positive airway pressure ventilation treatment (regime/therapy)", "system": "http://snomed.info/sct", "version": 2099}, "valuesets": ["https://www.medizininformatik-initiative.de/fhir/ext/modul-icu/ValueSet/MII-Code-Procedure-Beatmung-SNOMED"]}
{"index": {"_index": "codeable_concept", "_id": "e8246cce-95c3-3084-8289-410ad1799905"}}
{"termcode": {"code": "243142003", "display": "Dual pressure spontaneous ventilation support(regime/therapy)", "system": "http://snomed.info/sct", "version": 2099}, "valuesets": ["https://www.medizininformatik-initiative.de/fhir/ext/modul-icu/ValueSet/MII-Code-Procedure-Beatmung-SNOMED"]}
{"index": {"_index": "codeable_concept", "_id": "bb5b156d-8bbe-3aaa-b232-e5cd9045d2a7"}}
{"termcode": {"code": "37113006", "display": "Mouth-to-mouth resuscitation (procedure)", "system": "http://snomed.info/sct", "version": 2099}, "valuesets": ["https://www.medizininformatik-initiative.de/fhir/ext/modul-icu/ValueSet/MII-Code-Procedure-Beatmung-SNOMED"]}
{"index": {"_index": "codeable_concept", "_id": "cafc0543-2819-35c3-a947-9c801c1adf24"}}
{"termcode": {"code": "243157005", "display": "Liquid ventilation (procedure)", "system": "http://snomed.info/sct", "version": 2099}, "valuesets": ["https://www.medizininformatik-initiative.de/fhir/ext/modul-icu/ValueSet/MII-Code-Procedure-Beatmung-SNOMED"]}
{"index": {"_index": "codeable_concept", "_id": "1a62ed91-ee10-37fd-8b9d-53a6060de486"}}
{"termcode": {"code": "243170001", "display": "Negative end expiratory pressure applied (procedure)", "system": "http://snomed.info/sct", "version": 2099}, "valuesets": ["https://www.medizininformatik-initiative.de/fhir/ext/modul-icu/ValueSet/MII-Code-Procedure-Beatmung-SNOMED"]}
{"index": {"_index": "codeable_concept", "_id": "a6bab2df-e173-3ce7-91e9-6b01ecc9be17"}}
{"termcode": {"code": "371908008", "display": "Oxygen administration by mask (procedure)", "system": "http://snomed.info/sct", "version": 2099}, "valuesets": ["https://www.medizininformatik-initiative.de/fhir/ext/modul-icu/ValueSet/MII-Code-Procedure-Beatmung-SNOMED"]}
{"index": {"_index": "codeable_concept", "_id": "c8c4c493-18a0-381b-8810-0eeced5cebfa"}}
{"termcode": {"code": "243163001", "display": "Positive end expiratory pressure increased to best positive end expiratory pressure (procedure)", "system": "http://snomed.info/sct", "version": 2099}, "valuesets": ["https://www.medizininformatik-initiative.de/fhir/ext/modul-icu/ValueSet/MII-Code-Procedure-Beatmung-SNOMED"]}
{"index": {"_index": "codeable_concept", "_id": "388b3d87-c350-37a2-8713-8d32e4b9bae9"}}
{"termcode": {"code": "243162006", "display": "Positive end expiratory pressure incereased to optimal positive end expiratory pressure (procedure)", "system": "http://snomed.info/sct", "version": 2099}, "valuesets": ["https://www.medizininformatik-initiative.de/fhir/ext/modul-icu/ValueSet/MII-Code-Procedure-Beatmung-SNOMED"]}
{"index": {"_index": "codeable_concept", "_id": "e333aec5-fc6a-3d32-ab01-29a4a6dabff9"}}
{"termcode": {"code": "243167000", "display": "Positive end expiratory pressure reduced to best positive end expiratory pressure reduced to best (procedure)", "system": "http://snomed.info/sct", "version": 2099}, "valuesets": ["https://www.medizininformatik-initiative.de/fhir/ext/modul-icu/ValueSet/MII-Code-Procedure-Beatmung-SNOMED"]}
{"index": {"_index": "codeable_concept", "_id": "3b734dc0-21cc-3284-874c-ccc2ee2654f9"}}
{"termcode": {"code": "243166009", "display": "Positive end expiratory pressure reduced to optimal positive end expiratory pressure (procedure)", "system": "http://snomed.info/sct", "version": 2099}, "valuesets": ["https://www.medizininformatik-initiative.de/fhir/ext/modul-icu/ValueSet/MII-Code-Procedure-Beatmung-SNOMED"]}
{"index": {"_index": "codeable_concept", "_id": "fc05f76a-565d-3a0f-8315-b6d7ac1bbb4b"}}
{"termcode": {"code": "243169002", "display": "Zero end expiratory pressure maintained (procedure)", "system": "http://snomed.info/sct", "version": 2099}, "valuesets": ["https://www.medizininformatik-initiative.de/fhir/ext/modul-icu/ValueSet/MII-Code-Procedure-Beatmung-SNOMED"]}
{"index": {"_index": "codeable_concept", "_id": "a79379f3-169a-3b93-8ca9-74a2b9bb40dd"}}
{"termcode": {"code": "243168005", "display": "Positive end expiratory pressure withdrawn (procedure)", "system": "http://snomed.info/sct", "version": 2099}, "valuesets": ["https://www.medizininformatik-initiative.de/fhir/ext/modul-icu/ValueSet/MII-Code-Procedure-Beatmung-SNOMED"]}
{"index": {"_index": "codeable_concept", "_id": "6ed30955-17f1-31b4-8bd7-30fac2ddbe28"}}
{"termcode": {"code": "243150007", "display": "Assisted controlled mandatory ventilation (procedure)", "system": "http://snomed.info/sct", "version": 2099}, "valuesets": ["https://www.medizininformatik-initiative.de/fhir/ext/modul-icu/ValueSet/MII-Code-Procedure-Beatmung-SNOMED"]}
{"index": {"_index": "codeable_concept", "_id": "314123ff-ca69-38fc-9591-bc14b8c4f648"}}
{"termcode": {"code": "243156001", "display": "Continuous flow ventilation (procedure)", "system": "http://snomed.info/sct", "version": 2099}, "valuesets": ["https://www.medizininformatik-initiative.de/fhir/ext/modul-icu/ValueSet/MII-Code-Procedure-Beatmung-SNOMED"]}
{"index": {"_index": "codeable_concept", "_id": "70c81145-13c9-3d7b-899f-877148e23022"}}
{"termcode": {"code": "243148004", "display": "Controlled mandatory ventilation (procedure)", "system": "http://snomed.info/sct", "version": 2099}, "valuesets": ["https://www.medizininformatik-initiative.de/fhir/ext/modul-icu/ValueSet/MII-Code-Procedure-Beatmung-SNOMED"]}
{"index": {"_index": "codeable_concept", "_id": "0f92dcc4-eba2-39fa-a367-44eda5cb7173"}}
{"termcode": {"code": "243149007", "display": "Controlled mandatory ventilation with sigh (procedure)", "system": "http://snomed.info/sct", "version": 2099}, "valuesets": ["https://www.medizininformatik-initiative.de/fhir/ext/modul-icu/ValueSet/MII-Code-Procedure-Beatmung-SNOMED"]}
{"index": {"_index": "codeable_concept", "_id": "aa65feab-541a-3325-94a2-33563ea97a7a"}}
{"termcode": {"code": "243154003", "display": "High frequency jet ventilation (procedure)", "system": "http://snomed.info/sct", "version": 2099}, "valuesets": ["https://www.medizininformatik-initiative.de/fhir/ext/modul-icu/ValueSet/MII-Code-Procedure-Beatmung-SNOMED"]}
{"index": {"_index": "codeable_concept", "_id": "e33d39da-c518-3f79-b515-00d47668b59f"}}
{"termcode": {"code": "243155002", "display": "High frequency oscillatory ventilation (procedure)", "system": "http://snomed.info/sct", "version": 2099}, "valuesets": ["https://www.medizininformatik-initiative.de/fhir/ext/modul-icu/ValueSet/MII-Code-Procedure-Beatmung-SNOMED"]}
{"index": {"_index": "codeable_concept", "_id": "6ae45786-67cf-379a-92bf-7ac3c2609972"}}
{"termcode": {"code": "243153009", "display": "Inspiration mandatory ventilation therapy, initiation and management (procedure)", "system": "http://snomed.info/sct", "version": 2099}, "valuesets": ["https://www.medizininformatik-initiative.de/fhir/ext/modul-icu/ValueSet/MII-Code-Procedure-Beatmung-SNOMED"]}
{"index": {"_index": "codeable_concept", "_id": "68dd6713-f970-35c7-88e5-07a25bf6fa16"}}
{"termcode": {"code": "243152004", "display": "Extended mandatory minute volume ventilation (procedure)", "system": "http://snomed.info/sct", "version": 2099}, "valuesets": ["https://www.medizininformatik-initiative.de/fhir/ext/modul-icu/ValueSet/MII-Code-Procedure-Beatmung-SNOMED"]}
{"index": {"_index": "codeable_concept", "_id": "8ff64a4c-d39f-3d2d-aec8-99434becb381"}}
{"termcode": {"code": "286813003", "display": "Pressure controlled synchronized intermittent mandatory ventilation (procedure)", "system": "http://snomed.info/sct", "version": 2099}, "valuesets": ["https://www.medizininformatik-initiative.de/fhir/ext/modul-icu/ValueSet/MII-Code-Procedure-Beatmung-SNOMED"]}
{"index": {"_index": "codeable_concept", "_id": "e838a09f-f346-374d-868a-be338a164efe"}}
{"termcode": {"code": "408852001", "display": "Intermittent positive pressure ventilation via bag and mask (procedure)", "system": "http://snomed.info/sct", "version": 2099}, "valuesets": ["https://www.medizininformatik-initiative.de/fhir/ext/modul-icu/ValueSet/MII-Code-Procedure-Beatmung-SNOMED"]}
{"index": {"_index": "codeable_concept", "_id": "4064747d-e423-3d28-a09c-f2b0f9572215"}}
{"termcode": {"code": "408853006", "display": "Intermittent positive pressure ventilation via endotracheal tube (procedure)", "system": "http://snomed.info/sct", "version": 2099}, "valuesets": ["https://www.medizininformatik-initiative.de/fhir/ext/modul-icu/ValueSet/MII-Code-Procedure-Beatmung-SNOMED"]}
{"index": {"_index": "codeable_concept", "_id": "ddd827ab-7431-38d6-b28a-2c50f10e7f8d"}}
{"termcode": {"code": "448442005", "display": "Transtracheal jet ventilation (procedure)", "system": "http://snomed.info/sct", "version": 2099}, "valuesets": ["https://www.medizininformatik-initiative.de/fhir/ext/modul-icu/ValueSet/MII-Code-Procedure-Beatmung-SNOMED"]}
{"index": {"_index": "codeable_concept", "_id": "f9234160-db96-32d6-a65b-f66c25159421"}}
{"termcode": {"code": "405609003", "display": "Volume controlled ventilation (procedure)", "system": "http://snomed.info/sct", "version": 2099}, "valuesets": ["https://www.medizininformatik-initiative.de/fhir/ext/modul-icu/ValueSet/MII-Code-Procedure-Beatmung-SNOMED"]}
{"index": {"_index": "codeable_concept", "_id": "b0859d9f-5fd1-349e-9c1e-447fee898280"}}
{"termcode": {"code": "66852000", "display": "Flow and timed ventilation procedure, initiation and management (procedure)", "system": "http://snomed.info/sct", "version": 2099}, "valuesets": ["https://www.medizininformatik-initiative.de/fhir/ext/modul-icu/ValueSet/MII-Code-Procedure-Beatmung-SNOMED"]}
{"index": {"_index": "codeable_concept", "_id": "05be3b00-b488-36bc-8a2f-92fbe08ef4a2"}}
{"termcode": {"code": "4764004", "display": "Jet ventilation", "system": "http://snomed.info/sct", "version": 2099}, "valuesets": ["https://www.medizininformatik-initiative.de/fhir/ext/modul-icu/ValueSet/MII-Code-Procedure-Beatmung-SNOMED"]}
{"index": {"_index": "codeable_concept", "_id": "1b95250b-d50f-314c-933d-75c22e730fc7"}}
{"termcode": {"code": "243143008", "display": "Airway pressure release ventilation (procedure)", "system": "http://snomed.info/sct", "version": 2099}, "valuesets": ["https://www.medizininformatik-initiative.de/fhir/ext/modul-icu/ValueSet/MII-Code-Procedure-Beatmung-SNOMED"]}
{"index": {"_index": "codeable_concept", "_id": "ba5c6ebe-3e36-3a56-a257-7d7cd1f2e0b4"}}
{"termcode": {"code": "448134000", "display": "Continuous positive airway pressure to nonventilated lung (regime/therapy)", "system": "http://snomed.info/sct", "version": 2099}, "valuesets": ["https://www.medizininformatik-initiative.de/fhir/ext/modul-icu/ValueSet/MII-Code-Procedure-Beatmung-SNOMED"]}
{"index": {"_index": "codeable_concept", "_id": "6024b629-f97d-3d18-ad3f-7da8fdd7ce88"}}
{"termcode": {"code": "229308003", "display": "Intermittent continuous positive airway pressure (regime/therapy)", "system": "http://snomed.info/sct", "version": 2099}, "valuesets": ["https://www.medizininformatik-initiative.de/fhir/ext/modul-icu/ValueSet/MII-Code-Procedure-Beatmung-SNOMED"]}
{"index": {"_index": "codeable_concept", "_id": "40c8a48a-36b8-314e-9c66-e07efa4862fb"}}
{"termcode": {"code": "34281000175105", "display": "Nocturnal continuous positive airway pressure (regime/therapy)", "system": "http://snomed.info/sct", "version": 2099}, "valuesets": ["https://www.medizininformatik-initiative.de/fhir/ext/modul-icu/ValueSet/MII-Code-Procedure-Beatmung-SNOMED"]}
{"index": {"_index": "codeable_concept", "_id": "d5d55e58-ca07-3382-8aa4-bab78353c9e9"}}
{"termcode": {"code": "34291000175108", "display": "Nocturnal dual pressure spontaneous ventilation support (regime/therapy)", "system": "http://snomed.info/sct", "version": 2099}, "valuesets": ["https://www.medizininformatik-initiative.de/fhir/ext/modul-icu/ValueSet/MII-Code-Procedure-Beatmung-SNOMED"]}
{"index": {"_index": "codeable_concept", "_id": "d2f5b185-11b8-3526-b18d-853f80a2da34"}}
{"termcode": {"code": "243144002", "display": "Patient triggered inspiratory assistance (procedure)", "system": "http://snomed.info/sct", "version": 2099}, "valuesets": ["https://www.medizininformatik-initiative.de/fhir/ext/modul-icu/ValueSet/MII-Code-Procedure-Beatmung-SNOMED"]}
{"index": {"_index": "codeable_concept", "_id": "1dfae83d-ca00-3f76-b733-81987b11f848"}}
{"termcode": {"code": "229312009", "display": "Nasal ventilation therapy (regime/therapy)", "system": "http://snomed.info/sct", "version": 2099}, "valuesets": ["https://www.medizininformatik-initiative.de/fhir/ext/modul-icu/ValueSet/MII-Code-Procedure-Beatmung-SNOMED"]}
{"index": {"_index": "codeable_concept", "_id": "6a937af5-7b3f-3319-a44f-906fc216cd67"}}
{"termcode": {"code": "425447009", "display": "Bag valve mask ventilation (procedure)", "system": "http://snomed.info/sct", "version": 2099}, "valuesets": ["https://www.medizininformatik-initiative.de/fhir/ext/modul-icu/ValueSet/MII-Code-Procedure-Beatmung-SNOMED"]}
{"index": {"_index": "codeable_concept", "_id": "5f20d708-7988-3f71-8227-af5b6d9eef96"}}
{"termcode": {"code": "243140006", "display": "Lung inflation by intermittent compression of reservoir bag (procedure)", "system": "http://snomed.info/sct", "version": 2099}, "valuesets": ["https://www.medizininformatik-initiative.de/fhir/ext/modul-icu/ValueSet/MII-Code-Procedure-Beatmung-SNOMED"]}
{"index": {"_index": "codeable_concept", "_id": "4867f57e-1e5a-387d-94b9-7d6366139e1d"}}
{"termcode": {"code": "229313004", "display": "Manual hyperinflation (procedure)", "system": "http://snomed.info/sct", "version": 2099}, "valuesets": ["https://www.medizininformatik-initiative.de/fhir/ext/modul-icu/ValueSet/MII-Code-Procedure-Beatmung-SNOMED"]}
{"index": {"_index": "codeable_concept", "_id": "f269130c-3972-3f5e-a8b6-88237a155585"}}
{"termcode": {"code": "425696007", "display": "Manual respiratory assistance using bag and mask (procedure)", "system": "http://snomed.info/sct", "version": 2099}, "valuesets": ["https://www.medizininformatik-initiative.de/fhir/ext/modul-icu/ValueSet/MII-Code-Procedure-Beatmung-SNOMED"]}
{"index": {"_index": "codeable_concept", "_id": "0421bad5-bb2c-382a-8642-b9bf0b966aea"}}
{"termcode": {"code": "243184006", "display": "Ventilation with self-inflating bag (procedure)", "system": "http://snomed.info/sct", "version": 2099}, "valuesets": ["https://www.medizininformatik-initiative.de/fhir/ext/modul-icu/ValueSet/MII-Code-Procedure-Beatmung-SNOMED"]}
{"index": {"_index": "codeable_concept", "_id": "af71b4d3-d0ce-3633-89af-b7fa6bde08b0"}}
{"termcode": {"code": "74596007", "display": "Resuscitation with artificial respiration (procedure)", "system": "http://snomed.info/sct", "version": 2099}, "valuesets": ["https://www.medizininformatik-initiative.de/fhir/ext/modul-icu/ValueSet/MII-Code-Procedure-Beatmung-SNOMED"]}
{"index": {"_index": "codeable_concept", "_id": "55bf9afa-97cc-35f9-8680-d87a8ed6eb80"}}
{"termcode": {"code": "243181003", "display": "Expired air ventilation with airway aid (procedure)", "system": "http://snomed.info/sct", "version": 2099}, "valuesets": ["https://www.medizininformatik-initiative.de/fhir/ext/modul-icu/ValueSet/MII-Code-Procedure-Beatmung-SNOMED"]}
{"index": {"_index": "codeable_concept", "_id": "77f88d01-9d7a-362f-9fc5-de68626f95fb"}}
{"termcode": {"code": "243183000", "display": "Mouth to nose expired air ventilation (procedure)", "system": "http://snomed.info/sct", "version": 2099}, "valuesets": ["https://www.medizininformatik-initiative.de/fhir/ext/modul-icu/ValueSet/MII-Code-Procedure-Beatmung-SNOMED"]}
{"index": {"_index": "codeable_concept", "_id": "9707aa8b-ac0f-3470-b305-34930640fa8e"}}
{"termcode": {"code": "243182005", "display": "Mouth to mouth expired air ventilation with airway (procedure)", "system": "http://snomed.info/sct", "version": 2099}, "valuesets": ["https://www.medizininformatik-initiative.de/fhir/ext/modul-icu/ValueSet/MII-Code-Procedure-Beatmung-SNOMED"]}
{"index": {"_index": "codeable_concept", "_id": "7d999ced-6392-324f-a59d-83e86d6adaa6"}}
{"termcode": {"code": "52729008", "display": "Treatment by iron lung (procedure)", "system": "http://snomed.info/sct", "version": 2099}, "valuesets": ["https://www.medizininformatik-initiative.de/fhir/ext/modul-icu/ValueSet/MII-Code-Procedure-Beatmung-SNOMED"]}
{"index": {"_index": "codeable_concept", "_id": "c21f5b20-811a-32ab-b487-b43e9197f074"}}
{"termcode": {"code": "76777009", "display": "Artificial respiration by electrophrenic stimulation", "system": "http://snomed.info/sct", "version": 2099}, "valuesets": ["https://www.medizininformatik-initiative.de/fhir/ext/modul-icu/ValueSet/MII-Code-Procedure-Beatmung-SNOMED"]}
{"index": {"_index": "codeable_concept", "_id": "76ff735f-6284-3eae-85a0-b08f30007133"}}
{"termcode": {"code": "38282001", "display": "Bennett respirator therapy (procedure)", "system": "http://snomed.info/sct", "version": 2099}, "valuesets": ["https://www.medizininformatik-initiative.de/fhir/ext/modul-icu/ValueSet/MII-Code-Procedure-Beatmung-SNOMED"]}
{"index": {"_index": "codeable_concept", "_id": "eea0f353-ea46-3e93-aedc-17fcbb25316a"}}
{"termcode": {"code": "773454006", "display": "Bird respiratory therapy (procedure)", "system": "http://snomed.info/sct", "version": 2099}, "valuesets": ["https://www.medizininformatik-initiative.de/fhir/ext/modul-icu/ValueSet/MII-Code-Procedure-Beatmung-SNOMED"]}
{"index": {"_index": "codeable_concept", "_id": "85f97105-27f3-3642-8b18-1f46cc669829"}}
{"termcode": {"code": "281508008", "display": "Cuirasse ventilation (procedure)", "system": "http://snomed.info/sct", "version": 2099}, "valuesets": ["https://www.medizininformatik-initiative.de/fhir/ext/modul-icu/ValueSet/MII-Code-Procedure-Beatmung-SNOMED"]}
{"index": {"_index": "codeable_concept", "_id": "77cd1746-4f9f-3e94-87e2-db46b7296e03"}}
{"termcode": {"code": "276737004", "display": "Domiciliary ventilation (procedure)", "system": "http://snomed.info/sct", "version": 2099}, "valuesets": ["https://www.medizininformatik-initiative.de/fhir/ext/modul-icu/ValueSet/MII-Code-Procedure-Beatmung-SNOMED"]}
{"index": {"_index": "codeable_concept", "_id": "10a40720-5159-324b-be3b-c311c46a65d1"}}
{"termcode": {"code": "276732005", "display": "Apneic oxygenation (procedure)", "system": "http://snomed.info/sct", "version": 2099}, "valuesets": ["https://www.medizininformatik-initiative.de/fhir/ext/modul-icu/ValueSet/MII-Code-Procedure-Beatmung-SNOMED"]}
{"index": {"_index": "codeable_concept", "_id": "ded79ff3-b2ae-3dc5-89c9-94e4a92b48ef"}}
{"termcode": {"code": "243159008", "display": "Intermittent negative pressure ventilation (procedure)", "system": "http://snomed.info/sct", "version": 2099}, "valuesets": ["https://www.medizininformatik-initiative.de/fhir/ext/modul-icu/ValueSet/MII-Code-Procedure-Beatmung-SNOMED"]}
{"index": {"_index": "codeable_concept", "_id": "05820655-8c23-3b47-a15a-0efe5865fde8"}}
{"termcode": {"code": "243158000", "display": "Fluorocarbon ventilation (procedure)", "system": "http://snomed.info/sct", "version": 2099}, "valuesets": ["https://www.medizininformatik-initiative.de/fhir/ext/modul-icu/ValueSet/MII-Code-Procedure-Beatmung-SNOMED"]}
{"index": {"_index": "codeable_concept", "_id": "dfaf04aa-2514-3776-a1d9-0e12f78abe4d"}}
{"termcode": {"code": "243172009", "display": "Negative end expiratory pressure decreased (procedure)", "system": "http://snomed.info/sct", "version": 2099}, "valuesets": ["https://www.medizininformatik-initiative.de/fhir/ext/modul-icu/ValueSet/MII-Code-Procedure-Beatmung-SNOMED"]}
{"index": {"_index": "codeable_concept", "_id": "dc0a11a4-574b-36ea-abc5-f311e8f0f036"}}
{"termcode": {"code": "243171002", "display": "Negative end expiratory pressure increased (procedure)", "system": "http://snomed.info/sct", "version": 2099}, "valuesets": ["https://www.medizininformatik-initiative.de/fhir/ext/modul-icu/ValueSet/MII-Code-Procedure-Beatmung-SNOMED"]}
{"index": {"_index": "codeable_concept", "_id": "8d98f29f-6155-3a15-b141-3de40894b89f"}}
{"termcode": {"code": "82433009", "display": "Continuous negative pressure ventilation treatment (procedure)", "system": "http://snomed.info/sct", "version": 2099}, "valuesets": ["https://www.medizininformatik-initiative.de/fhir/ext/modul-icu/ValueSet/MII-Code-Procedure-Beatmung-SNOMED"]}
{"index": {"_index": "codeable_concept", "_id": "c74d66fd-46c8-3e04-935c-ead0410773cc"}}
{"termcode": {"code": "447837008", "display": "Noninvasive positive pressure ventilation (procedure)", "system": "http://snomed.info/sct", "version": 2099}, "valuesets": ["https://www.medizininformatik-initiative.de/fhir/ext/modul-icu/ValueSet/MII-Code-Procedure-Beatmung-SNOMED"]}
{"index": {"_index": "codeable_concept", "_id": "ff782e9f-957a-3c40-bb97-f541fd2410fb"}}
{"termcode": {"code": "870392006", "display": "Wearing from noninvasive ventilation (procedure)", "system": "http://snomed.info/sct", "version": 2099}, "valuesets": ["https://www.medizininformatik-initiative.de/fhir/ext/modul-icu/ValueSet/MII-Code-Procedure-Beatmung-SNOMED"]}
{"index": {"_index": "codeable_concept", "_id": "dce14d8f-5365-3466-be5e-ff66eca746ec"}}
{"termcode": {"code": "243146000", "display": "Diaphragmatic augmentation by rocking bed (procedure)", "system": "http://snomed.info/sct", "version": 2099}, "valuesets": ["https://www.medizininformatik-initiative.de/fhir/ext/modul-icu/ValueSet/MII-Code-Procedure-Beatmung-SNOMED"]}
{"index": {"_index": "codeable_concept", "_id": "0bfcea0c-da39-304f-90b9-d0325ac4c779"}}
{"termcode": {"code": "429253002", "display": "Oxygen administration by Ventury mask (procedure)", "system": "http://snomed.info/sct", "version": 2099}, "valuesets": ["https://www.medizininformatik-initiative.de/fhir/ext/modul-icu/ValueSet/MII-Code-Procedure-Beatmung-SNOMED"]}
{"index": {"_index": "codeable_concept", "_id": "7eaa7d86-1d4b-331f-9eba-26d32169d67d"}}
{"termcode": {"code": "371907003", "display": "Oxygen administration by nasal cannula (procedure)", "system": "http://snomed.info/sct", "version": 2099}, "valuesets": ["https://www.medizininformatik-initiative.de/fhir/ext/modul-icu/ValueSet/MII-Code-Procedure-Beatmung-SNOMED"]}
{"index": {"_index": "codeable_concept", "_id": "68b55347-0d8c-37e8-8e1b-e21a47ae60c6"}}
{"termcode": {"code": "398077001", "display": "Oxygen dynamic interventions (procedure)", "system": "http://snomed.info/sct", "version": 2099}, "valuesets": ["https://www.medizininformatik-initiative.de/fhir/ext/modul-icu/ValueSet/MII-Code-Procedure-Beatmung-SNOMED"]}
{"index": {"_index": "codeable_concept", "_id": "4e3c3d00-3d05-30d9-bae4-330da3e10ce5"}}
{"termcode": {"code": "182714002", "display": "Oxygenerator therapy (procedure)", "system": "http://snomed.info/sct", "version": 2099}, "valuesets": ["https://www.medizininformatik-initiative.de/fhir/ext/modul-icu/ValueSet/MII-Code-Procedure-Beatmung-SNOMED"]}
{"index": {"_index": "codeable_concept", "_id": "877739d4-15fa-3ab3-8b1f-719ccd06dc80"}}
{"termcode": {"code": "243136002", "display": "Short-term oxygen therapy (procedure)", "system": "http://snomed.info/sct", "version": 2099}, "valuesets": ["https://www.medizininformatik-initiative.de/fhir/ext/modul-icu/ValueSet/MII-Code-Procedure-Beatmung-SNOMED"]}
{"index": {"_index": "codeable_concept", "_id": "5df3ac7c-6d4f-36a3-adb5-1905e5fb25e4"}}
{"termcode": {"code": "315041000", "display": "High concentration oxygen therapy (procedure)", "system": "http://snomed.info/sct", "version": 2099}, "valuesets": ["https://www.medizininformatik-initiative.de/fhir/ext/modul-icu/ValueSet/MII-Code-Procedure-Beatmung-SNOMED"]}
{"index": {"_index": "codeable_concept", "_id": "ac540c2f-cceb-3c9d-bebd-17b2d844d250"}}
{"termcode": {"code": "426990007", "display": "Home oxygen therapy (procedure)", "system": "http://snomed.info/sct", "version": 2099}, "valuesets": ["https://www.medizininformatik-initiative.de/fhir/ext/modul-icu/ValueSet/MII-Code-Procedure-Beatmung-SNOMED"]}
{"index": {"_index": "codeable_concept", "_id": "35f675ff-c243-3e00-ba38-14338ac6d0a5"}}
{"termcode": {"code": "304577004", "display": "Humidified oxygen therapy(procedure)", "system": "http://snomed.info/sct", "version": 2099}, "valuesets": ["https://www.medizininformatik-initiative.de/fhir/ext/modul-icu/ValueSet/MII-Code-Procedure-Beatmung-SNOMED"]}
{"index": {"_index": "codeable_concept", "_id": "d4c440fc-0335-3e27-b80e-3eb6d7480f89"}}
{"termcode": {"code": "870533002", "display": "Heated and humidified high flow oxygen therapy", "system": "http://snomed.info/sct", "version": 2099}, "valuesets": ["https://www.medizininformatik-initiative.de/fhir/ext/modul-icu/ValueSet/MII-Code-Procedure-Beatmung-SNOMED"]}
{"index": {"_index": "codeable_concept", "_id": "b4f17105-7f7d-33b4-84ee-ff547f630514"}}
{"termcode": {"code": "71786000", "display": "Intranasal oxygen therapy (procedure)", "system": "http://snomed.info/sct", "version": 2099}, "valuesets": ["https://www.medizininformatik-initiative.de/fhir/ext/modul-icu/ValueSet/MII-Code-Procedure-Beatmung-SNOMED"]}
