{"index": {"_index": "codeable_concept", "_id": "300c5dd1-aac9-38fd-8fee-24158c02c878"}}
{"termcode": {"code": "265764009", "display": "Renal dialysis (procedure)", "system": "http://snomed.info/sct", "version": 2099}, "valuesets": ["https://www.medizininformatik-initiative.de/fhir/ext/modul-icu/ValueSet/MII_Code_Extrakorporale_Verfahren"]}
{"index": {"_index": "codeable_concept", "_id": "c5f3cc5b-808d-3129-90ca-6fade064b442"}}
{"termcode": {"code": "341939001", "display": "Extracorporeal hemofiltration (procedure)", "system": "http://snomed.info/sct", "version": 2099}, "valuesets": ["https://www.medizininformatik-initiative.de/fhir/ext/modul-icu/ValueSet/MII_Code_Extrakorporale_Verfahren"]}
{"index": {"_index": "codeable_concept", "_id": "c0480134-1398-3018-9abb-602eabd6418d"}}
{"termcode": {"code": "127788007", "display": "Apheresis (procedure)", "system": "http://snomed.info/sct", "version": 2099}, "valuesets": ["https://www.medizininformatik-initiative.de/fhir/ext/modul-icu/ValueSet/MII_Code_Extrakorporale_Verfahren"]}
{"index": {"_index": "codeable_concept", "_id": "db7886fc-34e3-3495-b7e7-485d86260ddf"}}
{"termcode": {"code": "233572003", "display": "Extracorporeal gas exchange (procedure)", "system": "http://snomed.info/sct", "version": 2099}, "valuesets": ["https://www.medizininformatik-initiative.de/fhir/ext/modul-icu/ValueSet/MII_Code_Extrakorporale_Verfahren"]}
{"index": {"_index": "codeable_concept", "_id": "cc5360d9-14cb-3fe4-a4c8-36d1eab16b83"}}
{"termcode": {"code": "302497006", "display": "Hemodialysis (procedure)", "system": "http://snomed.info/sct", "version": 2099}, "valuesets": ["https://www.medizininformatik-initiative.de/fhir/ext/modul-icu/ValueSet/MII_Code_Extrakorporale_Verfahren"]}
{"index": {"_index": "codeable_concept", "_id": "a4ed7006-8b95-3a89-bb1b-f57f7b02f232"}}
{"termcode": {"code": "233586004", "display": "Hemodiafiltration (procedure)", "system": "http://snomed.info/sct", "version": 2099}, "valuesets": ["https://www.medizininformatik-initiative.de/fhir/ext/modul-icu/ValueSet/MII_Code_Extrakorporale_Verfahren"]}
{"index": {"_index": "codeable_concept", "_id": "cae03c18-c1f6-383a-a711-8f604b135b24"}}
{"termcode": {"code": "233581009", "display": "Hemofiltration (procedure)", "system": "http://snomed.info/sct", "version": 2099}, "valuesets": ["https://www.medizininformatik-initiative.de/fhir/ext/modul-icu/ValueSet/MII_Code_Extrakorporale_Verfahren"]}
{"index": {"_index": "codeable_concept", "_id": "16da64c9-fe94-3976-a177-072a6c3c6d41"}}
{"termcode": {"code": "182750009", "display": "Ultrafiltration (procedure)", "system": "http://snomed.info/sct", "version": 2099}, "valuesets": ["https://www.medizininformatik-initiative.de/fhir/ext/modul-icu/ValueSet/MII_Code_Extrakorporale_Verfahren"]}
{"index": {"_index": "codeable_concept", "_id": "4e865bce-d9bc-372e-aca3-0a690bfefe08"}}
{"termcode": {"code": "714749008", "display": "Continuous renal replacement therapy (procedure)", "system": "http://snomed.info/sct", "version": 2099}, "valuesets": ["https://www.medizininformatik-initiative.de/fhir/ext/modul-icu/ValueSet/MII_Code_Extrakorporale_Verfahren"]}
{"index": {"_index": "codeable_concept", "_id": "4a68b18d-8c66-3644-af21-b65e5e7c917c"}}
{"termcode": {"code": "233573008", "display": "Extracorporeal membrane oxygenation (procedure)", "system": "http://snomed.info/sct", "version": 2099}, "valuesets": ["https://www.medizininformatik-initiative.de/fhir/ext/modul-icu/ValueSet/MII_Code_Extrakorporale_Verfahren"]}
{"index": {"_index": "codeable_concept", "_id": "26cbd356-2c90-30ca-95d8-8b49d2b10a89"}}
{"termcode": {"code": "233578004", "display": "Continuous hemodialysis (procedure)", "system": "http://snomed.info/sct", "version": 2099}, "valuesets": ["https://www.medizininformatik-initiative.de/fhir/ext/modul-icu/ValueSet/MII_Code_Extrakorporale_Verfahren"]}
{"index": {"_index": "codeable_concept", "_id": "48536687-2052-38bf-8d8b-151f6f4e6135"}}
{"termcode": {"code": "233575001", "display": "Intermittent hemodialysis (procedure)", "system": "http://snomed.info/sct", "version": 2099}, "valuesets": ["https://www.medizininformatik-initiative.de/fhir/ext/modul-icu/ValueSet/MII_Code_Extrakorporale_Verfahren"]}
{"index": {"_index": "codeable_concept", "_id": "64db458c-ca91-3758-9c26-2b4ad6efa018"}}
{"termcode": {"code": "233588003", "display": "Continuous hemodiafiltration (procedure)", "system": "http://snomed.info/sct", "version": 2099}, "valuesets": ["https://www.medizininformatik-initiative.de/fhir/ext/modul-icu/ValueSet/MII_Code_Extrakorporale_Verfahren"]}
{"index": {"_index": "codeable_concept", "_id": "e9717e17-e53d-3c1d-b844-28dfd40e84cc"}}
{"termcode": {"code": "233583007", "display": "Continuous hemofiltration (procedure)", "system": "http://snomed.info/sct", "version": 2099}, "valuesets": ["https://www.medizininformatik-initiative.de/fhir/ext/modul-icu/ValueSet/MII_Code_Extrakorporale_Verfahren"]}
{"index": {"_index": "codeable_concept", "_id": "c52c195a-14f9-3e50-bd02-f87651d111f3"}}
{"termcode": {"code": "233594006", "display": "Lipopheresis (procedure)", "system": "http://snomed.info/sct", "version": 2099}, "valuesets": ["https://www.medizininformatik-initiative.de/fhir/ext/modul-icu/ValueSet/MII_Code_Extrakorporale_Verfahren"]}
{"index": {"_index": "codeable_concept", "_id": "155a3f46-fb79-3ca0-a469-5f1e8a14d026"}}
{"termcode": {"code": "72541002", "display": "Plateletpheresis (procedure)", "system": "http://snomed.info/sct", "version": 2099}, "valuesets": ["https://www.medizininformatik-initiative.de/fhir/ext/modul-icu/ValueSet/MII_Code_Extrakorporale_Verfahren"]}
{"index": {"_index": "codeable_concept", "_id": "5d6ea85f-187d-3c5d-bcfe-f5a90c042128"}}
{"termcode": {"code": "233574002", "display": "Extracorporeal carbon dioxide removal (procedure)", "system": "http://snomed.info/sct", "version": 2099}, "valuesets": ["https://www.medizininformatik-initiative.de/fhir/ext/modul-icu/ValueSet/MII_Code_Extrakorporale_Verfahren"]}
{"index": {"_index": "codeable_concept", "_id": "a58bb89e-6b9d-3e02-8bb4-f7d90a959592"}}
{"termcode": {"code": "786452006", "display": "Arteriovenous extracorporeal membrane oxygenation (procedure)", "system": "http://snomed.info/sct", "version": 2099}, "valuesets": ["https://www.medizininformatik-initiative.de/fhir/ext/modul-icu/ValueSet/MII_Code_Extrakorporale_Verfahren"]}
{"index": {"_index": "codeable_concept", "_id": "ad36fc39-5ee5-3023-b02b-b884f32acc66"}}
{"termcode": {"code": "786451004", "display": "Venoarterial extracorporeal membrane oxygenation (procedure)", "system": "http://snomed.info/sct", "version": 2099}, "valuesets": ["https://www.medizininformatik-initiative.de/fhir/ext/modul-icu/ValueSet/MII_Code_Extrakorporale_Verfahren"]}
{"index": {"_index": "codeable_concept", "_id": "f6a6f596-3cdc-33de-be7b-81beb0b3cdf1"}}
{"termcode": {"code": "786453001", "display": "Venovenous extracorporeal membrane oxygenation (procedure)", "system": "http://snomed.info/sct", "version": 2099}, "valuesets": ["https://www.medizininformatik-initiative.de/fhir/ext/modul-icu/ValueSet/MII_Code_Extrakorporale_Verfahren"]}
{"index": {"_index": "codeable_concept", "_id": "af5bb2d3-1e7c-3e4d-a0ae-4722e0070d9c"}}
{"termcode": {"code": "233579007", "display": "Continuous arteriovenous hemodialysis (procedure)", "system": "http://snomed.info/sct", "version": 2099}, "valuesets": ["https://www.medizininformatik-initiative.de/fhir/ext/modul-icu/ValueSet/MII_Code_Extrakorporale_Verfahren"]}
{"index": {"_index": "codeable_concept", "_id": "60f814d6-e386-392d-a90e-e9b5ec9cb927"}}
{"termcode": {"code": "233580005", "display": "Continuous venovenous hemodialysis (procedure)", "system": "http://snomed.info/sct", "version": 2099}, "valuesets": ["https://www.medizininformatik-initiative.de/fhir/ext/modul-icu/ValueSet/MII_Code_Extrakorporale_Verfahren"]}
{"index": {"_index": "codeable_concept", "_id": "de681b23-36fe-3f00-b48c-099f894efe7d"}}
{"termcode": {"code": "708932005", "display": "Emergency hemodialysis (procedure)", "system": "http://snomed.info/sct", "version": 2099}, "valuesets": ["https://www.medizininformatik-initiative.de/fhir/ext/modul-icu/ValueSet/MII_Code_Extrakorporale_Verfahren"]}
{"index": {"_index": "codeable_concept", "_id": "a55b60f0-9992-3547-9e36-d237eebe1223"}}
{"termcode": {"code": "427053002", "display": "Extracorporeal albumin hemodialysis (procedure)", "system": "http://snomed.info/sct", "version": 2099}, "valuesets": ["https://www.medizininformatik-initiative.de/fhir/ext/modul-icu/ValueSet/MII_Code_Extrakorporale_Verfahren"]}
{"index": {"_index": "codeable_concept", "_id": "8ede13fe-cb35-38cb-bd29-640005128921"}}
{"termcode": {"code": "57274006", "display": "Initial hemodialysis (procedure)", "system": "http://snomed.info/sct", "version": 2099}, "valuesets": ["https://www.medizininformatik-initiative.de/fhir/ext/modul-icu/ValueSet/MII_Code_Extrakorporale_Verfahren"]}
{"index": {"_index": "codeable_concept", "_id": "9dfe88bf-b497-33c4-a7f9-5c5b34ec1bc6"}}
{"termcode": {"code": "233577009", "display": "Intermittent hemodialysis with continuous ultrafiltration (procedure)", "system": "http://snomed.info/sct", "version": 2099}, "valuesets": ["https://www.medizininformatik-initiative.de/fhir/ext/modul-icu/ValueSet/MII_Code_Extrakorporale_Verfahren"]}
{"index": {"_index": "codeable_concept", "_id": "58b8fee0-0b8f-3c68-a9e2-772e16c14fa4"}}
{"termcode": {"code": "233576000", "display": "Intermittent hemodialysis with sequential ultrafiltration (procedure)", "system": "http://snomed.info/sct", "version": 2099}, "valuesets": ["https://www.medizininformatik-initiative.de/fhir/ext/modul-icu/ValueSet/MII_Code_Extrakorporale_Verfahren"]}
{"index": {"_index": "codeable_concept", "_id": "1562d3b3-9c56-3c7b-b62d-cc223e9ce5b5"}}
{"termcode": {"code": "11932001", "display": "Stabilizing hemodialysis (procedure)", "system": "http://snomed.info/sct", "version": 2099}, "valuesets": ["https://www.medizininformatik-initiative.de/fhir/ext/modul-icu/ValueSet/MII_Code_Extrakorporale_Verfahren"]}
{"index": {"_index": "codeable_concept", "_id": "92b3a034-c398-3a0b-b552-632dbcd49221"}}
{"termcode": {"code": "698074000", "display": "Sustained low-efficiency dialysis (procedure)", "system": "http://snomed.info/sct", "version": 2099}, "valuesets": ["https://www.medizininformatik-initiative.de/fhir/ext/modul-icu/ValueSet/MII_Code_Extrakorporale_Verfahren"]}
{"index": {"_index": "codeable_concept", "_id": "f6fcdfcd-3a57-3594-b381-274ede4fa5d2"}}
{"termcode": {"code": "233589006", "display": "Continuous arteriovenous hemodiafiltration (procedure)", "system": "http://snomed.info/sct", "version": 2099}, "valuesets": ["https://www.medizininformatik-initiative.de/fhir/ext/modul-icu/ValueSet/MII_Code_Extrakorporale_Verfahren"]}
{"index": {"_index": "codeable_concept", "_id": "f6221c0b-5460-3b63-bb35-0b3c7b767c34"}}
{"termcode": {"code": "233590002", "display": "Continuous venovenous hemodiafiltration (procedure)", "system": "http://snomed.info/sct", "version": 2099}, "valuesets": ["https://www.medizininformatik-initiative.de/fhir/ext/modul-icu/ValueSet/MII_Code_Extrakorporale_Verfahren"]}
{"index": {"_index": "codeable_concept", "_id": "aa42f605-d470-3480-8f87-34bb44dc508a"}}
{"termcode": {"code": "708933000", "display": "Emergency hemodiafiltration (procedure)", "system": "http://snomed.info/sct", "version": 2099}, "valuesets": ["https://www.medizininformatik-initiative.de/fhir/ext/modul-icu/ValueSet/MII_Code_Extrakorporale_Verfahren"]}
{"index": {"_index": "codeable_concept", "_id": "32927830-394b-3d52-92d3-5daa23cf02c0"}}
{"termcode": {"code": "233587008", "display": "Intermittent hemodiafiltration (procedure)", "system": "http://snomed.info/sct", "version": 2099}, "valuesets": ["https://www.medizininformatik-initiative.de/fhir/ext/modul-icu/ValueSet/MII_Code_Extrakorporale_Verfahren"]}
{"index": {"_index": "codeable_concept", "_id": "f4cbd1f5-7e84-3b6e-bf8d-6aa039231a4f"}}
{"termcode": {"code": "708930002", "display": "Maintenance hemodiafiltration (procedure)", "system": "http://snomed.info/sct", "version": 2099}, "valuesets": ["https://www.medizininformatik-initiative.de/fhir/ext/modul-icu/ValueSet/MII_Code_Extrakorporale_Verfahren"]}
{"index": {"_index": "codeable_concept", "_id": "d43a90c7-dd92-3fdf-8fa8-61020d574a5f"}}
{"termcode": {"code": "233584001", "display": "Continuous arteriovenous hemofiltration (procedure)", "system": "http://snomed.info/sct", "version": 2099}, "valuesets": ["https://www.medizininformatik-initiative.de/fhir/ext/modul-icu/ValueSet/MII_Code_Extrakorporale_Verfahren"]}
{"index": {"_index": "codeable_concept", "_id": "3d4f06d9-90e4-368c-9c74-6db1d3ae92f8"}}
{"termcode": {"code": "233585000", "display": "Continuous venovenous hemofiltration (procedure)", "system": "http://snomed.info/sct", "version": 2099}, "valuesets": ["https://www.medizininformatik-initiative.de/fhir/ext/modul-icu/ValueSet/MII_Code_Extrakorporale_Verfahren"]}
{"index": {"_index": "codeable_concept", "_id": "c4fdad57-e70a-3b16-a54e-2f0c07c79e51"}}
{"termcode": {"code": "715743002", "display": "Emergency hemofiltration (procedure)", "system": "http://snomed.info/sct", "version": 2099}, "valuesets": ["https://www.medizininformatik-initiative.de/fhir/ext/modul-icu/ValueSet/MII_Code_Extrakorporale_Verfahren"]}
{"index": {"_index": "codeable_concept", "_id": "9a19e83b-5313-3e71-95ca-9eaab1e17d3a"}}
{"termcode": {"code": "233582002", "display": "Intermittent hemofiltration (procedure)", "system": "http://snomed.info/sct", "version": 2099}, "valuesets": ["https://www.medizininformatik-initiative.de/fhir/ext/modul-icu/ValueSet/MII_Code_Extrakorporale_Verfahren"]}
{"index": {"_index": "codeable_concept", "_id": "38f49c47-ffc2-340a-bea5-5d9a4f7ff5d5"}}
{"termcode": {"code": "708934006", "display": "Maintenance hemofiltration (procedure)", "system": "http://snomed.info/sct", "version": 2099}, "valuesets": ["https://www.medizininformatik-initiative.de/fhir/ext/modul-icu/ValueSet/MII_Code_Extrakorporale_Verfahren"]}
{"index": {"_index": "codeable_concept", "_id": "81a7544d-62b4-3cdb-a0db-e57acb2a91c9"}}
{"termcode": {"code": "14130001000004103", "display": "Aquapheresis (procedure)", "system": "http://snomed.info/sct", "version": 2099}, "valuesets": ["https://www.medizininformatik-initiative.de/fhir/ext/modul-icu/ValueSet/MII_Code_Extrakorporale_Verfahren"]}
{"index": {"_index": "codeable_concept", "_id": "9d82f6f4-40cc-3adc-8956-21ff43882c78"}}
{"termcode": {"code": "182749009", "display": "Extracorporeal blood irradiation (procedure)", "system": "http://snomed.info/sct", "version": 2099}, "valuesets": ["https://www.medizininformatik-initiative.de/fhir/ext/modul-icu/ValueSet/MII_Code_Extrakorporale_Verfahren"]}
{"index": {"_index": "codeable_concept", "_id": "624352ad-d1cf-379b-9a85-65affb237dc8"}}
{"termcode": {"code": "438839005", "display": "Erythrocytapheresis (procedure)", "system": "http://snomed.info/sct", "version": 2099}, "valuesets": ["https://www.medizininformatik-initiative.de/fhir/ext/modul-icu/ValueSet/MII_Code_Extrakorporale_Verfahren"]}
{"index": {"_index": "codeable_concept", "_id": "ac46cd6b-6ee3-3848-8b90-d492cb7a76f8"}}
{"termcode": {"code": "83794005", "display": "Extracorporeal photopheresis (procedure)", "system": "http://snomed.info/sct", "version": 2099}, "valuesets": ["https://www.medizininformatik-initiative.de/fhir/ext/modul-icu/ValueSet/MII_Code_Extrakorporale_Verfahren"]}
{"index": {"_index": "codeable_concept", "_id": "3ede5fc2-ada2-36ef-9f53-04de306d45fe"}}
{"termcode": {"code": "77257005", "display": "Leukopheresis (procedure)", "system": "http://snomed.info/sct", "version": 2099}, "valuesets": ["https://www.medizininformatik-initiative.de/fhir/ext/modul-icu/ValueSet/MII_Code_Extrakorporale_Verfahren"]}
{"index": {"_index": "codeable_concept", "_id": "96f1cae6-9f2c-3e08-ac58-462837cf4b38"}}
{"termcode": {"code": "448955002", "display": "Low density lipoprotein apheresis (procedure)", "system": "http://snomed.info/sct", "version": 2099}, "valuesets": ["https://www.medizininformatik-initiative.de/fhir/ext/modul-icu/ValueSet/MII_Code_Extrakorporale_Verfahren"]}
{"index": {"_index": "codeable_concept", "_id": "f2e868f4-9c5f-3d19-9c75-b6eee09997ba"}}
{"termcode": {"code": "20720000", "display": "Plasmapheresis (procedure)", "system": "http://snomed.info/sct", "version": 2099}, "valuesets": ["https://www.medizininformatik-initiative.de/fhir/ext/modul-icu/ValueSet/MII_Code_Extrakorporale_Verfahren"]}
{"index": {"_index": "codeable_concept", "_id": "9e1fa268-ee58-3e03-81a2-080d2d6e72f4"}}
{"termcode": {"code": "233564000", "display": "Platelet apheresis using human leukocyte antigen matched donors (procedure)", "system": "http://snomed.info/sct", "version": 2099}, "valuesets": ["https://www.medizininformatik-initiative.de/fhir/ext/modul-icu/ValueSet/MII_Code_Extrakorporale_Verfahren"]}
{"index": {"_index": "codeable_concept", "_id": "973bb526-dc4a-39e0-bc04-76d0d6b8cb17"}}
{"termcode": {"code": "233565004", "display": "Platelet apheresis using random donors (procedure)", "system": "http://snomed.info/sct", "version": 2099}, "valuesets": ["https://www.medizininformatik-initiative.de/fhir/ext/modul-icu/ValueSet/MII_Code_Extrakorporale_Verfahren"]}
{"index": {"_index": "codeable_concept", "_id": "4bef6dfd-dd3d-3e90-9670-1a1ec386ae5b"}}
{"termcode": {"code": "225067007", "display": "Therapeutic plasma exchange (procedure)", "system": "http://snomed.info/sct", "version": 2099}, "valuesets": ["https://www.medizininformatik-initiative.de/fhir/ext/modul-icu/ValueSet/MII_Code_Extrakorporale_Verfahren"]}
{"index": {"_index": "codeable_concept", "_id": "87eb793e-9941-38a9-970c-48705009f7ab"}}
{"termcode": {"code": "19647005", "display": "Therapeutic plasmapheresis using plasma as the major replacement fluid (procedure)", "system": "http://snomed.info/sct", "version": 2099}, "valuesets": ["https://www.medizininformatik-initiative.de/fhir/ext/modul-icu/ValueSet/MII_Code_Extrakorporale_Verfahren"]}
