{"name": "Root", "module": "no-module", "url": "no-url", "children": [{"id": "4390a0d9-0b43-4d51-b55b-70d2ce02091b", "name": "modul-diagnose", "display": {"original": "Diagnose", "translations": [{"language": "de-DE", "value": "Diagnose"}, {"language": "en-US", "value": "Diagnosis"}]}, "url": "modul-diagnose", "module": "modul-diagnose", "selectable": false, "leaf": false, "fields": {"original": [], "translations": [{"language": "de-DE", "value": []}, {"language": "en-US", "value": []}]}, "children": [{"id": "87ea4717-9a91-4f21-99cb-5535a6a95b47", "name": "MII_PR_Diagnose_Condition", "display": {"original": "MII PR Diagnose Condition", "translations": [{"language": "de-DE", "value": "Diagnose"}, {"language": "en-US", "value": "Diagnosis"}]}, "fields": {"original": ["ReferenzPrimaerdiagnose", "Feststellungsdatum", "clinicalStatus", "verificationStatus", "code", "coding", "icd10-gm", "alpha-id", "sct", "orphanet", "bodySite", "coding", "snomed-ct", "encounter", "onset", "recordedDate", "note"], "translations": [{"language": "de-DE", "value": ["Feststellungsdatum", "Klinischer Status", "Verifizierungsstatus", "Code", "Körperstelle", "Fall oder Kontakt", "Beginn", "Aufzeichnungsdatum", "Hinweis"]}, {"language": "en-US", "value": ["Asserted date", "Clinical status", "Verification status", "Code", "Body site", "Encounter", "Onset", "Recorded date", "Note"]}]}, "module": "modul-diagnose", "url": "https://www.medizininformatik-initiative.de/fhir/core/modul-diagnose/StructureDefinition/Diagnose", "leaf": true, "selectable": true}]}, {"id": "ad3eadfd-ff96-409b-8774-6b1b1397adcf", "name": "modul-prozedur", "display": {"original": "Prozedur", "translations": [{"language": "de-DE", "value": "Prozedur"}, {"language": "en-US", "value": "Procedure"}]}, "url": "modul-prozedur", "module": "modul-prozedur", "selectable": false, "leaf": false, "fields": {"original": [], "translations": [{"language": "de-DE", "value": []}, {"language": "en-US", "value": []}]}, "children": [{"id": "3635d0d5-d9d6-4577-9beb-38ad6fce43d1", "name": "MII_PR_Prozedur_Procedure", "display": {"original": "MII PR Prozedur Procedure", "translations": [{"language": "de-DE", "value": "Prozedur"}, {"language": "en-US", "value": "Procedure"}]}, "fields": {"original": ["Dokumentationsdatum", "durchfuehrungsabsicht", "status", "category", "sct", "code", "coding", "ops", "Seitenlokalisation", "sct", "performed", "bodySite", "note"], "translations": [{"language": "de-DE", "value": ["Dokumentationsdatum", "Durchführungsabsicht", "Status", "Kategorie", "Code", "Durchführungsdatum", "Körperstelle", "Hinweis"]}, {"language": "en-US", "value": ["Recorded date", "Intention", "Status", "Category", "Code", "Performed date", "Body site", "Note"]}]}, "module": "modul-prozedur", "url": "https://www.medizininformatik-initiative.de/fhir/core/modul-prozedur/StructureDefinition/Procedure", "leaf": true, "selectable": true}]}, {"id": "c3b88849-456f-47ef-8037-fcd3817a4042", "name": "modul-person", "display": {"original": "Person", "translations": [{"language": "de-DE", "value": "Person"}, {"language": "en-US", "value": "Person"}]}, "url": "modul-person", "module": "modul-person", "selectable": false, "leaf": false, "fields": {"original": [], "translations": [{"language": "de-DE", "value": []}, {"language": "en-US", "value": []}]}, "children": [{"id": "6ca7fe77-0033-4bbc-9752-34917a8ec9a6", "name": "MII_PR_Person_Vitalstatus", "display": {"original": "MII PR Person Vitalstatus", "translations": [{"language": "de-DE", "value": "Vitalstatus"}, {"language": "en-US", "value": "Vital status"}]}, "fields": {"original": ["status", "category", "survey", "code", "coding", "loinc", "encounter", "effective", "value", "note"], "translations": [{"language": "de-DE", "value": ["Kategorie", "Code", "Fall oder Kontakt", "Zeitpunkt", "Wert", "Hinweis"]}, {"language": "en-US", "value": ["Category", "Code", "Encounter", "Point in time", "Value", "Note"]}]}, "module": "modul-person", "url": "https://www.medizininformatik-initiative.de/fhir/core/modul-person/StructureDefinition/Vitalstatus", "leaf": true, "selectable": true}, {"id": "9e784365-22db-41cc-8dfc-584d8b945c03", "name": "MII_PR_Person_PatientPseudonymisiert", "display": {"original": "MII PR Person Patient (Pseudonymisiert)", "translations": [{"language": "de-DE", "value": ""}, {"language": "en-US", "value": ""}]}, "fields": {"original": ["identifier", "PseudonymisierterIdentifier", "AnonymisierterIdentifier", "active", "gender", "other-amtlich", "birthDate", "deceased", "address", "Strassenanschrift", "gemeindeschluessel", "Postfach", "gemeindeschluessel", "link", "other"], "translations": [{"language": "de-DE", "value": []}, {"language": "en-US", "value": []}]}, "module": "modul-person", "url": "https://www.medizininformatik-initiative.de/fhir/core/modul-person/StructureDefinition/PatientPseudonymisiert", "leaf": true, "selectable": true}, {"id": "8f7535d4-e938-4a7b-8cdc-18ba7572133e", "name": "MII_PR_Person_Proband", "display": {"original": "MII PR Person Proband", "translations": [{"language": "de-DE", "value": ""}, {"language": "en-US", "value": ""}]}, "fields": {"original": ["identifier", "subjectIdentificationCode", "type", "status", "period", "study", "individual", "consent"], "translations": [{"language": "de-DE", "value": []}, {"language": "en-US", "value": []}]}, "module": "modul-person", "url": "https://www.medizininformatik-initiative.de/fhir/core/modul-person/StructureDefinition/ResearchSubject", "leaf": true, "selectable": true}, {"id": "0b92ea5c-3364-4751-9f97-478a7adc009b", "name": "MII_PR_Person_Patient", "display": {"original": "MII PR Person Patient", "translations": [{"language": "de-DE", "value": "Patient / Patientin"}, {"language": "en-US", "value": "Patient"}]}, "fields": {"original": ["identifier", "versichertenId", "type", "assigner", "identifier", "type", "pid", "type", "assigner", "type", "active", "name", "name", "namenszusatz", "nachname", "vorsatzwort", "prefix-qualifier", "geburtsname", "namenszusatz", "nachname", "vorsatzwort", "prefix-qualifier", "gender", "other-amtlich", "birthDate", "data-absent-reason", "deceased", "address", "Strassenanschrift", "Stadtteil", "Strasse", "Hausnummer", "Adresszusatz", "Postfach", "gemeindeschluessel", "Postfach", "Stadtteil", "Postfach", "gemeindeschluessel", "link", "other"], "translations": [{"language": "de-DE", "value": ["Identifikator", "Krankenversichertennummer", "Organisationsinterner Patienten-Identifikator", "Name", "Personenname", "Geburtsname", "Administratives Geschlecht", "Geburtsdatum", "Verstorben", "Adresse", "Straßenanschrift", "Postfach"]}, {"language": "en-US", "value": ["Identifier", "Health insurance number", "Organization-internal patient identifier", "Name", "Person's name", "Maiden name", "Administrative gender", "Date of birth", "Deceased", "Address", "Street address", "Postbox"]}]}, "module": "modul-person", "url": "https://www.medizininformatik-initiative.de/fhir/core/modul-person/StructureDefinition/Patient", "leaf": true, "selectable": true}, {"id": "11396cfd-f516-4470-95f1-25cbcac62218", "name": "MII_PR_Person_Todesursache", "display": {"original": "MII PR Person Todesursache", "translations": [{"language": "de-DE", "value": "Todesursache"}, {"language": "en-US", "value": "Cause of Death"}]}, "fields": {"original": ["clinicalStatus", "verificationStatus", "category", "todesDiagnose", "coding", "snomed", "loinc", "code", "coding", "icd10-who", "encounter", "recordedDate", "note"], "translations": [{"language": "de-DE", "value": ["Klinischer Status", "Verifizierungsstatus", "Kategorie", "Code", "Fall oder Kontakt", "Aufzeichnungsdatum", "Hinweis"]}, {"language": "en-US", "value": ["Clinical status", "Verification status", "Category", "Code", "Encounter", "Recorded date", "Note"]}]}, "module": "modul-person", "url": "https://www.medizininformatik-initiative.de/fhir/core/modul-person/StructureDefinition/Todesursache", "leaf": true, "selectable": true}]}, {"id": "00796966-b458-4981-a92e-e06f135f5e4f", "name": "modul-labor", "display": {"original": "Labor", "translations": [{"language": "de-DE", "value": "Labor"}, {"language": "en-US", "value": "Laboratory"}]}, "url": "modul-labor", "module": "modul-labor", "selectable": false, "leaf": false, "fields": {"original": [], "translations": [{"language": "de-DE", "value": []}, {"language": "en-US", "value": []}]}, "children": [{"id": "d3d37fba-a0d2-4058-92e9-28ab02828c28", "name": "MII_PR_Labor_Laborbefund", "display": {"original": "MII PR Labor Laborbefund", "translations": [{"language": "de-DE", "value": "Laborbefund"}, {"language": "en-US", "value": "Laboratory report"}]}, "fields": {"original": ["identifier", "befund", "type", "coding", "fillerV2", "assigner", "basedOn", "status", "category", "coding", "loinc-lab", "diagnostic-service-sections", "code", "coding", "loinc-labReport", "encounter", "effective", "issued", "performer", "identifier", "specimen", "identifier", "result", "conclusion"], "translations": [{"language": "de-DE", "value": ["Identifikator", "Basiert auf", "Status", "Kategorie", "Code", "Fall oder Kontakt", "Klinisches Bezugsdatum", "Dokumentationsdatum", "Ausführende*r", "Probenmaterial", "Ergebnis", "Schlussfolgerung"]}, {"language": "en-US", "value": ["Identifier", "Based on", "Status", "Category", "Code", "Encounter", "Clinical reference Date", "Issued", "Performer", "Specimen", "Result", "Conclusion"]}]}, "module": "modul-labor", "url": "https://www.medizininformatik-initiative.de/fhir/core/modul-labor/StructureDefinition/DiagnosticReportLab", "leaf": true, "selectable": true}, {"id": "680d4c66-b6f3-4c0a-9264-68f5dc476dce", "name": "MII_PR_Labor_Laboranforderung", "display": {"original": "MII PR Labor Laboranforderung", "translations": [{"language": "de-DE", "value": "Laboranforderung"}, {"language": "en-US", "value": "Laboratory order"}]}, "fields": {"original": ["identifier", "anforderung", "type", "coding", "placerv2", "assigner", "status", "intent", "category", "coding", "laboratory", "doNotPerform", "code", "encounter", "authoredOn", "specimen", "identifier"], "translations": [{"language": "de-DE", "value": ["Identifikator", "Status", "Intention", "Kategorie", "Code", "Fall oder Kontakt", "Anforderungsdatum", "Probenmaterial"]}, {"language": "en-US", "value": ["Identifier", "Status", "Intent", "Category", "Code", "Encounter", "Authored on", "Specimen"]}]}, "module": "modul-labor", "url": "https://www.medizininformatik-initiative.de/fhir/core/modul-labor/StructureDefinition/ServiceRequestLab", "leaf": true, "selectable": true}, {"id": "940e340b-8a46-4280-94b1-a3c1d86381db", "name": "MII_PR_Labor_Laboruntersuchung", "display": {"original": "MII PR Labor Laboruntersuchung", "translations": [{"language": "de-DE", "value": "Laboruntersuchung"}, {"language": "en-US", "value": "Laboratory test"}]}, "fields": {"original": ["identifier", "analyseBefundCode", "type", "coding", "observationInstanceV2", "assigner", "status", "category", "coding", "loinc-observation", "observation-category", "code", "encounter", "effective", "issued", "value", "dataAbsentReason", "interpretation", "note", "method", "specimen", "identifier", "device", "referenceRange"], "translations": [{"language": "de-DE", "value": ["Identifikator", "Status", "Kategorie", "Code", "Fall oder Kontakt", "Untersuchungszeitpunkt", "Dokumentationsdatum", "Messwert", "Grund für fehlende Daten", "Interpretation", "Hinweis", "Untersuchungsmethode", "Probenmaterial", "Gerät", "Referenzbereich"]}, {"language": "en-US", "value": ["Identifier", "Status", "Category", "Code", "Encounter", "Time of observation", "Issued", "Value", "Data absent reason", "Interpretation", "Note", "Method", "Specimen", "Device", "Reference range"]}]}, "module": "modul-labor", "url": "https://www.medizininformatik-initiative.de/fhir/core/modul-labor/StructureDefinition/ObservationLab", "leaf": true, "selectable": true}]}, {"id": "743bc9d7-bce3-4369-936d-13e990f02bf9", "name": "modul-medikation", "display": {"original": "Medikation", "translations": [{"language": "de-DE", "value": "Medikation"}, {"language": "en-US", "value": "Medication"}]}, "url": "modul-medikation", "module": "modul-medikation", "selectable": false, "leaf": false, "fields": {"original": [], "translations": [{"language": "de-DE", "value": []}, {"language": "en-US", "value": []}]}, "children": [{"id": "eecffd4c-49da-429c-a45e-7faaecd6ec29", "name": "MII_PR_Medikation_MedicationStatement", "display": {"original": "MII PR Medikation MedicationStatement", "translations": [{"language": "de-DE", "value": "Medikationseintrag"}, {"language": "en-US", "value": "Medication statement"}]}, "fields": {"original": ["identifier", "basedOn", "partOf", "status", "category", "medication", "context", "effective", "dateAsserted", "informationSource", "reasonCode", "reasonReference", "note", "dosage", "timing", "repeat", "site", "coding", "SNOMED", "route", "coding", "EDQM", "SNOMED", "doseAndRate", "dose", "rate", "maxDosePerPeriod", "numerator", "denominator", "maxDosePerAdministration"], "translations": [{"language": "de-DE", "value": ["Identifikator", "Basiert auf", "Teil von", "Status", "Kategorie", "Medikation", "Kontext", "Zeitpunkt oder Zeitraum", "Datum Bestätigung", "Informationsquelle", "Grund Code", "Grund Referenz", "Hinweis", "Dosierung"]}, {"language": "en-US", "value": ["Identifier", "Based on", "Part of", "Status", "Category", "Medication", "Context", "Date or period", "Date asserted", "Information source", "Reason code", "Reason reference", "Note", "Dosage"]}]}, "module": "modul-medikation", "url": "https://www.medizininformatik-initiative.de/fhir/core/modul-medikation/StructureDefinition/MedicationStatement", "leaf": true, "selectable": true}, {"id": "234bbefb-0015-4093-b1f2-0544029585a2", "name": "MII_PR_Medikation_Medikationsliste", "display": {"original": "MII PR Medikation Medikationsliste", "translations": [{"language": "de-DE", "value": "Medikationsliste"}, {"language": "en-US", "value": "Medicationlist"}]}, "fields": {"original": ["identifier", "status", "mode", "code", "coding", "medCode", "contextCode", "encounter", "date", "entry", "item"], "translations": [{"language": "de-DE", "value": ["Status", "Modus", "Code", "Fall oder Kontakt", "Datum", "Eintrag"]}, {"language": "en-US", "value": ["Status", "Mode", "Code", "Encounter", "Date", "Entry"]}]}, "module": "modul-medikation", "url": "https://www.medizininformatik-initiative.de/fhir/core/modul-medikation/StructureDefinition/medikationsliste", "leaf": true, "selectable": true}, {"id": "3c5611fe-b103-4e63-abe5-b9fb422bc0ed", "name": "MII_PR_Medikation_MedicationRequest", "display": {"original": "MII PR Medikation MedicationRequest", "translations": [{"language": "de-DE", "value": "Medikationsverordnung"}, {"language": "en-US", "value": "Medication request"}]}, "fields": {"original": ["identifier", "status", "intent", "doNotPerform", "medication", "encounter", "authoredOn", "requester", "recorder", "reasonCode", "reasonReference", "basedOn", "note", "dosageInstruction", "timing", "repeat", "site", "coding", "SNOMED", "route", "coding", "EDQM", "SNOMED", "doseAndRate", "dose", "rate", "maxDosePerPeriod", "numerator", "denominator", "maxDosePerAdministration", "substitution", "priorPrescription", "detectedIssue"], "translations": [{"language": "de-DE", "value": ["Identifikator", "Status", "Intention", "Medikation", "Fall / Kontakt", "Datum der Verordnung", "Anforderer", "Auftragserfasser", "Grund Code", "Grund Referenz", "Basiert auf", "Hinweis", "Dosierungsanweisung", "Dosierungsanweisung", "Vorherige Verschreibung", "Erkannte Probleme"]}, {"language": "en-US", "value": ["Identifier", "Status", "Intent", "Medication", "Encounter", "Authored on", "Requester", "Recorder", "Reason code", "Reason reference", "Based on", "Note", "Dosage instruction", "Dosage instruction", "Prior prescription", "Detected issue"]}]}, "module": "modul-medikation", "url": "https://www.medizininformatik-initiative.de/fhir/core/modul-medikation/StructureDefinition/MedicationRequest", "leaf": true, "selectable": true}, {"id": "5a5e6052-b32e-4af4-aef1-48503cf268ba", "name": "MII_PR_Medikation_Medication", "display": {"original": "MII PR Medikation Medication", "translations": [{"language": "de-DE", "value": ""}, {"language": "en-US", "value": "MII PR Medikation Medication"}]}, "fields": {"original": ["code", "coding", "Pharmazentralnummer", "atcClassDe", "atcClassEn", "status", "form", "coding", "EDQM", "ingredient", "Wirkstofftyp", "Wirkstoffrelation", "strength", "numerator", "denominator"], "translations": [{"language": "de-DE", "value": []}, {"language": "en-US", "value": []}]}, "module": "modul-medikation", "url": "https://www.medizininformatik-initiative.de/fhir/core/modul-medikation/StructureDefinition/Medication", "leaf": true, "selectable": true}, {"id": "884ef798-30eb-4fc5-9c76-ae5930c4cf1b", "name": "MII_PR_Medikation_MedicationAdministration", "display": {"original": "MII PR Medikation MedicationAdministration", "translations": [{"language": "de-DE", "value": "Medikationsverabreichung"}, {"language": "en-US", "value": "Medication administration"}]}, "fields": {"original": ["identifier", "partOf", "status", "category", "medication", "context", "effective", "performer", "reasonCode", "reasonReference", "request", "note", "dosage", "site", "coding", "SNOMED", "route", "coding", "EDQM", "SNOMED", "dose", "rate"], "translations": [{"language": "de-DE", "value": ["Identifikator", "Teil von", "Status", "Kategorie", "Medikation", "Kontext", "Zeitpunkt oder Zeitraum", "Ausführende*r", "Grund Code", "Grund Referenz", "Verordnung", "Hinweis", "Dosierung"]}, {"language": "en-US", "value": ["Identifier", "Part of", "Status", "Category", "Medication", "Context", "Date or period", "Performer", "Reason code", "Reason reference", "Request", "Note", "Dosage"]}]}, "module": "modul-medikation", "url": "https://www.medizininformatik-initiative.de/fhir/core/modul-medikation/StructureDefinition/MedicationAdministration", "leaf": true, "selectable": true}]}, {"id": "96477435-7506-463e-9ffa-8bc257fdd0a8", "name": "modul-fall", "display": {"original": "Fall", "translations": [{"language": "de-DE", "value": "Fall"}, {"language": "en-US", "value": "Case"}]}, "url": "modul-fall", "module": "modul-fall", "selectable": false, "leaf": false, "fields": {"original": [], "translations": [{"language": "de-DE", "value": []}, {"language": "en-US", "value": []}]}, "children": [{"id": "616a8d13-1f38-4ce0-9d61-ff516bdb3033", "name": "MII_PR_Fall_KontaktGesundheitseinrichtung", "display": {"original": "MII PR Fall Kontakt mit einer Gesundheitseinrichtung", "translations": [{"language": "de-DE", "value": "Fall - Kontakt mit einer Gesundheitseinrichtung"}, {"language": "en-US", "value": "Treatment case - Encounter with Health Care Facility"}]}, "fields": {"original": ["Aufnahmegrund", "ErsteUndZweiteStelle", "DritteStelle", "VierteStelle", "identifier", "Aufnahmenummer", "type", "vn-type", "status", "class", "type", "Kontaktebene", "KontaktArt", "serviceType", "coding", "Fachabteilungsschluessel", "ErweiterterFachabteilungsschluessel", "period", "diagnosis", "condition", "use", "coding", "Diagnosetyp", "DiagnosesubTyp", "hospitalization", "admitSource", "dischargeDisposition", "Entlassungsgrund", "location", "Zimmer", "location", "identifier", "physicalType", "Bett", "location", "identifier", "physicalType", "Station", "location", "identifier", "physicalType", "serviceProvider", "partOf"], "translations": [{"language": "de-DE", "value": ["Aufnahmegrund", "1. und 2. Stelle", "3. Stelle", "4. Stelle", "Identifikator", "Aufnahmenummer", "Status", "Kontaktklasse", "Typ des Kontaktes", "Kontaktebene", "Kontaktart", "Fachabteilung", "Zeitraum des Kontaktes", "Diagnosen", "Klinikaufenthalt", "Kontaktort", "Leistungserbringer", "Teil von Kontakt"]}, {"language": "en-US", "value": ["Admission reason", "1st and 2nd position", "3rd position", "4th position", "Identifier", "Admission number", "status", "Classification of patient encounter", "Type of encounter", "Level of encounter", "Type of encounter", "Department", "Period of encounter", "Diagnoses", "Hospitalization", "Location", "Service Provider", "Part of encounter"]}]}, "module": "modul-fall", "url": "https://www.medizininformatik-initiative.de/fhir/core/modul-fall/StructureDefinition/KontaktGesundheitseinrichtung", "leaf": true, "selectable": true}]}, {"id": "9e7d66c4-19db-454d-9806-0add649a257a", "name": "modul-biobank", "display": {"original": "Biobank", "translations": [{"language": "de-DE", "value": "Biobank"}, {"language": "en-US", "value": "Biobank"}]}, "url": "modul-biobank", "module": "modul-biobank", "selectable": false, "leaf": false, "fields": {"original": [], "translations": [{"language": "de-DE", "value": []}, {"language": "en-US", "value": []}]}, "children": [{"id": "19dd3969-a744-470b-ab30-2e9f5f914b81", "name": "ProfileSubstanceAdditiv", "display": {"original": "Profile - Substance - Additiv", "translations": [{"language": "de-DE", "value": ""}, {"language": "en-US", "value": ""}]}, "fields": {"original": ["status", "category", "code", "ingredient"], "translations": [{"language": "de-DE", "value": []}, {"language": "en-US", "value": []}]}, "module": "modul-biobank", "url": "https://www.medizininformatik-initiative.de/fhir/ext/modul-biobank/StructureDefinition/Substance", "leaf": true, "selectable": true}, {"id": "28794da6-ddf9-470e-8e62-35477d28a2c1", "name": "ProfileOrganizationSammlungBiobank", "display": {"original": "Profile - Organization - Sammlung/Biobank", "translations": [{"language": "de-DE", "value": ""}, {"language": "en-US", "value": ""}]}, "fields": {"original": ["beschreibung", "identifier", "bbmri-eric-id", "active", "type", "name", "alias", "partOf", "contact", "forschungskontakt", "rolle", "address"], "translations": [{"language": "de-DE", "value": []}, {"language": "en-US", "value": []}]}, "module": "modul-biobank", "url": "https://www.medizininformatik-initiative.de/fhir/ext/modul-biobank/StructureDefinition/Organization", "leaf": true, "selectable": true}, {"id": "981fead5-8750-4b23-b5ca-9eb5dfd83ed4", "name": "ProfileSpecimenBioprobeCore", "display": {"original": "Profile - Specimen - Bioprobe - Core", "translations": [{"language": "de-DE", "value": ""}, {"language": "en-US", "value": ""}]}, "fields": {"original": ["identifier", "status", "type", "parent", "request", "collection", "einstellungBlutversorgung", "bodySite", "sct", "icd-o-3", "fastingStatus", "processing", "temperaturbedingungen", "procedure", "sct", "additive", "lagerprozess", "temperaturbedingungen", "container", "type", "capacity", "specimenQuantity", "additive", "note"], "translations": [{"language": "de-DE", "value": []}, {"language": "en-US", "value": []}]}, "module": "modul-biobank", "url": "https://www.medizininformatik-initiative.de/fhir/ext/modul-biobank/StructureDefinition/SpecimenCore", "leaf": false, "selectable": false, "children": [{"id": "17cf25b4-d32d-4a9f-a95d-b235930e7c27", "name": "ProfileSpecimenBioprobe", "display": {"original": "Profile - Specimen - Bioprobe", "translations": [{"language": "de-DE", "value": ""}, {"language": "en-US", "value": ""}]}, "fields": {"original": ["festgestellteDiagnose", "gehoertZu", "identifier", "status", "type", "parent", "request", "collection", "einstellungBlutversorgung", "bodySite", "sct", "icd-o-3", "fastingStatus", "processing", "temperaturbedingungen", "procedure", "sct", "additive", "lagerprozess", "temperaturbedingungen", "container", "type", "capacity", "specimenQuantity", "additive", "note"], "translations": [{"language": "de-DE", "value": []}, {"language": "en-US", "value": []}]}, "module": "modul-biobank", "url": "https://www.medizininformatik-initiative.de/fhir/ext/modul-biobank/StructureDefinition/Specimen", "leaf": true, "selectable": true}]}]}, {"id": "37d03913-eaaf-43da-b26c-ffbc2a0fc063", "name": "modul-consent", "display": {"original": "Einwilligung", "translations": [{"language": "de-DE", "value": "Einwilligung"}, {"language": "en-US", "value": "Consent"}]}, "url": "modul-consent", "module": "modul-consent", "selectable": false, "leaf": false, "fields": {"original": [], "translations": [{"language": "de-DE", "value": []}, {"language": "en-US", "value": []}]}, "children": [{"id": "a79ae6ce-c177-49a6-80fa-340a66cc3646", "name": "MII_PR_Consent_Provenance", "display": {"original": "Profile - MI-I - Consent - Provenance", "translations": [{"language": "de-DE", "value": ""}, {"language": "en-US", "value": ""}]}, "fields": {"original": ["target", "recorded", "agent", "who", "entity", "what", "signature", "type", "who", "onBehalfOf"], "translations": [{"language": "de-DE", "value": []}, {"language": "en-US", "value": []}]}, "module": "modul-consent", "url": "https://www.medizininformatik-initiative.de/fhir/modul-consent/StructureDefinition/mii-pr-consent-provenance", "leaf": true, "selectable": true}, {"id": "dbd241ac-8ac2-4108-8a22-0dbd6106fef1", "name": "MII_PR_Consent_Einwilligung", "display": {"original": "Profile - MI-I - Consent - Einwilligung", "translations": [{"language": "de-DE", "value": ""}, {"language": "en-US", "value": ""}]}, "fields": {"original": ["domainReference", "domain", "status", "scope", "category", "loinc", "coding", "mii", "coding", "patient", "identifier", "dateTime", "organization", "source", "policy", "policyRule", "xacml", "provision", "period", "provision", "period", "code", "coding"], "translations": [{"language": "de-DE", "value": []}, {"language": "en-US", "value": []}]}, "module": "modul-consent", "url": "https://www.medizininformatik-initiative.de/fhir/modul-consent/StructureDefinition/mii-pr-consent-einwilligung", "leaf": true, "selectable": true}, {"id": "45375f06-498c-49e7-88e8-bc7219ba192a", "name": "MII_PR_Consent_DocumentReference", "display": {"original": "Profile - MI-I - Consent - DocumentReference", "translations": [{"language": "de-DE", "value": ""}, {"language": "en-US", "value": ""}]}, "fields": {"original": ["status", "content", "attachment"], "translations": [{"language": "de-DE", "value": []}, {"language": "en-US", "value": []}]}, "module": "modul-consent", "url": "https://www.medizininformatik-initiative.de/fhir/modul-consent/StructureDefinition/mii-pr-consent-documentreference", "leaf": true, "selectable": true}]}], "selectable": false}