{"name": "Root", "module": "no-module", "url": "no-url", "children": [{"id": "19644153-6fe7-4dc5-b141-0cd183bbd5ec", "name": "modul-diagnose", "display": {"original": "Diagnose", "translations": [{"language": "de-DE", "value": "Diagnose"}, {"language": "en-US", "value": "Diagnosis"}]}, "url": "modul-diagnose", "module": "modul-diagnose", "selectable": false, "leaf": false, "children": [{"id": "ad232d20-8c1d-46ca-a89c-7212b984e963", "name": "MII_PR_Diagnose_Condition", "display": {"original": "MII PR Diagnose Condition", "translations": [{"language": "de-DE", "value": ""}, {"language": "en-US", "value": ""}]}, "module": "modul-diagnose", "url": "https://www.medizininformatik-initiative.de/fhir/core/modul-diagnose/StructureDefinition/Diagnose", "leaf": true, "selectable": true}]}, {"id": "3990deb4-1835-4229-b116-c336bcaa9250", "name": "modul-prozedur", "display": {"original": "Prozedur", "translations": [{"language": "de-DE", "value": "Prozedur"}, {"language": "en-US", "value": "Procedure"}]}, "url": "modul-prozedur", "module": "modul-prozedur", "selectable": false, "leaf": false, "children": [{"id": "372a6ead-51c8-4080-8c4e-bbb285f8699f", "name": "MII_PR_Prozedur_Procedure", "display": {"original": "MII PR Prozedur Procedure", "translations": [{"language": "de-DE", "value": ""}, {"language": "en-US", "value": ""}]}, "module": "modul-prozedur", "url": "https://www.medizininformatik-initiative.de/fhir/core/modul-prozedur/StructureDefinition/Procedure", "leaf": true, "selectable": true}]}, {"id": "92014824-8d32-49a5-80da-4625002b02f6", "name": "modul-person", "display": {"original": "Person", "translations": [{"language": "de-DE", "value": "Person"}, {"language": "en-US", "value": "Person"}]}, "url": "modul-person", "module": "modul-person", "selectable": false, "leaf": false, "children": [{"id": "e3349d7f-2ded-442d-82f9-db362b094d26", "name": "MII_PR_Person_Vitalstatus", "display": {"original": "MII PR Person Vitalstatus", "translations": [{"language": "de-DE", "value": ""}, {"language": "en-US", "value": ""}]}, "module": "modul-person", "url": "https://www.medizininformatik-initiative.de/fhir/core/modul-person/StructureDefinition/Vitalstatus", "leaf": true, "selectable": true}, {"id": "e67a8820-ee39-468d-8577-eebf079a02ec", "name": "MII_PR_Person_PatientPseudonymisiert", "display": {"original": "MII PR Person Patient (Pseudonymisiert)", "translations": [{"language": "de-DE", "value": ""}, {"language": "en-US", "value": ""}]}, "module": "modul-person", "url": "https://www.medizininformatik-initiative.de/fhir/core/modul-person/StructureDefinition/PatientPseudonymisiert", "leaf": true, "selectable": true}, {"id": "713e0547-9b1b-4204-a78d-f4da0e1bd81d", "name": "MII_PR_Person_Proband", "display": {"original": "MII PR Person Proband", "translations": [{"language": "de-DE", "value": ""}, {"language": "en-US", "value": ""}]}, "module": "modul-person", "url": "https://www.medizininformatik-initiative.de/fhir/core/modul-person/StructureDefinition/ResearchSubject", "leaf": true, "selectable": true}, {"id": "35b7683e-a5f0-4ba9-a2a9-a8c3fee43c96", "name": "MII_PR_Person_Patient", "display": {"original": "MII PR Person Patient", "translations": [{"language": "de-DE", "value": ""}, {"language": "en-US", "value": ""}]}, "module": "modul-person", "url": "https://www.medizininformatik-initiative.de/fhir/core/modul-person/StructureDefinition/Patient", "leaf": true, "selectable": true}, {"id": "de744d7c-877e-41aa-9194-4e031add4808", "name": "MII_PR_Person_Todesursache", "display": {"original": "MII PR Person Todesursache", "translations": [{"language": "de-DE", "value": ""}, {"language": "en-US", "value": ""}]}, "module": "modul-person", "url": "https://www.medizininformatik-initiative.de/fhir/core/modul-person/StructureDefinition/Todesursache", "leaf": true, "selectable": true}]}, {"id": "40fd6a01-3bc5-4920-84a2-89bcc4157552", "name": "modul-labor", "display": {"original": "Labor", "translations": [{"language": "de-DE", "value": "Labor"}, {"language": "en-US", "value": "Laboratory"}]}, "url": "modul-labor", "module": "modul-labor", "selectable": false, "leaf": false, "children": [{"id": "7bde4572-7970-4545-b1b2-74c7c3ddc4c9", "name": "ProfileObservationLaboruntersuchung", "display": {"original": "Profile - Observation - Laboruntersuchung", "translations": [{"language": "de-DE", "value": ""}, {"language": "en-US", "value": ""}]}, "module": "modul-labor", "url": "https://www.medizininformatik-initiative.de/fhir/core/modul-labor/StructureDefinition/ObservationLab", "leaf": true, "selectable": true}, {"id": "9e95adc9-8854-4e9a-9400-c1f3144dfee3", "name": "ProfileServiceRequestLaboranforderung", "display": {"original": "Profile - ServiceRequest - Laboranforderung", "translations": [{"language": "de-DE", "value": ""}, {"language": "en-US", "value": ""}]}, "module": "modul-labor", "url": "https://www.medizininformatik-initiative.de/fhir/core/modul-labor/StructureDefinition/ServiceRequestLab", "leaf": true, "selectable": true}, {"id": "bd12c38e-641c-4d14-ad60-812324d6ee6a", "name": "ProfileDiagnosticReportLaborbefund", "display": {"original": "Profile - DiagnosticReport - Laborbefund", "translations": [{"language": "de-DE", "value": ""}, {"language": "en-US", "value": ""}]}, "module": "modul-labor", "url": "https://www.medizininformatik-initiative.de/fhir/core/modul-labor/StructureDefinition/DiagnosticReportLab", "leaf": true, "selectable": true}]}, {"id": "150463d0-ff7d-496e-b394-3d8c133f4b3e", "name": "modul-medikation", "display": {"original": "Medikation", "translations": [{"language": "de-DE", "value": "Medikation"}, {"language": "en-US", "value": "Medication"}]}, "url": "modul-medikation", "module": "modul-medikation", "selectable": false, "leaf": false, "children": [{"id": "f8df6d4e-c53b-4d45-8ccb-d74939ba09cc", "name": "MII_PR_Medikation_MedicationStatement", "display": {"original": "MII PR Medikation MedicationStatement", "translations": [{"language": "de-DE", "value": ""}, {"language": "en-US", "value": "MII PR Medikation MedicationStatement"}]}, "module": "modul-medikation", "url": "https://www.medizininformatik-initiative.de/fhir/core/modul-medikation/StructureDefinition/MedicationStatement", "leaf": true, "selectable": true}, {"id": "2f8ffb7a-555f-458d-8126-7e3a759bcdc9", "name": "MII_PR_Medikation_Medikationsliste", "display": {"original": "MII PR Medikation Medikationsliste", "translations": [{"language": "de-DE", "value": ""}, {"language": "en-US", "value": "MII PR Medikation Medicationlist"}]}, "module": "modul-medikation", "url": "https://www.medizininformatik-initiative.de/fhir/core/modul-medikation/StructureDefinition/medikationsliste", "leaf": true, "selectable": true}, {"id": "b0db83ce-b216-4f65-a653-f3019ce41ddf", "name": "MII_PR_Medikation_MedicationRequest", "display": {"original": "MII PR Medikation MedicationRequest", "translations": [{"language": "de-DE", "value": ""}, {"language": "en-US", "value": "MII PR Medikation MedicationRequest"}]}, "module": "modul-medikation", "url": "https://www.medizininformatik-initiative.de/fhir/core/modul-medikation/StructureDefinition/MedicationRequest", "leaf": true, "selectable": true}, {"id": "4f21da66-8c6d-4be3-9534-2241e731bd50", "name": "MII_PR_Medikation_Medication", "display": {"original": "MII PR Medikation Medication", "translations": [{"language": "de-DE", "value": ""}, {"language": "en-US", "value": "MII PR Medikation Medication"}]}, "module": "modul-medikation", "url": "https://www.medizininformatik-initiative.de/fhir/core/modul-medikation/StructureDefinition/Medication", "leaf": true, "selectable": true}, {"id": "7e99f2f7-94af-485a-8b6d-4e0758191987", "name": "MII_PR_Medikation_MedicationAdministration", "display": {"original": "MII PR Medikation MedicationAdministration", "translations": [{"language": "de-DE", "value": ""}, {"language": "en-US", "value": "MII PR Medikation MedicationAdministration"}]}, "module": "modul-medikation", "url": "https://www.medizininformatik-initiative.de/fhir/core/modul-medikation/StructureDefinition/MedicationAdministration", "leaf": true, "selectable": true}]}, {"id": "a67320a8-7ecf-4651-87f0-be78382683e9", "name": "modul-fall", "display": {"original": "Fall", "translations": [{"language": "de-DE", "value": "Fall"}, {"language": "en-US", "value": "Case"}]}, "url": "modul-fall", "module": "modul-fall", "selectable": false, "leaf": false, "children": [{"id": "6f0fbcd9-cc71-41a1-8e24-09a8900a7600", "name": "MII_PR_Fall_KontaktGesundheitseinrichtung", "display": {"original": "MII PR Fall Kontakt mit einer Gesundheitseinrichtung", "translations": [{"language": "de-DE", "value": "Fall - Kontakt mit einer Gesundheitseinrichtung"}, {"language": "en-US", "value": "Treatment case - Encounter with Health Care Facility"}]}, "module": "modul-fall", "url": "https://www.medizininformatik-initiative.de/fhir/core/modul-fall/StructureDefinition/KontaktGesundheitseinrichtung", "leaf": true, "selectable": true}]}, {"id": "69bdba43-cd41-4918-b601-2a0542b4fa8d", "name": "modul-biobank", "display": {"original": "Biobank", "translations": [{"language": "de-DE", "value": "Biobank"}, {"language": "en-US", "value": "Biobank"}]}, "url": "modul-biobank", "module": "modul-biobank", "selectable": false, "leaf": false, "children": [{"id": "8f344093-03f1-4c25-8ae0-c19bff8e5c77", "name": "ProfileSubstanceAdditiv", "display": {"original": "Profile - Substance - Additiv", "translations": [{"language": "de-DE", "value": ""}, {"language": "en-US", "value": ""}]}, "module": "modul-biobank", "url": "https://www.medizininformatik-initiative.de/fhir/ext/modul-biobank/StructureDefinition/Substance", "leaf": true, "selectable": true}, {"id": "a2544d20-ecfe-4e6e-ab8f-ff05d41bd121", "name": "ProfileOrganizationSammlungBiobank", "display": {"original": "Profile - Organization - Sammlung/Biobank", "translations": [{"language": "de-DE", "value": ""}, {"language": "en-US", "value": ""}]}, "module": "modul-biobank", "url": "https://www.medizininformatik-initiative.de/fhir/ext/modul-biobank/StructureDefinition/Organization", "leaf": true, "selectable": true}, {"id": "c141540e-0a91-4047-84e7-79f8448a3506", "name": "ProfileSpecimenBioprobeCore", "display": {"original": "Profile - Specimen - Bioprobe - Core", "translations": [{"language": "de-DE", "value": ""}, {"language": "en-US", "value": ""}]}, "module": "modul-biobank", "url": "https://www.medizininformatik-initiative.de/fhir/ext/modul-biobank/StructureDefinition/SpecimenCore", "leaf": false, "selectable": false, "children": [{"id": "e29e1ac8-731a-44aa-b0f0-2cdfe1a0f31a", "name": "ProfileSpecimenBioprobe", "display": {"original": "Profile - Specimen - Bioprobe", "translations": [{"language": "de-DE", "value": ""}, {"language": "en-US", "value": ""}]}, "module": "modul-biobank", "url": "https://www.medizininformatik-initiative.de/fhir/ext/modul-biobank/StructureDefinition/Specimen", "leaf": true, "selectable": true}]}]}, {"id": "5682cd02-424a-48db-aeb0-80168bfd83ad", "name": "modul-consent", "display": {"original": "Einwilligung", "translations": [{"language": "de-DE", "value": "Einwilligung"}, {"language": "en-US", "value": "Consent"}]}, "url": "modul-consent", "module": "modul-consent", "selectable": false, "leaf": false, "children": [{"id": "aef7fae8-0096-4245-9920-249d963bff5f", "name": "MII_PR_Consent_Provenance", "display": {"original": "Profile - MI-I - Consent - Provenance", "translations": [{"language": "de-DE", "value": ""}, {"language": "en-US", "value": ""}]}, "module": "modul-consent", "url": "https://www.medizininformatik-initiative.de/fhir/modul-consent/StructureDefinition/mii-pr-consent-provenance", "leaf": true, "selectable": true}, {"id": "d335ffe0-b2e4-409c-b63e-15e2ea727e89", "name": "MII_PR_Consent_Einwilligung", "display": {"original": "Profile - MI-I - Consent - Einwilligung", "translations": [{"language": "de-DE", "value": ""}, {"language": "en-US", "value": ""}]}, "module": "modul-consent", "url": "https://www.medizininformatik-initiative.de/fhir/modul-consent/StructureDefinition/mii-pr-consent-einwilligung", "leaf": true, "selectable": true}, {"id": "398ec935-4711-455e-ae0d-27f62ecc68f8", "name": "MII_PR_Consent_DocumentReference", "display": {"original": "Profile - MI-I - Consent - DocumentReference", "translations": [{"language": "de-DE", "value": ""}, {"language": "en-US", "value": ""}]}, "module": "modul-consent", "url": "https://www.medizininformatik-initiative.de/fhir/modul-consent/StructureDefinition/mii-pr-consent-documentreference", "leaf": true, "selectable": true}]}, {"id": "2d6fa0e0-fdca-4b51-ab61-f39ff736afc5", "name": "modul-icu", "display": {"original": "modul-icu", "translations": [{"language": "de-DE", "value": "modul-icu"}, {"language": "en-US", "value": "modul-icu"}]}, "url": "modul-icu", "module": "modul-icu", "selectable": false, "leaf": false, "children": [{"id": "baadab0f-3df5-4d29-b335-c74924eab851", "name": "SD_MII_ICU_Devicemetric_Eingestellte_Gemessene_Parameter_Beatmung", "display": {"original": "SD MII ICU DeviceMetric Eingestellte Gemessene Parameter Beatmung", "translations": [{"language": "de-DE", "value": ""}, {"language": "en-US", "value": ""}]}, "module": "modul-icu", "url": "https://www.medizininformatik-initiative.de/fhir/ext/modul-icu/StructureDefinition/devicemetric-eingestellte-gemessene-parameter-beatmung", "leaf": true, "selectable": true}, {"id": "60f983fb-49ff-48b0-803e-003e003a7f73", "name": "SD_MII_ICU_Monitoring_Und_Vitaldaten", "display": {"original": "SD MII ICU Monitoring und Vitaldaten", "translations": [{"language": "de-DE", "value": ""}, {"language": "en-US", "value": ""}]}, "module": "modul-icu", "url": "https://www.medizininformatik-initiative.de/fhir/ext/modul-icu/StructureDefinition/monitoring-und-vitaldaten", "leaf": false, "selectable": false, "children": [{"id": "077bd4d6-e50c-4ebc-9b47-a0404a5f5792", "name": "SD_MII_ICU_Linksventrikulaeres_Herzzeitvolumen_Durch_Indikatorverduennung", "display": {"original": "SD MII ICU Linksventrikulaeres Herzzeitvolumen Durch Indikatorverduennung", "translations": [{"language": "de-DE", "value": ""}, {"language": "en-US", "value": ""}]}, "module": "modul-icu", "url": "https://www.medizininformatik-initiative.de/fhir/ext/modul-icu/StructureDefinition/linksventrikulaeres-herzzeitvolumen-durch-indikatorverduennung", "leaf": true, "selectable": true}, {"id": "5730d9e9-f06c-419a-95ce-75d00eab64f7", "name": "SD_MII_ICU_Sauerstoffsaettigung_Im_Blut_Preduktal_Durch_Pulsoxymetrie", "display": {"original": "SD MII ICU Sauerstoffsaettigung Im Blut Preduktal Durch Pulsoxymetrie", "translations": [{"language": "de-DE", "value": ""}, {"language": "en-US", "value": ""}]}, "module": "modul-icu", "url": "https://www.medizininformatik-initiative.de/fhir/ext/modul-icu/StructureDefinition/sauerstoffsaettigung-im-blut-preduktal-durch-pulsoxymetrie", "leaf": true, "selectable": true}, {"id": "0d85ebee-2bbc-4cbc-a58e-07dfbd8d8462", "name": "SD_MII_ICU_Koerpertemperatur_Generisch", "display": {"original": "SD MII ICU Koerpertemperatur Generisch", "translations": [{"language": "de-DE", "value": ""}, {"language": "en-US", "value": ""}]}, "module": "modul-icu", "url": "https://www.medizininformatik-initiative.de/fhir/ext/modul-icu/StructureDefinition/koerpertemperatur-generisch", "leaf": false, "selectable": false, "children": [{"id": "0cbb02ac-1a59-48c0-b18b-a8c2c3d854d5", "name": "SD_MII_ICU_Koerpertemperatur_Brust", "display": {"original": "SD MII ICU Koerpertemperatur Brust", "translations": [{"language": "de-DE", "value": ""}, {"language": "en-US", "value": ""}]}, "module": "modul-icu", "url": "https://www.medizininformatik-initiative.de/fhir/ext/modul-icu/StructureDefinition/koerpertemperatur-brust", "leaf": true, "selectable": true}, {"id": "92a9c02b-4bc6-40f8-8f57-f2fb679b189c", "name": "SD_MII_ICU_Koerpertemperatur_Nasal", "display": {"original": "SD MII ICU Koerpertemperatur nasal", "translations": [{"language": "de-DE", "value": ""}, {"language": "en-US", "value": ""}]}, "module": "modul-icu", "url": "https://www.medizininformatik-initiative.de/fhir/ext/modul-icu/StructureDefinition/koerpertemperatur-nasal", "leaf": true, "selectable": true}, {"id": "69bc5d57-c1fa-4de4-b819-95855f615888", "name": "SD_MII_ICU_Koerpertemperatur_Rektal", "display": {"original": "SD MII ICU Koerpertemperatur rektal", "translations": [{"language": "de-DE", "value": ""}, {"language": "en-US", "value": ""}]}, "module": "modul-icu", "url": "https://www.medizininformatik-initiative.de/fhir/ext/modul-icu/StructureDefinition/koerpertemperatur-rektal", "leaf": true, "selectable": true}, {"id": "2d9cdcec-50a8-4986-ba55-5dbcce0e558d", "name": "SD_MII_ICU_Koerpertemperatur_Vaginal", "display": {"original": "SD MII ICU Koerpertemperatur vaginal", "translations": [{"language": "de-DE", "value": ""}, {"language": "en-US", "value": ""}]}, "module": "modul-icu", "url": "https://www.medizininformatik-initiative.de/fhir/ext/modul-icu/StructureDefinition/koerpertemperatur-vaginal", "leaf": true, "selectable": true}, {"id": "68519783-a5f1-443c-b0b7-2d794515e000", "name": "SD_MII_ICU_Koerpertemperatur_Lendenwirbelsaeule", "display": {"original": "SD MII ICU Koerpertemperatur Lendenwirbelsaeule", "translations": [{"language": "de-DE", "value": ""}, {"language": "en-US", "value": ""}]}, "module": "modul-icu", "url": "https://www.medizininformatik-initiative.de/fhir/ext/modul-icu/StructureDefinition/koerpertemperatur-lendenwirbelsaeule", "leaf": true, "selectable": true}, {"id": "49265211-6cff-4618-a3eb-1d4ab769d5f0", "name": "SD_MII_ICU_Koerpertemperatur_Trommelfell", "display": {"original": "SD MII ICU Koerpertemperatur Trommelfell", "translations": [{"language": "de-DE", "value": ""}, {"language": "en-US", "value": ""}]}, "module": "modul-icu", "url": "https://www.medizininformatik-initiative.de/fhir/ext/modul-icu/StructureDefinition/koerpertemperatur-trommelfell", "leaf": true, "selectable": true}, {"id": "e8e78a72-44d6-4008-a02d-00f2b36cd326", "name": "SD_MII_ICU_Koerpertemperatur_Unter_Der_Zunge", "display": {"original": "SD MII ICU Koerpertemperatur unter der Zunge", "translations": [{"language": "de-DE", "value": ""}, {"language": "en-US", "value": ""}]}, "module": "modul-icu", "url": "https://www.medizininformatik-initiative.de/fhir/ext/modul-icu/StructureDefinition/koerpertemperatur-unter-der-zunge", "leaf": true, "selectable": true}, {"id": "03623085-123b-4be3-81c7-a8ba050d970c", "name": "SD_MII_ICU_Koerpertemperatur_Leiste", "display": {"original": "SD MII ICU Koerpertemperatur Leiste", "translations": [{"language": "de-DE", "value": ""}, {"language": "en-US", "value": ""}]}, "module": "modul-icu", "url": "https://www.medizininformatik-initiative.de/fhir/ext/modul-icu/StructureDefinition/koerpertemperatur-leiste", "leaf": true, "selectable": true}, {"id": "4ca3d07d-7b98-4d62-8657-84624cbff9bc", "name": "SD_MII_ICU_Koerpertemperatur_Nasen_Rachen_Raum", "display": {"original": "SD MII ICU Koerpertemperatur Nasen-Rachen-Raum", "translations": [{"language": "de-DE", "value": ""}, {"language": "en-US", "value": ""}]}, "module": "modul-icu", "url": "https://www.medizininformatik-initiative.de/fhir/ext/modul-icu/StructureDefinition/koerpertemperatur-nasen-rachen-raum", "leaf": true, "selectable": true}, {"id": "cc6f115d-50e2-4d3f-8f81-8eb63ab6062d", "name": "SD_MII_ICU_Koerpertemperatur_Speiseroehre", "display": {"original": "SD MII ICU Koerpertemperatur Speiseroehre", "translations": [{"language": "de-DE", "value": ""}, {"language": "en-US", "value": ""}]}, "module": "modul-icu", "url": "https://www.medizininformatik-initiative.de/fhir/ext/modul-icu/StructureDefinition/koerpertemperatur-speiseroehre", "leaf": true, "selectable": true}, {"id": "8912c593-977e-48ed-87a9-fb8e911b21b3", "name": "SD_MII_ICU_Koerpertemperatur_Stirn", "display": {"original": "SD MII ICU Koerpertemperatur Stirn", "translations": [{"language": "de-DE", "value": ""}, {"language": "en-US", "value": ""}]}, "module": "modul-icu", "url": "https://www.medizininformatik-initiative.de/fhir/ext/modul-icu/StructureDefinition/koerpertemperatur-stirn", "leaf": true, "selectable": true}, {"id": "5bfbb320-c9fa-4378-8406-6d865f6d3ba3", "name": "SD_MII_ICU_Koerpertemperatur_Achsel", "display": {"original": "SD MII ICU Koerpertemperatur Achsel", "translations": [{"language": "de-DE", "value": ""}, {"language": "en-US", "value": ""}]}, "module": "modul-icu", "url": "https://www.medizininformatik-initiative.de/fhir/ext/modul-icu/StructureDefinition/koerpertemperatur-achsel", "leaf": true, "selectable": true}, {"id": "7b4b1a02-81d4-4bb8-a33b-12906c77fd47", "name": "SD_MII_ICU_Koerpertemperatur_Halswirbelsaeule", "display": {"original": "SD MII ICU Koerpertemperatur Halswirbelsaeule", "translations": [{"language": "de-DE", "value": ""}, {"language": "en-US", "value": ""}]}, "module": "modul-icu", "url": "https://www.medizininformatik-initiative.de/fhir/ext/modul-icu/StructureDefinition/koerpertemperatur-halswirbelsaeule", "leaf": true, "selectable": true}, {"id": "17d954ec-3762-44bd-8d20-f5408761f104", "name": "SD_MII_ICU_Koerpertemperatur_Kern", "display": {"original": "SD MII ICU Koerpertemperatur Kern", "translations": [{"language": "de-DE", "value": ""}, {"language": "en-US", "value": ""}]}, "module": "modul-icu", "url": "https://www.medizininformatik-initiative.de/fhir/ext/modul-icu/StructureDefinition/koerpertemperatur-kern", "leaf": true, "selectable": true}, {"id": "6731e95f-3be0-46c6-9819-e4dc46a5e1b3", "name": "SD_MII_ICU_Koerpertemperatur_Atemwege", "display": {"original": "SD MII ICU Koerpertemperatur Atemwege", "translations": [{"language": "de-DE", "value": ""}, {"language": "en-US", "value": ""}]}, "module": "modul-icu", "url": "https://www.medizininformatik-initiative.de/fhir/ext/modul-icu/StructureDefinition/koerpertemperatur-atemwege", "leaf": true, "selectable": true}, {"id": "41758e61-e896-4953-800b-f08b16b806fe", "name": "SD_MII_ICU_Koerpertemperatur_Blut", "display": {"original": "SD MII ICU Koerpertemperatur Blut", "translations": [{"language": "de-DE", "value": ""}, {"language": "en-US", "value": ""}]}, "module": "modul-icu", "url": "https://www.medizininformatik-initiative.de/fhir/ext/modul-icu/StructureDefinition/koerpertemperatur-blut", "leaf": true, "selectable": true}, {"id": "d554fce0-6128-4652-b159-5e3c5597e093", "name": "SD_MII_ICU_Koerpertemperatur_Brustwirbelsaeule", "display": {"original": "SD MII ICU Koerpertemperatur Brustwirbelsaeule", "translations": [{"language": "de-DE", "value": ""}, {"language": "en-US", "value": ""}]}, "module": "modul-icu", "url": "https://www.medizininformatik-initiative.de/fhir/ext/modul-icu/StructureDefinition/koerpertemperatur-brustwirbelsaeule", "leaf": true, "selectable": true}, {"id": "6a51e151-33a8-4f4c-9a96-7cd06a6085df", "name": "SD_MII_ICU_Koerpertemperatur_Harnblase", "display": {"original": "SD MII ICU Koerpertemperatur Harnblase", "translations": [{"language": "de-DE", "value": ""}, {"language": "en-US", "value": ""}]}, "module": "modul-icu", "url": "https://www.medizininformatik-initiative.de/fhir/ext/modul-icu/StructureDefinition/koerpertemperatur-harnblase", "leaf": true, "selectable": true}]}, {"id": "34bd0b58-bbde-43a7-82b8-6e529d59fc4b", "name": "SD_MII_ICU_Linksventrikulaeres_Schlagvolumenindex", "display": {"original": "SD MII ICU Linksventrikulaeres Schlagvolumenindex", "translations": [{"language": "de-DE", "value": ""}, {"language": "en-US", "value": ""}]}, "module": "modul-icu", "url": "https://www.medizininformatik-initiative.de/fhir/ext/modul-icu/StructureDefinition/linksventrikulaeres-schlagvolumenindex", "leaf": true, "selectable": true}, {"id": "42360a6f-efa4-4055-869a-c6274944ecfd", "name": "SD_MII_ICU_Linksventrikulaerer_Herzindex", "display": {"original": "SD MII ICU Linksventrikulaerer Herzindex", "translations": [{"language": "de-DE", "value": ""}, {"language": "en-US", "value": ""}]}, "module": "modul-icu", "url": "https://www.medizininformatik-initiative.de/fhir/ext/modul-icu/StructureDefinition/linksventrikulaerer-herzindex", "leaf": true, "selectable": true}, {"id": "c0bb7636-7e82-4858-99e4-cb860de9bf4b", "name": "SD_MII_ICU_Pulmonalarterieller_Wedge_Druck", "display": {"original": "SD MII ICU Pulmonalarterieller Wedge Druck", "translations": [{"language": "de-DE", "value": ""}, {"language": "en-US", "value": ""}]}, "module": "modul-icu", "url": "https://www.medizininformatik-initiative.de/fhir/ext/modul-icu/StructureDefinition/pulmonalarterieller-wedge-druck", "leaf": true, "selectable": true}, {"id": "4d82d3ee-eded-4e8a-9213-42ecfe5153e0", "name": "SD_MII_ICU_Sauerstoffsaettigung_Im_Arteriellen_Blut_Durch_Pulsoxymetrie", "display": {"original": "SD MII ICU Sauerstoffsaettigung Im Arteriellen Blut Durch Pulsoxymetrie", "translations": [{"language": "de-DE", "value": ""}, {"language": "en-US", "value": ""}]}, "module": "modul-icu", "url": "https://www.medizininformatik-initiative.de/fhir/ext/modul-icu/StructureDefinition/sauerstoffsaettigung-im-arteriellen-blut-durch-pulsoxymetrie", "leaf": true, "selectable": true}, {"id": "c50bec58-3f90-4b3a-bc8a-2700779baf46", "name": "SD_MII_ICU_Sauerstoffsaettigung_Im_Blut_Postduktal_Durch_Pulsoxymetrie", "display": {"original": "SD MII ICU Sauerstoffsaettigung Im Blut Postduktal Durch Pulsoxymetrie", "translations": [{"language": "de-DE", "value": ""}, {"language": "en-US", "value": ""}]}, "module": "modul-icu", "url": "https://www.medizininformatik-initiative.de/fhir/ext/modul-icu/StructureDefinition/sauerstoffsaettigung-im-blut-postduktal-durch-pulsoxymetrie", "leaf": true, "selectable": true}, {"id": "c6cf8d8b-804f-4816-bcd5-865b5315ac05", "name": "SD_MII_ICU_Linksventrikulaerer_Herzindex_Durch_Indikatorverduennung", "display": {"original": "SD MII ICU Linksventrikulaerer Herzindex durch Indikatorverduennung", "translations": [{"language": "de-DE", "value": ""}, {"language": "en-US", "value": ""}]}, "module": "modul-icu", "url": "https://www.medizininformatik-initiative.de/fhir/ext/modul-icu/StructureDefinition/linksventrikulaerer-herzindex-durch-indikatorverduennung", "leaf": true, "selectable": true}, {"id": "2f36346d-c897-45a6-8e9a-939551e5d70a", "name": "SD_MII_ICU_Linksventrikulaerer_Schlagvolumenindex_Durch_Indikatorverduennung", "display": {"original": "SD MII ICU Linksventrikulaerer Schlagvolumenindex Durch Indikatorverduennung", "translations": [{"language": "de-DE", "value": ""}, {"language": "en-US", "value": ""}]}, "module": "modul-icu", "url": "https://www.medizininformatik-initiative.de/fhir/ext/modul-icu/StructureDefinition/linksventrikulaerer-schlagvolumenindex-durch-indikatorverduennung", "leaf": true, "selectable": true}, {"id": "19a48bf1-150a-4ff9-bcb3-37c652fcfced", "name": "SD_MII_ICU_Herzfrequenz", "display": {"original": "SD MII ICU Herzfrequenz", "translations": [{"language": "de-DE", "value": ""}, {"language": "en-US", "value": ""}]}, "module": "modul-icu", "url": "https://www.medizininformatik-initiative.de/fhir/ext/modul-icu/StructureDefinition/herzfrequenz", "leaf": true, "selectable": true}, {"id": "e1bc0ec2-5ffa-4091-8fba-85c84656b510", "name": "SD_MII_ICU_Systemischer_Vaskulaerer_Widerstandsindex", "display": {"original": "SD MII ICU Systemischer Vaskulaerer Widerstandsindex", "translations": [{"language": "de-DE", "value": ""}, {"language": "en-US", "value": ""}]}, "module": "modul-icu", "url": "https://www.medizininformatik-initiative.de/fhir/ext/modul-icu/StructureDefinition/systemischer-vaskulaerer-widerstandsindex", "leaf": true, "selectable": true}, {"id": "6856650e-ed33-4f4e-9d66-cc4341ad641b", "name": "SD_MII_ICU_Puls", "display": {"original": "SD MII ICU Puls", "translations": [{"language": "de-DE", "value": ""}, {"language": "en-US", "value": ""}]}, "module": "modul-icu", "url": "https://www.medizininformatik-initiative.de/fhir/ext/modul-icu/StructureDefinition/puls", "leaf": true, "selectable": true}, {"id": "c3177bbb-2b26-467c-b456-696e856347d1", "name": "SD_MII_ICU_Linksventrikulaeres_Schlagvolumen_Durch_Indikatorverduennung", "display": {"original": "SD MII ICU Linksventrikulaeres Schlagvolumen Durch Indikatorverduennung", "translations": [{"language": "de-DE", "value": ""}, {"language": "en-US", "value": ""}]}, "module": "modul-icu", "url": "https://www.medizininformatik-initiative.de/fhir/ext/modul-icu/StructureDefinition/linksventrikulaeres-schlagvolumen-durch-indikatorverduennung", "leaf": true, "selectable": true}, {"id": "8d852251-0ffe-41fd-ae05-bdfa1ec26e81", "name": "SD_MII_ICU_Herzzeitvolumen", "display": {"original": "SD MII ICU Herzzeitvolumen", "translations": [{"language": "de-DE", "value": ""}, {"language": "en-US", "value": ""}]}, "module": "modul-icu", "url": "https://www.medizininformatik-initiative.de/fhir/ext/modul-icu/StructureDefinition/herzzeitvolumen", "leaf": true, "selectable": true}, {"id": "debb1fd8-b9e7-40d9-8a78-904ada3c740b", "name": "SD_MII_ICU_Intrakranieller_Druck_Icp", "display": {"original": "SD MII ICU Intrakranieller Druck ICP", "translations": [{"language": "de-DE", "value": ""}, {"language": "en-US", "value": ""}]}, "module": "modul-icu", "url": "https://www.medizininformatik-initiative.de/fhir/ext/modul-icu/StructureDefinition/intrakranieller-druck-icp", "leaf": true, "selectable": true}, {"id": "9ad29a88-5a92-4737-be3a-3796bdb1c38a", "name": "SD_MII_ICU_Koerpergewicht_Percentil_Altersabhaengig", "display": {"original": "SD MII ICU Koerpergewicht Percentil Altersabhaengig", "translations": [{"language": "de-DE", "value": ""}, {"language": "en-US", "value": ""}]}, "module": "modul-icu", "url": "https://www.medizininformatik-initiative.de/fhir/ext/modul-icu/StructureDefinition/koerpergewicht-percentil-altersabhaengig", "leaf": true, "selectable": true}, {"id": "1a146a65-ec82-401f-9f56-265df104f0e5", "name": "SD_MII_ICU_Zentralvenoeser_Blutdruck", "display": {"original": "SD MII ICU Zentralvenoeser Blutdruck", "translations": [{"language": "de-DE", "value": ""}, {"language": "en-US", "value": ""}]}, "module": "modul-icu", "url": "https://www.medizininformatik-initiative.de/fhir/ext/modul-icu/StructureDefinition/zentralvenoeser-blutdruck", "leaf": true, "selectable": true}, {"id": "d650f6d1-cb9a-4935-bf20-1815b7de41f8", "name": "SD_MII_ICU_Ideales_Koerpergewicht", "display": {"original": "SD MII ICU Ideales Koerpergewicht", "translations": [{"language": "de-DE", "value": ""}, {"language": "en-US", "value": ""}]}, "module": "modul-icu", "url": "https://www.medizininformatik-initiative.de/fhir/ext/modul-icu/StructureDefinition/ideales-koerpergewicht", "leaf": true, "selectable": true}, {"id": "c0e37a9d-cb92-45c0-8ebb-82434f27650a", "name": "SD_MII_ICU_Koerpergroesse_Percentil", "display": {"original": "SD MII ICU Koerpergroesse Percentil", "translations": [{"language": "de-DE", "value": ""}, {"language": "en-US", "value": ""}]}, "module": "modul-icu", "url": "https://www.medizininformatik-initiative.de/fhir/ext/modul-icu/StructureDefinition/koerpergroesse-percentil", "leaf": true, "selectable": true}, {"id": "cb6bfc2b-0ea4-4319-afaf-ecf7d903bccb", "name": "SD_MII_ICU_Pulmonalvaskulaerer_Widerstandsindex", "display": {"original": "SD MII ICU Pulmonalvaskulaerer Widerstandsindex", "translations": [{"language": "de-DE", "value": ""}, {"language": "en-US", "value": ""}]}, "module": "modul-icu", "url": "https://www.medizininformatik-initiative.de/fhir/ext/modul-icu/StructureDefinition/pulmonalvaskulaerer-widerstandsindex", "leaf": true, "selectable": true}, {"id": "3541cea0-4439-48fb-b584-4b7cd02febde", "name": "SD_MII_ICU_Linksventrikulaeres_Schlagvolumen", "display": {"original": "SD MII ICU Linksventrikulaeres Schlagvolumen", "translations": [{"language": "de-DE", "value": ""}, {"language": "en-US", "value": ""}]}, "module": "modul-icu", "url": "https://www.medizininformatik-initiative.de/fhir/ext/modul-icu/StructureDefinition/linksventrikulaeres-schlagvolumen", "leaf": true, "selectable": true}]}, {"id": "90a0ce36-0ccf-4321-8df7-19c3c41fd293", "name": "SD_MII_ICU_Sonstige_Pulsatile_Druecke_Generisch", "display": {"original": "SD MII ICU Sonstige pulsatile Druecke Generisch", "translations": [{"language": "de-DE", "value": ""}, {"language": "en-US", "value": ""}]}, "module": "modul-icu", "url": "https://www.medizininformatik-initiative.de/fhir/ext/modul-icu/StructureDefinition/sonstige-pulsatile-druecke-generisch", "leaf": false, "selectable": false, "children": [{"id": "2059eafa-782b-474e-beea-fbad1d0ead5c", "name": "SD_MII_ICU_Linksventrikulaerer_Druck", "display": {"original": "SD MII ICU Linksventrikulaerer Druck", "translations": [{"language": "de-DE", "value": ""}, {"language": "en-US", "value": ""}]}, "module": "modul-icu", "url": "https://www.medizininformatik-initiative.de/fhir/ext/modul-icu/StructureDefinition/linksventrikulaerer-druck", "leaf": true, "selectable": true}, {"id": "41f28420-3b7d-42a0-8725-18d66aafe752", "name": "SD_MII_ICU_Linksatrialer_Druck", "display": {"original": "SD MII ICU Linksatrialer Druck", "translations": [{"language": "de-DE", "value": ""}, {"language": "en-US", "value": ""}]}, "module": "modul-icu", "url": "https://www.medizininformatik-initiative.de/fhir/ext/modul-icu/StructureDefinition/linksatrialer-druck", "leaf": true, "selectable": true}, {"id": "9dfad1ac-7c1f-4450-8705-c08278a8f6cb", "name": "SD_MII_ICU_Rechtsatrialer_Druck", "display": {"original": "SD MII ICU Rechtsatrialer Druck", "translations": [{"language": "de-DE", "value": ""}, {"language": "en-US", "value": ""}]}, "module": "modul-icu", "url": "https://www.medizininformatik-initiative.de/fhir/ext/modul-icu/StructureDefinition/rechtsatrialer-druck", "leaf": true, "selectable": true}, {"id": "b30dd46d-c0b4-4234-89d7-c48bc7818b96", "name": "SD_MII_ICU_Rechtsventrikulaerer_Druck", "display": {"original": "SD MII ICU Rechtsventrikulaerer Druck", "translations": [{"language": "de-DE", "value": ""}, {"language": "en-US", "value": ""}]}, "module": "modul-icu", "url": "https://www.medizininformatik-initiative.de/fhir/ext/modul-icu/StructureDefinition/rechtsventrikulaerer-druck", "leaf": true, "selectable": true}, {"id": "50164c4d-7b9e-4a77-b1f6-2b18c7a8f547", "name": "SD_MII_ICU_Pulmonalarterieller_Blutdruck", "display": {"original": "SD MII ICU Pulmonalarterieller Blutdruck", "translations": [{"language": "de-DE", "value": ""}, {"language": "en-US", "value": ""}]}, "module": "modul-icu", "url": "https://www.medizininformatik-initiative.de/fhir/ext/modul-icu/StructureDefinition/pulmonalarterieller-blutdruck", "leaf": true, "selectable": true}]}, {"id": "403a3b42-7725-4e00-ab05-5ad3333afc2c", "name": "SD_MII_ICU_Parameter_Von_Beatmung", "display": {"original": "SD MII ICU Parameter von Beatmung", "translations": [{"language": "de-DE", "value": ""}, {"language": "en-US", "value": ""}]}, "module": "modul-icu", "url": "https://www.medizininformatik-initiative.de/fhir/ext/modul-icu/StructureDefinition/parameter-von-beatmung", "leaf": false, "selectable": false, "children": [{"id": "cb500d0e-d481-4df5-9be1-9536dfbbff2b", "name": "SD_MII_ICU_Maximaler_Beatmungsdruck", "display": {"original": "SD MII ICU Maximaler Beatmungsdruck", "translations": [{"language": "de-DE", "value": ""}, {"language": "en-US", "value": ""}]}, "module": "modul-icu", "url": "https://www.medizininformatik-initiative.de/fhir/ext/modul-icu/StructureDefinition/maximaler-beatmungsdruck", "leaf": true, "selectable": true}, {"id": "3d9133dd-16c1-438c-bdab-2157367142c8", "name": "SD_MII_ICU_Beatmungszeit_Hohem_Druck", "display": {"original": "SD MII ICU Beatmungszeit Hohem Druck", "translations": [{"language": "de-DE", "value": ""}, {"language": "en-US", "value": ""}]}, "module": "modul-icu", "url": "https://www.medizininformatik-initiative.de/fhir/ext/modul-icu/StructureDefinition/beatmungszeit-hohem-druck", "leaf": true, "selectable": true}, {"id": "e56e2650-3ae5-4279-a2dd-976fa55ef314", "name": "SD_MII_ICU_Atemzugvolumen_Einstellung", "display": {"original": "SD MII ICU Atemzugvolumen Einstellung", "translations": [{"language": "de-DE", "value": ""}, {"language": "en-US", "value": ""}]}, "module": "modul-icu", "url": "https://www.medizininformatik-initiative.de/fhir/ext/modul-icu/StructureDefinition/atemzugvolumen-einstellung", "leaf": true, "selectable": true}, {"id": "0028b8c9-98d2-4e2d-bc69-c032750081d7", "name": "SD_MII_ICU_Einstellung_Einatmungszeit_Beatmung", "display": {"original": "SD MII ICU Einstellung Einatmungszeit Beatmung", "translations": [{"language": "de-DE", "value": ""}, {"language": "en-US", "value": ""}]}, "module": "modul-icu", "url": "https://www.medizininformatik-initiative.de/fhir/ext/modul-icu/StructureDefinition/einstellung-einatmungszeit-beatmung", "leaf": true, "selectable": true}, {"id": "d84c14c6-254d-4a8e-a1b1-1a3de782e041", "name": "SD_MII_ICU_Inspiratorischer_Gasfluss", "display": {"original": "SD MII ICU Inspiratorischer Gasfluss", "translations": [{"language": "de-DE", "value": ""}, {"language": "en-US", "value": ""}]}, "module": "modul-icu", "url": "https://www.medizininformatik-initiative.de/fhir/ext/modul-icu/StructureDefinition/inspiratorischer-gasfluss", "leaf": true, "selectable": true}, {"id": "bf61e2c1-09e8-435c-ac6e-c81bcf2a4a7a", "name": "SD_MII_ICU_Spontane_Atemfrequenz_Beatmet", "display": {"original": "SD MII ICU Spontane Atemfrequenz Beatmet", "translations": [{"language": "de-DE", "value": ""}, {"language": "en-US", "value": ""}]}, "module": "modul-icu", "url": "https://www.medizininformatik-initiative.de/fhir/ext/modul-icu/StructureDefinition/spontane-atemfrequenz-beatmet", "leaf": true, "selectable": true}, {"id": "636d9de1-0b71-4ec1-8981-bc9a94b4e65f", "name": "SD_MII_ICU_Mittlerer_Beatmungsdruck", "display": {"original": "SD MII ICU Mittlerer Beatmungsdruck", "translations": [{"language": "de-DE", "value": ""}, {"language": "en-US", "value": ""}]}, "module": "modul-icu", "url": "https://www.medizininformatik-initiative.de/fhir/ext/modul-icu/StructureDefinition/mittlerer-beatmungsdruck", "leaf": true, "selectable": true}, {"id": "53b36ad7-2bc8-4784-adc6-062c56c909e6", "name": "SD_MII_ICU_Atemwegsdruck_Bei_Mittlerem_Expiratorischem_Gasfluss", "display": {"original": "SD MII ICU Atemwegsdruck Bei Mittlerem Expiratorischem Gasfluss", "translations": [{"language": "de-DE", "value": ""}, {"language": "en-US", "value": ""}]}, "module": "modul-icu", "url": "https://www.medizininformatik-initiative.de/fhir/ext/modul-icu/StructureDefinition/atemwegsdruck-bei-mittlerem-expiratorischem-gasfluss", "leaf": true, "selectable": true}, {"id": "0d31b481-7a39-44da-a52f-1c6139d9eda0", "name": "SD_MII_ICU_Zeitverhaeltnis_Ein_Ausatmung", "display": {"original": "SD MII ICU Zeitverhaeltnis Ein Ausatmung", "translations": [{"language": "de-DE", "value": ""}, {"language": "en-US", "value": ""}]}, "module": "modul-icu", "url": "https://www.medizininformatik-initiative.de/fhir/ext/modul-icu/StructureDefinition/zeitverhaeltnis-ein-ausatmung", "leaf": true, "selectable": true}, {"id": "94c453b4-2463-488a-96ef-afa4919e0216", "name": "SD_MII_ICU_Spontanes_Atemzugvolumen", "display": {"original": "SD MII ICU Spontanes Atemzugvolumen", "translations": [{"language": "de-DE", "value": ""}, {"language": "en-US", "value": ""}]}, "module": "modul-icu", "url": "https://www.medizininformatik-initiative.de/fhir/ext/modul-icu/StructureDefinition/spontanes-atemzugvolumen", "leaf": true, "selectable": true}, {"id": "d7526404-9a31-42b0-b383-82a2854c487f", "name": "SD_MII_ICU_Beatmungszeit_Niedrigem_Druck", "display": {"original": "SD MII ICU Beatmungszeit Niedrigem Druck", "translations": [{"language": "de-DE", "value": ""}, {"language": "en-US", "value": ""}]}, "module": "modul-icu", "url": "https://www.medizininformatik-initiative.de/fhir/ext/modul-icu/StructureDefinition/beatmungszeit-niedrigem-druck", "leaf": true, "selectable": true}, {"id": "2ddef0c0-b533-438e-ba05-9bbe9684f410", "name": "SD_MII_ICU_Atemzugvolumen_Waehrend_Beatmung", "display": {"original": "SD MII ICU Atemzugvolumen Waehrend Beatmung", "translations": [{"language": "de-DE", "value": ""}, {"language": "en-US", "value": ""}]}, "module": "modul-icu", "url": "https://www.medizininformatik-initiative.de/fhir/ext/modul-icu/StructureDefinition/atemzugvolumen-waehrend-beatmung", "leaf": true, "selectable": true}, {"id": "d0aed19f-294b-4fa2-b26c-2b7a14e894f7", "name": "SD_MII_ICU_Eingestellter_Inspiratorischer_Gasfluss", "display": {"original": "SD MII ICU Eingestellter Inspiratorischer Gasfluss", "translations": [{"language": "de-DE", "value": ""}, {"language": "en-US", "value": ""}]}, "module": "modul-icu", "url": "https://www.medizininformatik-initiative.de/fhir/ext/modul-icu/StructureDefinition/eingestellter-inspiratorischer-gasfluss", "leaf": true, "selectable": true}, {"id": "6d8c2a90-9820-4649-a4bc-57448a84bb68", "name": "SD_MII_ICU_Druckdifferenz_Beatmung", "display": {"original": "SD MII ICU Druckdifferenz Beatmung", "translations": [{"language": "de-DE", "value": ""}, {"language": "en-US", "value": ""}]}, "module": "modul-icu", "url": "https://www.medizininformatik-initiative.de/fhir/ext/modul-icu/StructureDefinition/druckdifferenz-beatmung", "leaf": true, "selectable": true}, {"id": "32019b02-81c0-41e5-a3eb-9a814fd098b7", "name": "SD_MII_ICU_Endexpiratorischer_Kohlendioxidpartialdruck", "display": {"original": "SD MII ICU Endexpiratorischer Kohlendioxidpartialdruck", "translations": [{"language": "de-DE", "value": ""}, {"language": "en-US", "value": ""}]}, "module": "modul-icu", "url": "https://www.medizininformatik-initiative.de/fhir/ext/modul-icu/StructureDefinition/endexpiratorischer-kohlendioxidpartialdruck", "leaf": true, "selectable": true}, {"id": "835a400b-61e0-4b11-96c2-5fffc57b8867", "name": "SD_MII_ICU_Inspiratorische_Sauerstofffraktion_Gemessen", "display": {"original": "SD MII ICU Inspiratorische Sauerstofffraktion Gemessen", "translations": [{"language": "de-DE", "value": ""}, {"language": "en-US", "value": ""}]}, "module": "modul-icu", "url": "https://www.medizininformatik-initiative.de/fhir/ext/modul-icu/StructureDefinition/inspiratorische-sauerstofffraktion-gemessen", "leaf": true, "selectable": true}, {"id": "95be0487-3218-4fef-b801-2078134df52c", "name": "SD_MII_ICU_Beatmungsvolumen_Pro_Minute_Maschineller_Beatmung", "display": {"original": "SD MII ICU Beatmungsvolumen Pro Minute Maschineller Beatmung", "translations": [{"language": "de-DE", "value": ""}, {"language": "en-US", "value": ""}]}, "module": "modul-icu", "url": "https://www.medizininformatik-initiative.de/fhir/ext/modul-icu/StructureDefinition/beatmungsvolumen-pro-minute-maschineller-beatmung", "leaf": true, "selectable": true}, {"id": "cb92b425-723a-4a54-9a89-75547e92c7af", "name": "SD_MII_ICU_Spontane_Mechanische_Atemfrequenz_Beatmet", "display": {"original": "SD MII ICU Spontane Mechanische Atemfrequenz Beatmet", "translations": [{"language": "de-DE", "value": ""}, {"language": "en-US", "value": ""}]}, "module": "modul-icu", "url": "https://www.medizininformatik-initiative.de/fhir/ext/modul-icu/StructureDefinition/spontane-mechanische-atemfrequenz-beatmet", "leaf": true, "selectable": true}, {"id": "845a5c8f-0c93-41d5-9f82-10f1239a9059", "name": "SD_MII_ICU_Inspiratorische_Sauerstofffraktion_Eingestellt", "display": {"original": "SD MII ICU Inspiratorische Sauerstofffraktion Eingestellt", "translations": [{"language": "de-DE", "value": ""}, {"language": "en-US", "value": ""}]}, "module": "modul-icu", "url": "https://www.medizininformatik-initiative.de/fhir/ext/modul-icu/StructureDefinition/inspiratorische-sauerstofffraktion-eingestellt", "leaf": true, "selectable": true}, {"id": "7dcf2827-f46f-483c-9a96-f93c9dc64ce0", "name": "SD_MII_ICU_Horowitz_In_Arteriellem_Blut", "display": {"original": "SD MII ICU Horowitz In Arteriellem Blut", "translations": [{"language": "de-DE", "value": ""}, {"language": "en-US", "value": ""}]}, "module": "modul-icu", "url": "https://www.medizininformatik-initiative.de/fhir/ext/modul-icu/StructureDefinition/horowitz-in-arteriellem-blut", "leaf": true, "selectable": true}, {"id": "48e65c17-59a2-44db-a1b1-2e2ee78c3545", "name": "SD_MII_ICU_Exspiratorischer_Gasfluss", "display": {"original": "SD MII ICU Exspiratorischer Gasfluss", "translations": [{"language": "de-DE", "value": ""}, {"language": "en-US", "value": ""}]}, "module": "modul-icu", "url": "https://www.medizininformatik-initiative.de/fhir/ext/modul-icu/StructureDefinition/exspiratorischer-gasfluss", "leaf": true, "selectable": true}, {"id": "83e9d91d-2a58-49b6-935a-b3af995272f2", "name": "SD_MII_ICU_Mechanische_Atemfrequenz_Beatmet", "display": {"original": "SD MII ICU Mechanische Atemfrequenz Beatmet", "translations": [{"language": "de-DE", "value": ""}, {"language": "en-US", "value": ""}]}, "module": "modul-icu", "url": "https://www.medizininformatik-initiative.de/fhir/ext/modul-icu/StructureDefinition/mechanische-atemfrequenz-beatmet", "leaf": true, "selectable": true}, {"id": "2262a95c-d69f-44e2-8fa8-b1916b0fe8fb", "name": "SD_MII_ICU_Exspiratorischer_Sauerstoffpartialdruck", "display": {"original": "SD MII ICU Exspiratorischer Sauerstoffpartialdruck", "translations": [{"language": "de-DE", "value": ""}, {"language": "en-US", "value": ""}]}, "module": "modul-icu", "url": "https://www.medizininformatik-initiative.de/fhir/ext/modul-icu/StructureDefinition/exspiratorischer-sauerstoffpartialdruck", "leaf": true, "selectable": true}, {"id": "a9322a16-a5bc-45b5-b962-4fe8f4a750e2", "name": "SD_MII_ICU_Einstellung_Ausatmungszeit_Beatmung", "display": {"original": "SD MII ICU Einstellung Ausatmungszeit Beatmung", "translations": [{"language": "de-DE", "value": ""}, {"language": "en-US", "value": ""}]}, "module": "modul-icu", "url": "https://www.medizininformatik-initiative.de/fhir/ext/modul-icu/StructureDefinition/einstellung-ausatmungszeit-beatmung", "leaf": true, "selectable": true}, {"id": "75df4fb7-3eb5-4e96-bbb6-83aab80738d1", "name": "SD_MII_ICU_Atemwegsdruck_Bei_Null_Expiratorischem_Gasfluss", "display": {"original": "SD MII ICU Atemwegsdruck Bei Null Expiratorischem Gasfluss", "translations": [{"language": "de-DE", "value": ""}, {"language": "en-US", "value": ""}]}, "module": "modul-icu", "url": "https://www.medizininformatik-initiative.de/fhir/ext/modul-icu/StructureDefinition/atemwegsdruck-bei-null-expiratorischem-gasfluss", "leaf": true, "selectable": true}, {"id": "a920150f-584c-499a-be15-eeb710bbfcae", "name": "SD_MII_ICU_Positiv_Endexpiratorischer_Druck", "display": {"original": "SD MII ICU Positiv Endexpiratorischer Druck", "translations": [{"language": "de-DE", "value": ""}, {"language": "en-US", "value": ""}]}, "module": "modul-icu", "url": "https://www.medizininformatik-initiative.de/fhir/ext/modul-icu/StructureDefinition/positiv-endexpiratorischer-druck", "leaf": true, "selectable": true}, {"id": "c74327ae-ff60-4706-94b3-2253694dc215", "name": "SD_MII_ICU_Spontanes_Mechanisches_Atemzugvolumen_Waehrend_Beatmung", "display": {"original": "SD MII ICU Spontanes Mechanisches Atemzugvolumen Waehrend Beatmung", "translations": [{"language": "de-DE", "value": ""}, {"language": "en-US", "value": ""}]}, "module": "modul-icu", "url": "https://www.medizininformatik-initiative.de/fhir/ext/modul-icu/StructureDefinition/spontanes-mechanisches-atemzugvolumen-waehrend-beatmung", "leaf": true, "selectable": true}, {"id": "22394366-dcbf-4b26-a124-c1d8ad35d082", "name": "SD_MII_ICU_Unterstuezungsdruck_Beatmung", "display": {"original": "SD MII ICU Unterstuezungsdruck Beatmung", "translations": [{"language": "de-DE", "value": ""}, {"language": "en-US", "value": ""}]}, "module": "modul-icu", "url": "https://www.medizininformatik-initiative.de/fhir/ext/modul-icu/StructureDefinition/unterstuetzungsdruck-beatmung", "leaf": true, "selectable": true}]}, {"id": "5e7bd2d9-0344-4f9e-84e2-b323f260381d", "name": "SD_MII_ICU_Parameter_Von_Extrakorporalen_Verfahren", "display": {"original": "SD MII ICU Parameter von Extrakorporalen Verfahren", "translations": [{"language": "de-DE", "value": ""}, {"language": "en-US", "value": ""}]}, "module": "modul-icu", "url": "https://www.medizininformatik-initiative.de/fhir/ext/modul-icu/StructureDefinition/parameter-von-extrakorporalen-verfahren", "leaf": false, "selectable": false, "children": [{"id": "9dbc2bba-a0fa-464e-848d-1d99c24ef807", "name": "SD_MII_ICU_Venoeser_Druck", "display": {"original": "SD MII ICU Venoeser Druck", "translations": [{"language": "de-DE", "value": ""}, {"language": "en-US", "value": ""}]}, "module": "modul-icu", "url": "https://www.medizininformatik-initiative.de/fhir/ext/modul-icu/StructureDefinition/venoeser-druck", "leaf": true, "selectable": true}, {"id": "2abd5fe9-0949-41b0-9888-22ac54e2ce93", "name": "SD_MII_ICU_Substituatvolumen", "display": {"original": "SD MII ICU Substituatvolumen", "translations": [{"language": "de-DE", "value": ""}, {"language": "en-US", "value": ""}]}, "module": "modul-icu", "url": "https://www.medizininformatik-initiative.de/fhir/ext/modul-icu/StructureDefinition/substituatvolumen", "leaf": true, "selectable": true}, {"id": "9a708461-6972-493c-bb12-e58ca6c06c0e", "name": "SD_MII_ICU_Sauerstoffgasfluss", "display": {"original": "SD MII ICU Sauerstoffgasfluss", "translations": [{"language": "de-DE", "value": ""}, {"language": "en-US", "value": ""}]}, "module": "modul-icu", "url": "https://www.medizininformatik-initiative.de/fhir/ext/modul-icu/StructureDefinition/sauerstoffgasfluss", "leaf": true, "selectable": true}, {"id": "d2fa6d04-3d12-4081-827d-e8347b39e753", "name": "SD_MII_ICU_Dauer_Extrakorporaler_Gasaustausch", "display": {"original": "SD MII ICU Dauer Extrakorporaler Gasaustausch", "translations": [{"language": "de-DE", "value": ""}, {"language": "en-US", "value": ""}]}, "module": "modul-icu", "url": "https://www.medizininformatik-initiative.de/fhir/ext/modul-icu/StructureDefinition/dauer-extrakorporaler-gasaustausch", "leaf": true, "selectable": true}, {"id": "337eb513-68e9-4751-a61b-4d66e43567a9", "name": "SD_MII_ICU_Blutfluss_Extrakorporaler_Gasaustausch", "display": {"original": "SD MII ICU Blutfluss Extrakorporaler Gasaustausch", "translations": [{"language": "de-DE", "value": ""}, {"language": "en-US", "value": ""}]}, "module": "modul-icu", "url": "https://www.medizininformatik-initiative.de/fhir/ext/modul-icu/StructureDefinition/blutfluss-extrakorporaler-gasaustausch", "leaf": true, "selectable": true}, {"id": "c5f96924-4527-4f38-89be-4e30b3610871", "name": "SD_MII_ICU_Haemodialyse_Blutfluss", "display": {"original": "SD MII ICU Haemodialyse Blutfluss", "translations": [{"language": "de-DE", "value": ""}, {"language": "en-US", "value": ""}]}, "module": "modul-icu", "url": "https://www.medizininformatik-initiative.de/fhir/ext/modul-icu/StructureDefinition/haemodialyse-blutfluss", "leaf": true, "selectable": true}, {"id": "80d010b1-d85b-4450-b396-03da97b783b5", "name": "SD_MII_ICU_Blutfluss_Cardiovasculaeres_Geraet", "display": {"original": "SD MII ICU Blutfluss Cardiovasculaeres Geraet", "translations": [{"language": "de-DE", "value": ""}, {"language": "en-US", "value": ""}]}, "module": "modul-icu", "url": "https://www.medizininformatik-initiative.de/fhir/ext/modul-icu/StructureDefinition/blutfluss-cardiovasculaeres-geraet", "leaf": true, "selectable": true}, {"id": "0a377365-0fa2-4ef2-9c03-982178e718eb", "name": "SD_MII_ICU_Ionisiertes_Kalzium_Nierenersatzverfahren", "display": {"original": "SD MII ICU Ionisiertes Kalzium Nierenersatzverfahren", "translations": [{"language": "de-DE", "value": ""}, {"language": "en-US", "value": ""}]}, "module": "modul-icu", "url": "https://www.medizininformatik-initiative.de/fhir/ext/modul-icu/StructureDefinition/ionisiertes-kalzium-nierenersatzverfahren", "leaf": true, "selectable": true}, {"id": "36f26839-e13c-4b67-9bbe-d753d891cfd0", "name": "SD_MII_ICU_Dauer_Haemodialysesitzung", "display": {"original": "SD MII ICU Dauer Haemodialysesitzung", "translations": [{"language": "de-DE", "value": ""}, {"language": "en-US", "value": ""}]}, "module": "modul-icu", "url": "https://www.medizininformatik-initiative.de/fhir/ext/modul-icu/StructureDefinition/dauer-haemodialysesitzung", "leaf": true, "selectable": true}, {"id": "2f4a0b12-a368-449b-9dde-609408cd2238", "name": "SD_MII_ICU_Arterieller_Druck", "display": {"original": "SD MII ICU Arterieller Druck", "translations": [{"language": "de-DE", "value": ""}, {"language": "en-US", "value": ""}]}, "module": "modul-icu", "url": "https://www.medizininformatik-initiative.de/fhir/ext/modul-icu/StructureDefinition/arterieller-druck", "leaf": true, "selectable": true}, {"id": "eebefc0a-91e4-477a-af72-2e6cb6f7d1c5", "name": "SD_MII_ICU_Blutflussindex_Extrakorporaler_Gasaustausch", "display": {"original": "SD MII ICU Blutflussindex Extrakorporaler Gasaustausch", "translations": [{"language": "de-DE", "value": ""}, {"language": "en-US", "value": ""}]}, "module": "modul-icu", "url": "https://www.medizininformatik-initiative.de/fhir/ext/modul-icu/StructureDefinition/blutflussindex-extrakorporaler-gasaustausch", "leaf": true, "selectable": true}, {"id": "925243a2-92c9-473f-ba13-1a74e97bafae", "name": "SD_MII_ICU_Substituatfluss", "display": {"original": "SD MII ICU Substituatfluss", "translations": [{"language": "de-DE", "value": ""}, {"language": "en-US", "value": ""}]}, "module": "modul-icu", "url": "https://www.medizininformatik-initiative.de/fhir/ext/modul-icu/StructureDefinition/substituatfluss", "leaf": true, "selectable": true}]}, {"id": "1dc70f85-b828-445c-acd9-28a939e32cc8", "name": "SD_MII_ICU_Icu_Device", "display": {"original": "SD MII ICU ICU Device", "translations": [{"language": "de-DE", "value": ""}, {"language": "en-US", "value": ""}]}, "module": "modul-icu", "url": "https://www.medizininformatik-initiative.de/fhir/ext/modul-icu/StructureDefinition/icu-device", "leaf": true, "selectable": true}, {"id": "be0bd978-0b1e-4a4a-bd1e-411f1f073c0e", "name": "SD_MII_ICU_Devicemetric_Eingestellte_Gemessene_Parameter_Extrakorporale_Verfahren", "display": {"original": "SD MII ICU DeviceMetric Eingestellte Gemessene Parameter Extrakorporale Verfahren", "translations": [{"language": "de-DE", "value": ""}, {"language": "en-US", "value": ""}]}, "module": "modul-icu", "url": "https://www.medizininformatik-initiative.de/fhir/ext/modul-icu/StructureDefinition/devicemetric-eingestellte-gemessene-parameter-extrakorporale-verfahren", "leaf": true, "selectable": true}]}, {"id": "fe7eaaf2-e7ee-491e-b3aa-6ab2913eb639", "name": "modul-molgen", "display": {"original": "modul-molgen", "translations": [{"language": "de-DE", "value": "modul-molgen"}, {"language": "en-US", "value": "modul-molgen"}]}, "url": "modul-molgen", "module": "modul-molgen", "selectable": false, "leaf": false, "children": [{"id": "b08bcb9f-678e-463a-8c5f-d4598c9f286c", "name": "MII_PR_MolGen_Genotyp", "display": {"original": "MII PR MolGen Genotyp", "translations": [{"language": "de-DE", "value": ""}, {"language": "en-US", "value": ""}]}, "module": "modul-molgen", "url": "https://www.medizininformatik-initiative.de/fhir/ext/modul-molgen/StructureDefinition/genotyp", "leaf": true, "selectable": true}, {"id": "e3aceb7c-f911-4fac-a0d4-8eaec59760f6", "name": "MII_PR_MolGen_Medikationsempfehlung", "display": {"original": "MII PR MolGen Medikationsempfehlung", "translations": [{"language": "de-DE", "value": ""}, {"language": "en-US", "value": ""}]}, "module": "modul-molgen", "url": "https://www.medizininformatik-initiative.de/fhir/ext/modul-molgen/StructureDefinition/medikationsempfehlung", "leaf": true, "selectable": true}, {"id": "77f4c35c-8f40-411d-99a1-fba23fcac263", "name": "MII_PR_MolGen_EmpfohleneFolgemassnahme", "display": {"original": "MII PR MolGen Empfohlene Folgema\u00dfnahme", "translations": [{"language": "de-DE", "value": ""}, {"language": "en-US", "value": ""}]}, "module": "modul-molgen", "url": "https://www.medizininformatik-initiative.de/fhir/ext/modul-molgen/StructureDefinition/empfohlene-folgemassnahme", "leaf": true, "selectable": true}, {"id": "00f891ae-0e67-459f-be1f-9f62ac5798f0", "name": "MII_PR_MolGen_Familienanamnese", "display": {"original": "MII PR MolGen Familienanamnese", "translations": [{"language": "de-DE", "value": ""}, {"language": "en-US", "value": ""}]}, "module": "modul-molgen", "url": "https://www.medizininformatik-initiative.de/fhir/ext/modul-molgen/StructureDefinition/familienanamnese", "leaf": true, "selectable": true}, {"id": "c37bf15b-cfe7-440c-9eb1-d0864ec6b95f", "name": "MII_PR_MolGen_ErgebnisZusammenfassung", "display": {"original": "MII PR MolGen Ergebnis Zusammenfassung", "translations": [{"language": "de-DE", "value": ""}, {"language": "en-US", "value": ""}]}, "module": "modul-molgen", "url": "https://www.medizininformatik-initiative.de/fhir/ext/modul-molgen/StructureDefinition/ergebnis-zusammenfassung", "leaf": true, "selectable": true}, {"id": "d29a0e0b-9be9-40ad-8358-44981d7848b2", "name": "MII_PR_MolGen_MolekulargenetischerBefundbericht", "display": {"original": "MII PR MolGen Molekulargenetischer Befundbericht", "translations": [{"language": "de-DE", "value": ""}, {"language": "en-US", "value": ""}]}, "module": "modul-molgen", "url": "https://www.medizininformatik-initiative.de/fhir/ext/modul-molgen/StructureDefinition/molekulargenetischer-befundbericht", "leaf": true, "selectable": true}, {"id": "e0f93f67-25ec-4732-83c2-abec53ead7da", "name": "MII_PR_MolGen_DiagnostischeImplikation", "display": {"original": "MII PR MolGen Diagnostische Implikation", "translations": [{"language": "de-DE", "value": ""}, {"language": "en-US", "value": ""}]}, "module": "modul-molgen", "url": "https://www.medizininformatik-initiative.de/fhir/ext/modul-molgen/StructureDefinition/diagnostische-implikation", "leaf": true, "selectable": true}, {"id": "05dc2b7e-4d46-450d-a893-b37a7745b716", "name": "MII_PR_MolGen_AnforderungGenetischerTest", "display": {"original": "MII PR MolGen Anforderung genetischer Test", "translations": [{"language": "de-DE", "value": ""}, {"language": "en-US", "value": ""}]}, "module": "modul-molgen", "url": "https://www.medizininformatik-initiative.de/fhir/ext/modul-molgen/StructureDefinition/anforderung-genetischer-test", "leaf": true, "selectable": true}, {"id": "299042ce-4233-42f7-9e2e-caebe6756f95", "name": "MII_PR_MolGen_Mikrosatelliteninstabilitaet", "display": {"original": "MII PR MolGen Mikrosatelliteninstabilit\u00e4t", "translations": [{"language": "de-DE", "value": ""}, {"language": "en-US", "value": ""}]}, "module": "modul-molgen", "url": "https://www.medizininformatik-initiative.de/fhir/ext/modul-molgen/StructureDefinition/mikrosatelliteninstabilitaet", "leaf": true, "selectable": true}, {"id": "b18e0e44-aaa0-40b0-8cd1-62fb5a687d80", "name": "MII_PR_MolGen_Mutationslast", "display": {"original": "MII PR MolGen Mutationslast", "translations": [{"language": "de-DE", "value": ""}, {"language": "en-US", "value": ""}]}, "module": "modul-molgen", "url": "https://www.medizininformatik-initiative.de/fhir/ext/modul-molgen/StructureDefinition/mutationslast", "leaf": true, "selectable": true}, {"id": "3f0b6543-f218-4137-b825-807763c1e999", "name": "MII_PR_MolGen_Variante", "display": {"original": "MII PR MolGen Variante", "translations": [{"language": "de-DE", "value": ""}, {"language": "en-US", "value": ""}]}, "module": "modul-molgen", "url": "https://www.medizininformatik-initiative.de/fhir/ext/modul-molgen/StructureDefinition/variante", "leaf": true, "selectable": true}, {"id": "8e188684-5298-4ad7-b4fc-850798146267", "name": "MII_PR_MolGen_TherapeutischeImplikation", "display": {"original": "MII PR MolGen Therapeutische Implikation", "translations": [{"language": "de-DE", "value": ""}, {"language": "en-US", "value": ""}]}, "module": "modul-molgen", "url": "https://www.medizininformatik-initiative.de/fhir/ext/modul-molgen/StructureDefinition/therapeutische-implikation", "leaf": true, "selectable": true}, {"id": "98d94e73-f799-4de9-b9c7-805166d64479", "name": "MII_PR_MolGen_UntersuchteRegion", "display": {"original": "MII PR MolGen Untersuchte Region", "translations": [{"language": "de-DE", "value": ""}, {"language": "en-US", "value": ""}]}, "module": "modul-molgen", "url": "https://www.medizininformatik-initiative.de/fhir/ext/modul-molgen/StructureDefinition/untersuchte-region", "leaf": true, "selectable": true}, {"id": "f3b41f84-4c4e-4706-9619-d5723a11362c", "name": "MII_PR_MolGen_PolygenerRisikoScore", "display": {"original": "MII PR MolGen Polygener Risiko Score", "translations": [{"language": "de-DE", "value": ""}, {"language": "en-US", "value": ""}]}, "module": "modul-molgen", "url": "https://www.medizininformatik-initiative.de/fhir/ext/modul-molgen/StructureDefinition/polygener-risiko-score", "leaf": true, "selectable": true}]}], "selectable": false}