{"name": "Root", "module": "no-module", "url": "no-url", "children": [{"id": "6c9e8d3a-3b8a-4428-a430-cc5c74d41e78", "name": "modul-diagnose", "display": {"original": "Diagnose", "translations": [{"language": "de-DE", "value": "Diagnose"}, {"language": "en-US", "value": "Diagnosis"}]}, "url": "modul-diagnose", "module": "modul-diagnose", "selectable": false, "leaf": false, "children": [{"id": "b4550d0a-74f6-42fd-b5b8-003a9395e06f", "name": "MII_PR_Diagnose_Condition", "display": {"original": "MII PR Diagnose Condition", "translations": [{"language": "de-DE", "value": ""}, {"language": "en-US", "value": ""}]}, "module": "modul-diagnose", "url": "https://www.medizininformatik-initiative.de/fhir/core/modul-diagnose/StructureDefinition/Diagnose", "leaf": true, "selectable": true}]}, {"id": "99d54957-810e-44f4-a797-d17807a1a7b4", "name": "modul-prozedur", "display": {"original": "Prozedur", "translations": [{"language": "de-DE", "value": "Prozedur"}, {"language": "en-US", "value": "Procedure"}]}, "url": "modul-prozedur", "module": "modul-prozedur", "selectable": false, "leaf": false, "children": [{"id": "d015647c-0738-4f51-9ca8-80e52ec55228", "name": "MII_PR_Prozedur_Procedure", "display": {"original": "MII PR Prozedur Procedure", "translations": [{"language": "de-DE", "value": ""}, {"language": "en-US", "value": ""}]}, "module": "modul-prozedur", "url": "https://www.medizininformatik-initiative.de/fhir/core/modul-prozedur/StructureDefinition/Procedure", "leaf": true, "selectable": true}]}, {"id": "cc481091-a209-4d44-a852-f1e20f02e2ac", "name": "modul-person", "display": {"original": "Person", "translations": [{"language": "de-DE", "value": "Person"}, {"language": "en-US", "value": "Person"}]}, "url": "modul-person", "module": "modul-person", "selectable": false, "leaf": false, "children": [{"id": "ff8232a3-868a-49ae-9f6c-6aa54ebf6a5a", "name": "MII_PR_Person_Vitalstatus", "display": {"original": "MII PR Person Vitalstatus", "translations": [{"language": "de-DE", "value": ""}, {"language": "en-US", "value": ""}]}, "module": "modul-person", "url": "https://www.medizininformatik-initiative.de/fhir/core/modul-person/StructureDefinition/Vitalstatus", "leaf": true, "selectable": true}, {"id": "ae131b5c-5af5-4ee6-8f58-62d48148925a", "name": "MII_PR_Person_PatientPseudonymisiert", "display": {"original": "MII PR Person Patient (Pseudonymisiert)", "translations": [{"language": "de-DE", "value": ""}, {"language": "en-US", "value": ""}]}, "module": "modul-person", "url": "https://www.medizininformatik-initiative.de/fhir/core/modul-person/StructureDefinition/PatientPseudonymisiert", "leaf": true, "selectable": true}, {"id": "9ae4c4b7-d676-4bb6-8af6-4cdc9f07b799", "name": "MII_PR_Person_Proband", "display": {"original": "MII PR Person Proband", "translations": [{"language": "de-DE", "value": ""}, {"language": "en-US", "value": ""}]}, "module": "modul-person", "url": "https://www.medizininformatik-initiative.de/fhir/core/modul-person/StructureDefinition/ResearchSubject", "leaf": true, "selectable": true}, {"id": "7c2c8c23-8034-4f8a-ad52-2b2501080fba", "name": "MII_PR_Person_Patient", "display": {"original": "MII PR Person Patient", "translations": [{"language": "de-DE", "value": ""}, {"language": "en-US", "value": ""}]}, "module": "modul-person", "url": "https://www.medizininformatik-initiative.de/fhir/core/modul-person/StructureDefinition/Patient", "leaf": true, "selectable": true}, {"id": "a9134c18-52a3-4666-8155-e9090d5d407b", "name": "MII_PR_Person_Todesursache", "display": {"original": "MII PR Person Todesursache", "translations": [{"language": "de-DE", "value": ""}, {"language": "en-US", "value": ""}]}, "module": "modul-person", "url": "https://www.medizininformatik-initiative.de/fhir/core/modul-person/StructureDefinition/Todesursache", "leaf": true, "selectable": true}]}, {"id": "36a7eeae-2797-4cec-a4ba-f7ae36cea860", "name": "modul-labor", "display": {"original": "Labor", "translations": [{"language": "de-DE", "value": "Labor"}, {"language": "en-US", "value": "Laboratory"}]}, "url": "modul-labor", "module": "modul-labor", "selectable": false, "leaf": false, "children": [{"id": "7c19d29a-5c7b-4a39-b1e3-5dd33577533e", "name": "ProfileObservationLaboruntersuchung", "display": {"original": "Profile - Observation - Laboruntersuchung", "translations": [{"language": "de-DE", "value": ""}, {"language": "en-US", "value": ""}]}, "module": "modul-labor", "url": "https://www.medizininformatik-initiative.de/fhir/core/modul-labor/StructureDefinition/ObservationLab", "leaf": true, "selectable": true}, {"id": "8fb012b5-1c1e-45ec-8874-9adcd16d0586", "name": "ProfileServiceRequestLaboranforderung", "display": {"original": "Profile - ServiceRequest - Laboranforderung", "translations": [{"language": "de-DE", "value": ""}, {"language": "en-US", "value": ""}]}, "module": "modul-labor", "url": "https://www.medizininformatik-initiative.de/fhir/core/modul-labor/StructureDefinition/ServiceRequestLab", "leaf": true, "selectable": true}, {"id": "277ca4b3-ea48-4680-a106-955bbe9fa0bc", "name": "ProfileDiagnosticReportLaborbefund", "display": {"original": "Profile - DiagnosticReport - Laborbefund", "translations": [{"language": "de-DE", "value": ""}, {"language": "en-US", "value": ""}]}, "module": "modul-labor", "url": "https://www.medizininformatik-initiative.de/fhir/core/modul-labor/StructureDefinition/DiagnosticReportLab", "leaf": true, "selectable": true}]}, {"id": "3ceea798-7289-48fe-aa65-097c2bc159f5", "name": "modul-medikation", "display": {"original": "Medikation", "translations": [{"language": "de-DE", "value": "Medikation"}, {"language": "en-US", "value": "Medication"}]}, "url": "modul-medikation", "module": "modul-medikation", "selectable": false, "leaf": false, "children": [{"id": "c855ee0e-2bb1-4af0-9ad0-7b3816dc986d", "name": "MII_PR_Medikation_MedicationStatement", "display": {"original": "MII PR Medikation MedicationStatement", "translations": [{"language": "de-DE", "value": ""}, {"language": "en-US", "value": "MII PR Medikation MedicationStatement"}]}, "module": "modul-medikation", "url": "https://www.medizininformatik-initiative.de/fhir/core/modul-medikation/StructureDefinition/MedicationStatement", "leaf": true, "selectable": true}, {"id": "52eacccd-fdea-480b-aa34-83c85469ece2", "name": "MII_PR_Medikation_Medikationsliste", "display": {"original": "MII PR Medikation Medikationsliste", "translations": [{"language": "de-DE", "value": ""}, {"language": "en-US", "value": "MII PR Medikation Medicationlist"}]}, "module": "modul-medikation", "url": "https://www.medizininformatik-initiative.de/fhir/core/modul-medikation/StructureDefinition/medikationsliste", "leaf": true, "selectable": true}, {"id": "253712d1-eb71-4ede-b4e9-b6b0121ef208", "name": "MII_PR_Medikation_MedicationRequest", "display": {"original": "MII PR Medikation MedicationRequest", "translations": [{"language": "de-DE", "value": ""}, {"language": "en-US", "value": "MII PR Medikation MedicationRequest"}]}, "module": "modul-medikation", "url": "https://www.medizininformatik-initiative.de/fhir/core/modul-medikation/StructureDefinition/MedicationRequest", "leaf": true, "selectable": true}, {"id": "3dc3b3c2-d001-4184-b5e4-ca9854704551", "name": "MII_PR_Medikation_Medication", "display": {"original": "MII PR Medikation Medication", "translations": [{"language": "de-DE", "value": ""}, {"language": "en-US", "value": "MII PR Medikation Medication"}]}, "module": "modul-medikation", "url": "https://www.medizininformatik-initiative.de/fhir/core/modul-medikation/StructureDefinition/Medication", "leaf": true, "selectable": true}, {"id": "2fe0e02d-ea7a-453e-b5bf-478580513f61", "name": "MII_PR_Medikation_MedicationAdministration", "display": {"original": "MII PR Medikation MedicationAdministration", "translations": [{"language": "de-DE", "value": ""}, {"language": "en-US", "value": "MII PR Medikation MedicationAdministration"}]}, "module": "modul-medikation", "url": "https://www.medizininformatik-initiative.de/fhir/core/modul-medikation/StructureDefinition/MedicationAdministration", "leaf": true, "selectable": true}]}, {"id": "646c5d68-e420-4574-bf02-09de2e4f3690", "name": "modul-fall", "display": {"original": "Fall", "translations": [{"language": "de-DE", "value": "Fall"}, {"language": "en-US", "value": "Case"}]}, "url": "modul-fall", "module": "modul-fall", "selectable": false, "leaf": false, "children": [{"id": "673b5a04-8fe6-448d-8757-dacea931439b", "name": "MII_PR_Fall_KontaktGesundheitseinrichtung", "display": {"original": "MII PR Fall Kontakt mit einer Gesundheitseinrichtung", "translations": [{"language": "de-DE", "value": "Fall - Kontakt mit einer Gesundheitseinrichtung"}, {"language": "en-US", "value": "Treatment case - Encounter with Health Care Facility"}]}, "module": "modul-fall", "url": "https://www.medizininformatik-initiative.de/fhir/core/modul-fall/StructureDefinition/KontaktGesundheitseinrichtung", "leaf": true, "selectable": true}]}, {"id": "6ced82c1-b407-4a7f-8e4b-3be0d14c5730", "name": "modul-biobank", "display": {"original": "Biobank", "translations": [{"language": "de-DE", "value": "Biobank"}, {"language": "en-US", "value": "Biobank"}]}, "url": "modul-biobank", "module": "modul-biobank", "selectable": false, "leaf": false, "children": [{"id": "7163935f-7ccc-48fc-92e0-5b97bfb91e2c", "name": "ProfileSubstanceAdditiv", "display": {"original": "Profile - Substance - Additiv", "translations": [{"language": "de-DE", "value": ""}, {"language": "en-US", "value": ""}]}, "module": "modul-biobank", "url": "https://www.medizininformatik-initiative.de/fhir/ext/modul-biobank/StructureDefinition/Substance", "leaf": true, "selectable": true}, {"id": "ad80e073-e938-43cf-a70b-50a86cd9bd07", "name": "ProfileOrganizationSammlungBiobank", "display": {"original": "Profile - Organization - Sammlung/Biobank", "translations": [{"language": "de-DE", "value": ""}, {"language": "en-US", "value": ""}]}, "module": "modul-biobank", "url": "https://www.medizininformatik-initiative.de/fhir/ext/modul-biobank/StructureDefinition/Organization", "leaf": true, "selectable": true}, {"id": "52707dd4-23cd-42a9-97a0-56df4ae5eaf8", "name": "ProfileSpecimenBioprobeCore", "display": {"original": "Profile - Specimen - Bioprobe - Core", "translations": [{"language": "de-DE", "value": ""}, {"language": "en-US", "value": ""}]}, "module": "modul-biobank", "url": "https://www.medizininformatik-initiative.de/fhir/ext/modul-biobank/StructureDefinition/SpecimenCore", "leaf": false, "selectable": false, "children": [{"id": "10509f3b-b7e6-4381-ac2d-a36b390aae9f", "name": "ProfileSpecimenBioprobe", "display": {"original": "Profile - Specimen - Bioprobe", "translations": [{"language": "de-DE", "value": ""}, {"language": "en-US", "value": ""}]}, "module": "modul-biobank", "url": "https://www.medizininformatik-initiative.de/fhir/ext/modul-biobank/StructureDefinition/Specimen", "leaf": true, "selectable": true}]}]}, {"id": "59154afd-dbbd-4a02-8ab1-672c32359eab", "name": "modul-consent", "display": {"original": "Einwilligung", "translations": [{"language": "de-DE", "value": "Einwilligung"}, {"language": "en-US", "value": "Consent"}]}, "url": "modul-consent", "module": "modul-consent", "selectable": false, "leaf": false, "children": [{"id": "a29d8d06-87f6-4b0e-bfa8-4655506bab4f", "name": "MII_PR_Consent_Provenance", "display": {"original": "Profile - MI-I - Consent - Provenance", "translations": [{"language": "de-DE", "value": ""}, {"language": "en-US", "value": ""}]}, "module": "modul-consent", "url": "https://www.medizininformatik-initiative.de/fhir/modul-consent/StructureDefinition/mii-pr-consent-provenance", "leaf": true, "selectable": true}, {"id": "5d60def2-e99c-4e91-a5c5-dc69923683f9", "name": "MII_PR_Consent_Einwilligung", "display": {"original": "Profile - MI-I - Consent - Einwilligung", "translations": [{"language": "de-DE", "value": ""}, {"language": "en-US", "value": ""}]}, "module": "modul-consent", "url": "https://www.medizininformatik-initiative.de/fhir/modul-consent/StructureDefinition/mii-pr-consent-einwilligung", "leaf": true, "selectable": true}, {"id": "382fedb0-1705-4f09-a502-d933bdc0d98a", "name": "MII_PR_Consent_DocumentReference", "display": {"original": "Profile - MI-I - Consent - DocumentReference", "translations": [{"language": "de-DE", "value": ""}, {"language": "en-US", "value": ""}]}, "module": "modul-consent", "url": "https://www.medizininformatik-initiative.de/fhir/modul-consent/StructureDefinition/mii-pr-consent-documentreference", "leaf": true, "selectable": true}]}, {"id": "c663adcb-fa61-40e3-9c30-54eb74f2b91d", "name": "modul-icu", "display": {"original": "modul-icu", "translations": [{"language": "de-DE", "value": "modul-icu"}, {"language": "en-US", "value": "modul-icu"}]}, "url": "modul-icu", "module": "modul-icu", "selectable": false, "leaf": false, "children": [{"id": "1ca3c65d-2333-4aac-9fdf-3564e1ea4700", "name": "SD_MII_ICU_Devicemetric_Eingestellte_Gemessene_Parameter_Beatmung", "display": {"original": "SD MII ICU DeviceMetric Eingestellte Gemessene Parameter Beatmung", "translations": [{"language": "de-DE", "value": ""}, {"language": "en-US", "value": ""}]}, "module": "modul-icu", "url": "https://www.medizininformatik-initiative.de/fhir/ext/modul-icu/StructureDefinition/devicemetric-eingestellte-gemessene-parameter-beatmung", "leaf": true, "selectable": true}, {"id": "a0546176-cbb3-4919-82d0-1bcaac43d196", "name": "SD_MII_ICU_Monitoring_Und_Vitaldaten", "display": {"original": "SD MII ICU Monitoring und Vitaldaten", "translations": [{"language": "de-DE", "value": ""}, {"language": "en-US", "value": ""}]}, "module": "modul-icu", "url": "https://www.medizininformatik-initiative.de/fhir/ext/modul-icu/StructureDefinition/monitoring-und-vitaldaten", "leaf": false, "selectable": false, "children": [{"id": "fd59b869-0b1c-46ec-8385-a107d09eb9f8", "name": "SD_MII_ICU_Linksventrikulaeres_Herzzeitvolumen_Durch_Indikatorverduennung", "display": {"original": "SD MII ICU Linksventrikulaeres Herzzeitvolumen Durch Indikatorverduennung", "translations": [{"language": "de-DE", "value": ""}, {"language": "en-US", "value": ""}]}, "module": "modul-icu", "url": "https://www.medizininformatik-initiative.de/fhir/ext/modul-icu/StructureDefinition/linksventrikulaeres-herzzeitvolumen-durch-indikatorverduennung", "leaf": true, "selectable": true}, {"id": "71873450-afc2-4b8a-b781-c771d77e9154", "name": "SD_MII_ICU_Sauerstoffsaettigung_Im_Blut_Preduktal_Durch_Pulsoxymetrie", "display": {"original": "SD MII ICU Sauerstoffsaettigung Im Blut Preduktal Durch Pulsoxymetrie", "translations": [{"language": "de-DE", "value": ""}, {"language": "en-US", "value": ""}]}, "module": "modul-icu", "url": "https://www.medizininformatik-initiative.de/fhir/ext/modul-icu/StructureDefinition/sauerstoffsaettigung-im-blut-preduktal-durch-pulsoxymetrie", "leaf": true, "selectable": true}, {"id": "7978a7d2-0b31-4e54-bc94-4930cff05700", "name": "SD_MII_ICU_Koerpertemperatur_Generisch", "display": {"original": "SD MII ICU Koerpertemperatur Generisch", "translations": [{"language": "de-DE", "value": ""}, {"language": "en-US", "value": ""}]}, "module": "modul-icu", "url": "https://www.medizininformatik-initiative.de/fhir/ext/modul-icu/StructureDefinition/koerpertemperatur-generisch", "leaf": false, "selectable": false, "children": [{"id": "e7cb00d7-b383-4d48-9b5a-4462443367a7", "name": "SD_MII_ICU_Koerpertemperatur_Brust", "display": {"original": "SD MII ICU Koerpertemperatur Brust", "translations": [{"language": "de-DE", "value": ""}, {"language": "en-US", "value": ""}]}, "module": "modul-icu", "url": "https://www.medizininformatik-initiative.de/fhir/ext/modul-icu/StructureDefinition/koerpertemperatur-brust", "leaf": true, "selectable": true}, {"id": "b04c6214-eef0-4cc9-ab31-a23f0198c168", "name": "SD_MII_ICU_Koerpertemperatur_Nasal", "display": {"original": "SD MII ICU Koerpertemperatur nasal", "translations": [{"language": "de-DE", "value": ""}, {"language": "en-US", "value": ""}]}, "module": "modul-icu", "url": "https://www.medizininformatik-initiative.de/fhir/ext/modul-icu/StructureDefinition/koerpertemperatur-nasal", "leaf": true, "selectable": true}, {"id": "e8f3066d-8619-4401-9ca5-817077d2dff4", "name": "SD_MII_ICU_Koerpertemperatur_Rektal", "display": {"original": "SD MII ICU Koerpertemperatur rektal", "translations": [{"language": "de-DE", "value": ""}, {"language": "en-US", "value": ""}]}, "module": "modul-icu", "url": "https://www.medizininformatik-initiative.de/fhir/ext/modul-icu/StructureDefinition/koerpertemperatur-rektal", "leaf": true, "selectable": true}, {"id": "89f8be79-e5b3-4e37-83bb-631ac646d791", "name": "SD_MII_ICU_Koerpertemperatur_Vaginal", "display": {"original": "SD MII ICU Koerpertemperatur vaginal", "translations": [{"language": "de-DE", "value": ""}, {"language": "en-US", "value": ""}]}, "module": "modul-icu", "url": "https://www.medizininformatik-initiative.de/fhir/ext/modul-icu/StructureDefinition/koerpertemperatur-vaginal", "leaf": true, "selectable": true}, {"id": "5c87978e-c01c-4b65-9514-152ef78452c8", "name": "SD_MII_ICU_Koerpertemperatur_Lendenwirbelsaeule", "display": {"original": "SD MII ICU Koerpertemperatur Lendenwirbelsaeule", "translations": [{"language": "de-DE", "value": ""}, {"language": "en-US", "value": ""}]}, "module": "modul-icu", "url": "https://www.medizininformatik-initiative.de/fhir/ext/modul-icu/StructureDefinition/koerpertemperatur-lendenwirbelsaeule", "leaf": true, "selectable": true}, {"id": "2540b2a1-88c2-43db-b29e-95564a1e1e0c", "name": "SD_MII_ICU_Koerpertemperatur_Trommelfell", "display": {"original": "SD MII ICU Koerpertemperatur Trommelfell", "translations": [{"language": "de-DE", "value": ""}, {"language": "en-US", "value": ""}]}, "module": "modul-icu", "url": "https://www.medizininformatik-initiative.de/fhir/ext/modul-icu/StructureDefinition/koerpertemperatur-trommelfell", "leaf": true, "selectable": true}, {"id": "bc3531a0-fdbd-4677-bc97-5ffbfd336db8", "name": "SD_MII_ICU_Koerpertemperatur_Unter_Der_Zunge", "display": {"original": "SD MII ICU Koerpertemperatur unter der Zunge", "translations": [{"language": "de-DE", "value": ""}, {"language": "en-US", "value": ""}]}, "module": "modul-icu", "url": "https://www.medizininformatik-initiative.de/fhir/ext/modul-icu/StructureDefinition/koerpertemperatur-unter-der-zunge", "leaf": true, "selectable": true}, {"id": "d0952446-4b8e-4a24-99ac-f0ec2773588b", "name": "SD_MII_ICU_Koerpertemperatur_Leiste", "display": {"original": "SD MII ICU Koerpertemperatur Leiste", "translations": [{"language": "de-DE", "value": ""}, {"language": "en-US", "value": ""}]}, "module": "modul-icu", "url": "https://www.medizininformatik-initiative.de/fhir/ext/modul-icu/StructureDefinition/koerpertemperatur-leiste", "leaf": true, "selectable": true}, {"id": "b787f494-e220-4158-972f-82c4c5c2a93a", "name": "SD_MII_ICU_Koerpertemperatur_Nasen_Rachen_Raum", "display": {"original": "SD MII ICU Koerpertemperatur Nasen-Rachen-Raum", "translations": [{"language": "de-DE", "value": ""}, {"language": "en-US", "value": ""}]}, "module": "modul-icu", "url": "https://www.medizininformatik-initiative.de/fhir/ext/modul-icu/StructureDefinition/koerpertemperatur-nasen-rachen-raum", "leaf": true, "selectable": true}, {"id": "07282978-c2da-4e90-b63f-d232c04f663b", "name": "SD_MII_ICU_Koerpertemperatur_Speiseroehre", "display": {"original": "SD MII ICU Koerpertemperatur Speiseroehre", "translations": [{"language": "de-DE", "value": ""}, {"language": "en-US", "value": ""}]}, "module": "modul-icu", "url": "https://www.medizininformatik-initiative.de/fhir/ext/modul-icu/StructureDefinition/koerpertemperatur-speiseroehre", "leaf": true, "selectable": true}, {"id": "a49cca04-1e91-4e20-929c-c8c4a3ad4bce", "name": "SD_MII_ICU_Koerpertemperatur_Stirn", "display": {"original": "SD MII ICU Koerpertemperatur Stirn", "translations": [{"language": "de-DE", "value": ""}, {"language": "en-US", "value": ""}]}, "module": "modul-icu", "url": "https://www.medizininformatik-initiative.de/fhir/ext/modul-icu/StructureDefinition/koerpertemperatur-stirn", "leaf": true, "selectable": true}, {"id": "21599e97-5028-495d-81f5-12be67bec01e", "name": "SD_MII_ICU_Koerpertemperatur_Achsel", "display": {"original": "SD MII ICU Koerpertemperatur Achsel", "translations": [{"language": "de-DE", "value": ""}, {"language": "en-US", "value": ""}]}, "module": "modul-icu", "url": "https://www.medizininformatik-initiative.de/fhir/ext/modul-icu/StructureDefinition/koerpertemperatur-achsel", "leaf": true, "selectable": true}, {"id": "aaf63c15-f812-41f7-bcc3-c53652e8ec94", "name": "SD_MII_ICU_Koerpertemperatur_Halswirbelsaeule", "display": {"original": "SD MII ICU Koerpertemperatur Halswirbelsaeule", "translations": [{"language": "de-DE", "value": ""}, {"language": "en-US", "value": ""}]}, "module": "modul-icu", "url": "https://www.medizininformatik-initiative.de/fhir/ext/modul-icu/StructureDefinition/koerpertemperatur-halswirbelsaeule", "leaf": true, "selectable": true}, {"id": "eeea608a-fd61-4691-a8c4-0713ed9a7a79", "name": "SD_MII_ICU_Koerpertemperatur_Kern", "display": {"original": "SD MII ICU Koerpertemperatur Kern", "translations": [{"language": "de-DE", "value": ""}, {"language": "en-US", "value": ""}]}, "module": "modul-icu", "url": "https://www.medizininformatik-initiative.de/fhir/ext/modul-icu/StructureDefinition/koerpertemperatur-kern", "leaf": true, "selectable": true}, {"id": "436e78e2-5254-4064-ac85-50a4d75c29d8", "name": "SD_MII_ICU_Koerpertemperatur_Atemwege", "display": {"original": "SD MII ICU Koerpertemperatur Atemwege", "translations": [{"language": "de-DE", "value": ""}, {"language": "en-US", "value": ""}]}, "module": "modul-icu", "url": "https://www.medizininformatik-initiative.de/fhir/ext/modul-icu/StructureDefinition/koerpertemperatur-atemwege", "leaf": true, "selectable": true}, {"id": "c9fb2ceb-7bdb-4a38-bf47-78f1f4e76587", "name": "SD_MII_ICU_Koerpertemperatur_Blut", "display": {"original": "SD MII ICU Koerpertemperatur Blut", "translations": [{"language": "de-DE", "value": ""}, {"language": "en-US", "value": ""}]}, "module": "modul-icu", "url": "https://www.medizininformatik-initiative.de/fhir/ext/modul-icu/StructureDefinition/koerpertemperatur-blut", "leaf": true, "selectable": true}, {"id": "51d2a836-5224-4e4a-99d1-5ce8cd740aa3", "name": "SD_MII_ICU_Koerpertemperatur_Brustwirbelsaeule", "display": {"original": "SD MII ICU Koerpertemperatur Brustwirbelsaeule", "translations": [{"language": "de-DE", "value": ""}, {"language": "en-US", "value": ""}]}, "module": "modul-icu", "url": "https://www.medizininformatik-initiative.de/fhir/ext/modul-icu/StructureDefinition/koerpertemperatur-brustwirbelsaeule", "leaf": true, "selectable": true}, {"id": "049f36a3-5975-4e60-9a24-25f2317da9e0", "name": "SD_MII_ICU_Koerpertemperatur_Harnblase", "display": {"original": "SD MII ICU Koerpertemperatur Harnblase", "translations": [{"language": "de-DE", "value": ""}, {"language": "en-US", "value": ""}]}, "module": "modul-icu", "url": "https://www.medizininformatik-initiative.de/fhir/ext/modul-icu/StructureDefinition/koerpertemperatur-harnblase", "leaf": true, "selectable": true}]}, {"id": "675fca23-86a2-47b5-a343-19ebccd493f2", "name": "SD_MII_ICU_Linksventrikulaeres_Schlagvolumenindex", "display": {"original": "SD MII ICU Linksventrikulaeres Schlagvolumenindex", "translations": [{"language": "de-DE", "value": ""}, {"language": "en-US", "value": ""}]}, "module": "modul-icu", "url": "https://www.medizininformatik-initiative.de/fhir/ext/modul-icu/StructureDefinition/linksventrikulaeres-schlagvolumenindex", "leaf": true, "selectable": true}, {"id": "a77ce669-3f54-4b24-b276-a2efd3052b36", "name": "SD_MII_ICU_Linksventrikulaerer_Herzindex", "display": {"original": "SD MII ICU Linksventrikulaerer Herzindex", "translations": [{"language": "de-DE", "value": ""}, {"language": "en-US", "value": ""}]}, "module": "modul-icu", "url": "https://www.medizininformatik-initiative.de/fhir/ext/modul-icu/StructureDefinition/linksventrikulaerer-herzindex", "leaf": true, "selectable": true}, {"id": "3af8be95-b397-456b-a2cd-e548a2cd19ba", "name": "SD_MII_ICU_Pulmonalarterieller_Wedge_Druck", "display": {"original": "SD MII ICU Pulmonalarterieller Wedge Druck", "translations": [{"language": "de-DE", "value": ""}, {"language": "en-US", "value": ""}]}, "module": "modul-icu", "url": "https://www.medizininformatik-initiative.de/fhir/ext/modul-icu/StructureDefinition/pulmonalarterieller-wedge-druck", "leaf": true, "selectable": true}, {"id": "d79e3c68-618c-4b59-b5bf-5051288d876f", "name": "SD_MII_ICU_Sauerstoffsaettigung_Im_Arteriellen_Blut_Durch_Pulsoxymetrie", "display": {"original": "SD MII ICU Sauerstoffsaettigung Im Arteriellen Blut Durch Pulsoxymetrie", "translations": [{"language": "de-DE", "value": ""}, {"language": "en-US", "value": ""}]}, "module": "modul-icu", "url": "https://www.medizininformatik-initiative.de/fhir/ext/modul-icu/StructureDefinition/sauerstoffsaettigung-im-arteriellen-blut-durch-pulsoxymetrie", "leaf": true, "selectable": true}, {"id": "d0e32328-390d-43c6-8612-6ff48d536287", "name": "SD_MII_ICU_Sauerstoffsaettigung_Im_Blut_Postduktal_Durch_Pulsoxymetrie", "display": {"original": "SD MII ICU Sauerstoffsaettigung Im Blut Postduktal Durch Pulsoxymetrie", "translations": [{"language": "de-DE", "value": ""}, {"language": "en-US", "value": ""}]}, "module": "modul-icu", "url": "https://www.medizininformatik-initiative.de/fhir/ext/modul-icu/StructureDefinition/sauerstoffsaettigung-im-blut-postduktal-durch-pulsoxymetrie", "leaf": true, "selectable": true}, {"id": "32eef2de-8d90-4672-8a0c-10cf0bbdbdfe", "name": "SD_MII_ICU_Linksventrikulaerer_Herzindex_Durch_Indikatorverduennung", "display": {"original": "SD MII ICU Linksventrikulaerer Herzindex durch Indikatorverduennung", "translations": [{"language": "de-DE", "value": ""}, {"language": "en-US", "value": ""}]}, "module": "modul-icu", "url": "https://www.medizininformatik-initiative.de/fhir/ext/modul-icu/StructureDefinition/linksventrikulaerer-herzindex-durch-indikatorverduennung", "leaf": true, "selectable": true}, {"id": "5ab93ac9-c78a-4ac5-8210-4924f214b2cb", "name": "SD_MII_ICU_Linksventrikulaerer_Schlagvolumenindex_Durch_Indikatorverduennung", "display": {"original": "SD MII ICU Linksventrikulaerer Schlagvolumenindex Durch Indikatorverduennung", "translations": [{"language": "de-DE", "value": ""}, {"language": "en-US", "value": ""}]}, "module": "modul-icu", "url": "https://www.medizininformatik-initiative.de/fhir/ext/modul-icu/StructureDefinition/linksventrikulaerer-schlagvolumenindex-durch-indikatorverduennung", "leaf": true, "selectable": true}, {"id": "9111ddfb-a3e2-4867-8177-b141ed6519e6", "name": "SD_MII_ICU_Herzfrequenz", "display": {"original": "SD MII ICU Herzfrequenz", "translations": [{"language": "de-DE", "value": ""}, {"language": "en-US", "value": ""}]}, "module": "modul-icu", "url": "https://www.medizininformatik-initiative.de/fhir/ext/modul-icu/StructureDefinition/herzfrequenz", "leaf": true, "selectable": true}, {"id": "dc77909f-0c24-44e2-8cef-a791b7335cd6", "name": "SD_MII_ICU_Systemischer_Vaskulaerer_Widerstandsindex", "display": {"original": "SD MII ICU Systemischer Vaskulaerer Widerstandsindex", "translations": [{"language": "de-DE", "value": ""}, {"language": "en-US", "value": ""}]}, "module": "modul-icu", "url": "https://www.medizininformatik-initiative.de/fhir/ext/modul-icu/StructureDefinition/systemischer-vaskulaerer-widerstandsindex", "leaf": true, "selectable": true}, {"id": "8c0d1c76-b096-4b32-b0eb-97fb0a35ef67", "name": "SD_MII_ICU_Puls", "display": {"original": "SD MII ICU Puls", "translations": [{"language": "de-DE", "value": ""}, {"language": "en-US", "value": ""}]}, "module": "modul-icu", "url": "https://www.medizininformatik-initiative.de/fhir/ext/modul-icu/StructureDefinition/puls", "leaf": true, "selectable": true}, {"id": "9d668186-0143-402e-994b-9702587fe33f", "name": "SD_MII_ICU_Linksventrikulaeres_Schlagvolumen_Durch_Indikatorverduennung", "display": {"original": "SD MII ICU Linksventrikulaeres Schlagvolumen Durch Indikatorverduennung", "translations": [{"language": "de-DE", "value": ""}, {"language": "en-US", "value": ""}]}, "module": "modul-icu", "url": "https://www.medizininformatik-initiative.de/fhir/ext/modul-icu/StructureDefinition/linksventrikulaeres-schlagvolumen-durch-indikatorverduennung", "leaf": true, "selectable": true}, {"id": "51fa81c0-b2ab-40f0-97f9-4056a8247fd1", "name": "SD_MII_ICU_Herzzeitvolumen", "display": {"original": "SD MII ICU Herzzeitvolumen", "translations": [{"language": "de-DE", "value": ""}, {"language": "en-US", "value": ""}]}, "module": "modul-icu", "url": "https://www.medizininformatik-initiative.de/fhir/ext/modul-icu/StructureDefinition/herzzeitvolumen", "leaf": true, "selectable": true}, {"id": "3e0f20b0-a8dc-4050-8b60-64db951fa133", "name": "SD_MII_ICU_Intrakranieller_Druck_Icp", "display": {"original": "SD MII ICU Intrakranieller Druck ICP", "translations": [{"language": "de-DE", "value": ""}, {"language": "en-US", "value": ""}]}, "module": "modul-icu", "url": "https://www.medizininformatik-initiative.de/fhir/ext/modul-icu/StructureDefinition/intrakranieller-druck-icp", "leaf": true, "selectable": true}, {"id": "39b66307-b98a-4a45-8c1f-dd9dda1224f5", "name": "SD_MII_ICU_Koerpergewicht_Percentil_Altersabhaengig", "display": {"original": "SD MII ICU Koerpergewicht Percentil Altersabhaengig", "translations": [{"language": "de-DE", "value": ""}, {"language": "en-US", "value": ""}]}, "module": "modul-icu", "url": "https://www.medizininformatik-initiative.de/fhir/ext/modul-icu/StructureDefinition/koerpergewicht-percentil-altersabhaengig", "leaf": true, "selectable": true}, {"id": "26ec7b55-3363-4347-8669-3342ab724dad", "name": "SD_MII_ICU_Zentralvenoeser_Blutdruck", "display": {"original": "SD MII ICU Zentralvenoeser Blutdruck", "translations": [{"language": "de-DE", "value": ""}, {"language": "en-US", "value": ""}]}, "module": "modul-icu", "url": "https://www.medizininformatik-initiative.de/fhir/ext/modul-icu/StructureDefinition/zentralvenoeser-blutdruck", "leaf": true, "selectable": true}, {"id": "6dfa4e05-2490-4ad7-b7aa-a536311032d1", "name": "SD_MII_ICU_Ideales_Koerpergewicht", "display": {"original": "SD MII ICU Ideales Koerpergewicht", "translations": [{"language": "de-DE", "value": ""}, {"language": "en-US", "value": ""}]}, "module": "modul-icu", "url": "https://www.medizininformatik-initiative.de/fhir/ext/modul-icu/StructureDefinition/ideales-koerpergewicht", "leaf": true, "selectable": true}, {"id": "e18eb1df-9b9e-4d54-a4d4-b52174c0f21a", "name": "SD_MII_ICU_Koerpergroesse_Percentil", "display": {"original": "SD MII ICU Koerpergroesse Percentil", "translations": [{"language": "de-DE", "value": ""}, {"language": "en-US", "value": ""}]}, "module": "modul-icu", "url": "https://www.medizininformatik-initiative.de/fhir/ext/modul-icu/StructureDefinition/koerpergroesse-percentil", "leaf": true, "selectable": true}, {"id": "1ef54112-e8ea-4d73-8f77-0d0d2b09a055", "name": "SD_MII_ICU_Pulmonalvaskulaerer_Widerstandsindex", "display": {"original": "SD MII ICU Pulmonalvaskulaerer Widerstandsindex", "translations": [{"language": "de-DE", "value": ""}, {"language": "en-US", "value": ""}]}, "module": "modul-icu", "url": "https://www.medizininformatik-initiative.de/fhir/ext/modul-icu/StructureDefinition/pulmonalvaskulaerer-widerstandsindex", "leaf": true, "selectable": true}, {"id": "c9491972-3828-42ca-8bdf-d81a89c3f33c", "name": "SD_MII_ICU_Linksventrikulaeres_Schlagvolumen", "display": {"original": "SD MII ICU Linksventrikulaeres Schlagvolumen", "translations": [{"language": "de-DE", "value": ""}, {"language": "en-US", "value": ""}]}, "module": "modul-icu", "url": "https://www.medizininformatik-initiative.de/fhir/ext/modul-icu/StructureDefinition/linksventrikulaeres-schlagvolumen", "leaf": true, "selectable": true}]}, {"id": "0f24e510-21c6-400c-ac34-158a41d03f54", "name": "SD_MII_ICU_Sonstige_Pulsatile_Druecke_Generisch", "display": {"original": "SD MII ICU Sonstige pulsatile Druecke Generisch", "translations": [{"language": "de-DE", "value": ""}, {"language": "en-US", "value": ""}]}, "module": "modul-icu", "url": "https://www.medizininformatik-initiative.de/fhir/ext/modul-icu/StructureDefinition/sonstige-pulsatile-druecke-generisch", "leaf": false, "selectable": false, "children": [{"id": "511897b8-83f1-4b55-9d56-1dd4a3e32724", "name": "SD_MII_ICU_Linksventrikulaerer_Druck", "display": {"original": "SD MII ICU Linksventrikulaerer Druck", "translations": [{"language": "de-DE", "value": ""}, {"language": "en-US", "value": ""}]}, "module": "modul-icu", "url": "https://www.medizininformatik-initiative.de/fhir/ext/modul-icu/StructureDefinition/linksventrikulaerer-druck", "leaf": true, "selectable": true}, {"id": "7bb32651-5e39-4c03-a39f-38d703ea34e0", "name": "SD_MII_ICU_Linksatrialer_Druck", "display": {"original": "SD MII ICU Linksatrialer Druck", "translations": [{"language": "de-DE", "value": ""}, {"language": "en-US", "value": ""}]}, "module": "modul-icu", "url": "https://www.medizininformatik-initiative.de/fhir/ext/modul-icu/StructureDefinition/linksatrialer-druck", "leaf": true, "selectable": true}, {"id": "75d7457c-6bd1-461c-8eaf-876c14557dab", "name": "SD_MII_ICU_Rechtsatrialer_Druck", "display": {"original": "SD MII ICU Rechtsatrialer Druck", "translations": [{"language": "de-DE", "value": ""}, {"language": "en-US", "value": ""}]}, "module": "modul-icu", "url": "https://www.medizininformatik-initiative.de/fhir/ext/modul-icu/StructureDefinition/rechtsatrialer-druck", "leaf": true, "selectable": true}, {"id": "7e488191-99f2-46b6-827f-df0a424821a1", "name": "SD_MII_ICU_Rechtsventrikulaerer_Druck", "display": {"original": "SD MII ICU Rechtsventrikulaerer Druck", "translations": [{"language": "de-DE", "value": ""}, {"language": "en-US", "value": ""}]}, "module": "modul-icu", "url": "https://www.medizininformatik-initiative.de/fhir/ext/modul-icu/StructureDefinition/rechtsventrikulaerer-druck", "leaf": true, "selectable": true}, {"id": "1d94daad-79f0-496d-bd6b-671100f7eac2", "name": "SD_MII_ICU_Pulmonalarterieller_Blutdruck", "display": {"original": "SD MII ICU Pulmonalarterieller Blutdruck", "translations": [{"language": "de-DE", "value": ""}, {"language": "en-US", "value": ""}]}, "module": "modul-icu", "url": "https://www.medizininformatik-initiative.de/fhir/ext/modul-icu/StructureDefinition/pulmonalarterieller-blutdruck", "leaf": true, "selectable": true}]}, {"id": "2f554e38-3803-42d5-8adc-5eaf6df0be33", "name": "SD_MII_ICU_Parameter_Von_Beatmung", "display": {"original": "SD MII ICU Parameter von Beatmung", "translations": [{"language": "de-DE", "value": ""}, {"language": "en-US", "value": ""}]}, "module": "modul-icu", "url": "https://www.medizininformatik-initiative.de/fhir/ext/modul-icu/StructureDefinition/parameter-von-beatmung", "leaf": false, "selectable": false, "children": [{"id": "c2ecf53d-e784-4a4c-a0f9-c364e217514c", "name": "SD_MII_ICU_Maximaler_Beatmungsdruck", "display": {"original": "SD MII ICU Maximaler Beatmungsdruck", "translations": [{"language": "de-DE", "value": ""}, {"language": "en-US", "value": ""}]}, "module": "modul-icu", "url": "https://www.medizininformatik-initiative.de/fhir/ext/modul-icu/StructureDefinition/maximaler-beatmungsdruck", "leaf": true, "selectable": true}, {"id": "bac40f4b-c32a-4182-aab7-0aea988f3560", "name": "SD_MII_ICU_Beatmungszeit_Hohem_Druck", "display": {"original": "SD MII ICU Beatmungszeit Hohem Druck", "translations": [{"language": "de-DE", "value": ""}, {"language": "en-US", "value": ""}]}, "module": "modul-icu", "url": "https://www.medizininformatik-initiative.de/fhir/ext/modul-icu/StructureDefinition/beatmungszeit-hohem-druck", "leaf": true, "selectable": true}, {"id": "ed31f949-bc41-4eee-8090-4398f2deb7f4", "name": "SD_MII_ICU_Atemzugvolumen_Einstellung", "display": {"original": "SD MII ICU Atemzugvolumen Einstellung", "translations": [{"language": "de-DE", "value": ""}, {"language": "en-US", "value": ""}]}, "module": "modul-icu", "url": "https://www.medizininformatik-initiative.de/fhir/ext/modul-icu/StructureDefinition/atemzugvolumen-einstellung", "leaf": true, "selectable": true}, {"id": "b0261cce-f835-45a7-96f4-bc30384b57de", "name": "SD_MII_ICU_Einstellung_Einatmungszeit_Beatmung", "display": {"original": "SD MII ICU Einstellung Einatmungszeit Beatmung", "translations": [{"language": "de-DE", "value": ""}, {"language": "en-US", "value": ""}]}, "module": "modul-icu", "url": "https://www.medizininformatik-initiative.de/fhir/ext/modul-icu/StructureDefinition/einstellung-einatmungszeit-beatmung", "leaf": true, "selectable": true}, {"id": "b3a8e331-3488-4978-b6a8-eb3e029e7b95", "name": "SD_MII_ICU_Inspiratorischer_Gasfluss", "display": {"original": "SD MII ICU Inspiratorischer Gasfluss", "translations": [{"language": "de-DE", "value": ""}, {"language": "en-US", "value": ""}]}, "module": "modul-icu", "url": "https://www.medizininformatik-initiative.de/fhir/ext/modul-icu/StructureDefinition/inspiratorischer-gasfluss", "leaf": true, "selectable": true}, {"id": "553194b2-dd61-48e5-b9b5-d6465749cb1b", "name": "SD_MII_ICU_Spontane_Atemfrequenz_Beatmet", "display": {"original": "SD MII ICU Spontane Atemfrequenz Beatmet", "translations": [{"language": "de-DE", "value": ""}, {"language": "en-US", "value": ""}]}, "module": "modul-icu", "url": "https://www.medizininformatik-initiative.de/fhir/ext/modul-icu/StructureDefinition/spontane-atemfrequenz-beatmet", "leaf": true, "selectable": true}, {"id": "b41bb3d1-86d4-437b-b952-e1ff1ab1f918", "name": "SD_MII_ICU_Mittlerer_Beatmungsdruck", "display": {"original": "SD MII ICU Mittlerer Beatmungsdruck", "translations": [{"language": "de-DE", "value": ""}, {"language": "en-US", "value": ""}]}, "module": "modul-icu", "url": "https://www.medizininformatik-initiative.de/fhir/ext/modul-icu/StructureDefinition/mittlerer-beatmungsdruck", "leaf": true, "selectable": true}, {"id": "ce760dd5-4a74-4a9d-9ccf-ae932fb5b6e3", "name": "SD_MII_ICU_Atemwegsdruck_Bei_Mittlerem_Expiratorischem_Gasfluss", "display": {"original": "SD MII ICU Atemwegsdruck Bei Mittlerem Expiratorischem Gasfluss", "translations": [{"language": "de-DE", "value": ""}, {"language": "en-US", "value": ""}]}, "module": "modul-icu", "url": "https://www.medizininformatik-initiative.de/fhir/ext/modul-icu/StructureDefinition/atemwegsdruck-bei-mittlerem-expiratorischem-gasfluss", "leaf": true, "selectable": true}, {"id": "97021cc8-7339-47b9-9906-5c949e59db75", "name": "SD_MII_ICU_Zeitverhaeltnis_Ein_Ausatmung", "display": {"original": "SD MII ICU Zeitverhaeltnis Ein Ausatmung", "translations": [{"language": "de-DE", "value": ""}, {"language": "en-US", "value": ""}]}, "module": "modul-icu", "url": "https://www.medizininformatik-initiative.de/fhir/ext/modul-icu/StructureDefinition/zeitverhaeltnis-ein-ausatmung", "leaf": true, "selectable": true}, {"id": "e66e2e56-c2b0-48a0-aa92-eec2caa9e857", "name": "SD_MII_ICU_Spontanes_Atemzugvolumen", "display": {"original": "SD MII ICU Spontanes Atemzugvolumen", "translations": [{"language": "de-DE", "value": ""}, {"language": "en-US", "value": ""}]}, "module": "modul-icu", "url": "https://www.medizininformatik-initiative.de/fhir/ext/modul-icu/StructureDefinition/spontanes-atemzugvolumen", "leaf": true, "selectable": true}, {"id": "63b25063-7e8e-4693-94cd-3b6804d30ae0", "name": "SD_MII_ICU_Beatmungszeit_Niedrigem_Druck", "display": {"original": "SD MII ICU Beatmungszeit Niedrigem Druck", "translations": [{"language": "de-DE", "value": ""}, {"language": "en-US", "value": ""}]}, "module": "modul-icu", "url": "https://www.medizininformatik-initiative.de/fhir/ext/modul-icu/StructureDefinition/beatmungszeit-niedrigem-druck", "leaf": true, "selectable": true}, {"id": "0ef8272b-c283-4d14-975a-fde024e2b6a2", "name": "SD_MII_ICU_Atemzugvolumen_Waehrend_Beatmung", "display": {"original": "SD MII ICU Atemzugvolumen Waehrend Beatmung", "translations": [{"language": "de-DE", "value": ""}, {"language": "en-US", "value": ""}]}, "module": "modul-icu", "url": "https://www.medizininformatik-initiative.de/fhir/ext/modul-icu/StructureDefinition/atemzugvolumen-waehrend-beatmung", "leaf": true, "selectable": true}, {"id": "fdd09606-368a-491b-b353-d0aa4b1f0825", "name": "SD_MII_ICU_Eingestellter_Inspiratorischer_Gasfluss", "display": {"original": "SD MII ICU Eingestellter Inspiratorischer Gasfluss", "translations": [{"language": "de-DE", "value": ""}, {"language": "en-US", "value": ""}]}, "module": "modul-icu", "url": "https://www.medizininformatik-initiative.de/fhir/ext/modul-icu/StructureDefinition/eingestellter-inspiratorischer-gasfluss", "leaf": true, "selectable": true}, {"id": "46d6a94b-ffd9-4260-8956-feeca4ce7352", "name": "SD_MII_ICU_Druckdifferenz_Beatmung", "display": {"original": "SD MII ICU Druckdifferenz Beatmung", "translations": [{"language": "de-DE", "value": ""}, {"language": "en-US", "value": ""}]}, "module": "modul-icu", "url": "https://www.medizininformatik-initiative.de/fhir/ext/modul-icu/StructureDefinition/druckdifferenz-beatmung", "leaf": true, "selectable": true}, {"id": "f2099b5f-d723-469b-891f-d99bcde92350", "name": "SD_MII_ICU_Endexpiratorischer_Kohlendioxidpartialdruck", "display": {"original": "SD MII ICU Endexpiratorischer Kohlendioxidpartialdruck", "translations": [{"language": "de-DE", "value": ""}, {"language": "en-US", "value": ""}]}, "module": "modul-icu", "url": "https://www.medizininformatik-initiative.de/fhir/ext/modul-icu/StructureDefinition/endexpiratorischer-kohlendioxidpartialdruck", "leaf": true, "selectable": true}, {"id": "5170da3d-8079-43ad-a59b-911ced258f0f", "name": "SD_MII_ICU_Inspiratorische_Sauerstofffraktion_Gemessen", "display": {"original": "SD MII ICU Inspiratorische Sauerstofffraktion Gemessen", "translations": [{"language": "de-DE", "value": ""}, {"language": "en-US", "value": ""}]}, "module": "modul-icu", "url": "https://www.medizininformatik-initiative.de/fhir/ext/modul-icu/StructureDefinition/inspiratorische-sauerstofffraktion-gemessen", "leaf": true, "selectable": true}, {"id": "a3d4121a-e204-4e86-a8cd-7d8bb888e5cb", "name": "SD_MII_ICU_Beatmungsvolumen_Pro_Minute_Maschineller_Beatmung", "display": {"original": "SD MII ICU Beatmungsvolumen Pro Minute Maschineller Beatmung", "translations": [{"language": "de-DE", "value": ""}, {"language": "en-US", "value": ""}]}, "module": "modul-icu", "url": "https://www.medizininformatik-initiative.de/fhir/ext/modul-icu/StructureDefinition/beatmungsvolumen-pro-minute-maschineller-beatmung", "leaf": true, "selectable": true}, {"id": "4d5d8848-56fd-4a9d-8ea5-3b446e1f1410", "name": "SD_MII_ICU_Spontane_Mechanische_Atemfrequenz_Beatmet", "display": {"original": "SD MII ICU Spontane Mechanische Atemfrequenz Beatmet", "translations": [{"language": "de-DE", "value": ""}, {"language": "en-US", "value": ""}]}, "module": "modul-icu", "url": "https://www.medizininformatik-initiative.de/fhir/ext/modul-icu/StructureDefinition/spontane-mechanische-atemfrequenz-beatmet", "leaf": true, "selectable": true}, {"id": "2feec886-484c-42a2-a94d-43942f09a782", "name": "SD_MII_ICU_Inspiratorische_Sauerstofffraktion_Eingestellt", "display": {"original": "SD MII ICU Inspiratorische Sauerstofffraktion Eingestellt", "translations": [{"language": "de-DE", "value": ""}, {"language": "en-US", "value": ""}]}, "module": "modul-icu", "url": "https://www.medizininformatik-initiative.de/fhir/ext/modul-icu/StructureDefinition/inspiratorische-sauerstofffraktion-eingestellt", "leaf": true, "selectable": true}, {"id": "0515f552-1b6a-4f89-a577-152ddf66f1a1", "name": "SD_MII_ICU_Horowitz_In_Arteriellem_Blut", "display": {"original": "SD MII ICU Horowitz In Arteriellem Blut", "translations": [{"language": "de-DE", "value": ""}, {"language": "en-US", "value": ""}]}, "module": "modul-icu", "url": "https://www.medizininformatik-initiative.de/fhir/ext/modul-icu/StructureDefinition/horowitz-in-arteriellem-blut", "leaf": true, "selectable": true}, {"id": "fd3d7d1b-e5d3-451f-8701-49b4ec9d8bfb", "name": "SD_MII_ICU_Exspiratorischer_Gasfluss", "display": {"original": "SD MII ICU Exspiratorischer Gasfluss", "translations": [{"language": "de-DE", "value": ""}, {"language": "en-US", "value": ""}]}, "module": "modul-icu", "url": "https://www.medizininformatik-initiative.de/fhir/ext/modul-icu/StructureDefinition/exspiratorischer-gasfluss", "leaf": true, "selectable": true}, {"id": "aad96ca4-e64b-4327-8082-becd0223e1bd", "name": "SD_MII_ICU_Mechanische_Atemfrequenz_Beatmet", "display": {"original": "SD MII ICU Mechanische Atemfrequenz Beatmet", "translations": [{"language": "de-DE", "value": ""}, {"language": "en-US", "value": ""}]}, "module": "modul-icu", "url": "https://www.medizininformatik-initiative.de/fhir/ext/modul-icu/StructureDefinition/mechanische-atemfrequenz-beatmet", "leaf": true, "selectable": true}, {"id": "48c550bf-353e-41ca-b5ac-ace1d9dd6ad9", "name": "SD_MII_ICU_Exspiratorischer_Sauerstoffpartialdruck", "display": {"original": "SD MII ICU Exspiratorischer Sauerstoffpartialdruck", "translations": [{"language": "de-DE", "value": ""}, {"language": "en-US", "value": ""}]}, "module": "modul-icu", "url": "https://www.medizininformatik-initiative.de/fhir/ext/modul-icu/StructureDefinition/exspiratorischer-sauerstoffpartialdruck", "leaf": true, "selectable": true}, {"id": "75fa992c-7dd5-4935-a041-81e907c4eefc", "name": "SD_MII_ICU_Einstellung_Ausatmungszeit_Beatmung", "display": {"original": "SD MII ICU Einstellung Ausatmungszeit Beatmung", "translations": [{"language": "de-DE", "value": ""}, {"language": "en-US", "value": ""}]}, "module": "modul-icu", "url": "https://www.medizininformatik-initiative.de/fhir/ext/modul-icu/StructureDefinition/einstellung-ausatmungszeit-beatmung", "leaf": true, "selectable": true}, {"id": "aa0e5ab7-7a6e-4754-bb6f-e39352bd94ce", "name": "SD_MII_ICU_Atemwegsdruck_Bei_Null_Expiratorischem_Gasfluss", "display": {"original": "SD MII ICU Atemwegsdruck Bei Null Expiratorischem Gasfluss", "translations": [{"language": "de-DE", "value": ""}, {"language": "en-US", "value": ""}]}, "module": "modul-icu", "url": "https://www.medizininformatik-initiative.de/fhir/ext/modul-icu/StructureDefinition/atemwegsdruck-bei-null-expiratorischem-gasfluss", "leaf": true, "selectable": true}, {"id": "cbe969c2-887a-4a44-96d5-fb3669d650d0", "name": "SD_MII_ICU_Positiv_Endexpiratorischer_Druck", "display": {"original": "SD MII ICU Positiv Endexpiratorischer Druck", "translations": [{"language": "de-DE", "value": ""}, {"language": "en-US", "value": ""}]}, "module": "modul-icu", "url": "https://www.medizininformatik-initiative.de/fhir/ext/modul-icu/StructureDefinition/positiv-endexpiratorischer-druck", "leaf": true, "selectable": true}, {"id": "f97a0fb2-5d6c-4e9c-90e3-d29cde90c486", "name": "SD_MII_ICU_Spontanes_Mechanisches_Atemzugvolumen_Waehrend_Beatmung", "display": {"original": "SD MII ICU Spontanes Mechanisches Atemzugvolumen Waehrend Beatmung", "translations": [{"language": "de-DE", "value": ""}, {"language": "en-US", "value": ""}]}, "module": "modul-icu", "url": "https://www.medizininformatik-initiative.de/fhir/ext/modul-icu/StructureDefinition/spontanes-mechanisches-atemzugvolumen-waehrend-beatmung", "leaf": true, "selectable": true}, {"id": "dc30c963-f986-41db-a2cd-e6c1bd1f86d3", "name": "SD_MII_ICU_Unterstuezungsdruck_Beatmung", "display": {"original": "SD MII ICU Unterstuezungsdruck Beatmung", "translations": [{"language": "de-DE", "value": ""}, {"language": "en-US", "value": ""}]}, "module": "modul-icu", "url": "https://www.medizininformatik-initiative.de/fhir/ext/modul-icu/StructureDefinition/unterstuetzungsdruck-beatmung", "leaf": true, "selectable": true}]}, {"id": "a0f37156-2865-4bfa-bd02-761bb23ccba3", "name": "SD_MII_ICU_Parameter_Von_Extrakorporalen_Verfahren", "display": {"original": "SD MII ICU Parameter von Extrakorporalen Verfahren", "translations": [{"language": "de-DE", "value": ""}, {"language": "en-US", "value": ""}]}, "module": "modul-icu", "url": "https://www.medizininformatik-initiative.de/fhir/ext/modul-icu/StructureDefinition/parameter-von-extrakorporalen-verfahren", "leaf": false, "selectable": false, "children": [{"id": "d8e570ee-32d4-4cf9-b902-e18bd7e380d1", "name": "SD_MII_ICU_Venoeser_Druck", "display": {"original": "SD MII ICU Venoeser Druck", "translations": [{"language": "de-DE", "value": ""}, {"language": "en-US", "value": ""}]}, "module": "modul-icu", "url": "https://www.medizininformatik-initiative.de/fhir/ext/modul-icu/StructureDefinition/venoeser-druck", "leaf": true, "selectable": true}, {"id": "34f9f52b-6c25-4b0a-8a35-fa2885d30dd7", "name": "SD_MII_ICU_Substituatvolumen", "display": {"original": "SD MII ICU Substituatvolumen", "translations": [{"language": "de-DE", "value": ""}, {"language": "en-US", "value": ""}]}, "module": "modul-icu", "url": "https://www.medizininformatik-initiative.de/fhir/ext/modul-icu/StructureDefinition/substituatvolumen", "leaf": true, "selectable": true}, {"id": "24d3ad1d-38b8-4c61-b03d-7bdc98dd9fc7", "name": "SD_MII_ICU_Sauerstoffgasfluss", "display": {"original": "SD MII ICU Sauerstoffgasfluss", "translations": [{"language": "de-DE", "value": ""}, {"language": "en-US", "value": ""}]}, "module": "modul-icu", "url": "https://www.medizininformatik-initiative.de/fhir/ext/modul-icu/StructureDefinition/sauerstoffgasfluss", "leaf": true, "selectable": true}, {"id": "d1605ed3-60b3-4c7a-b35f-b1ebd6aadd24", "name": "SD_MII_ICU_Dauer_Extrakorporaler_Gasaustausch", "display": {"original": "SD MII ICU Dauer Extrakorporaler Gasaustausch", "translations": [{"language": "de-DE", "value": ""}, {"language": "en-US", "value": ""}]}, "module": "modul-icu", "url": "https://www.medizininformatik-initiative.de/fhir/ext/modul-icu/StructureDefinition/dauer-extrakorporaler-gasaustausch", "leaf": true, "selectable": true}, {"id": "f64ad33a-9bce-432a-b17e-4d3c8703122b", "name": "SD_MII_ICU_Blutfluss_Extrakorporaler_Gasaustausch", "display": {"original": "SD MII ICU Blutfluss Extrakorporaler Gasaustausch", "translations": [{"language": "de-DE", "value": ""}, {"language": "en-US", "value": ""}]}, "module": "modul-icu", "url": "https://www.medizininformatik-initiative.de/fhir/ext/modul-icu/StructureDefinition/blutfluss-extrakorporaler-gasaustausch", "leaf": true, "selectable": true}, {"id": "df4c7b30-815f-44ff-86ab-d751354b97d5", "name": "SD_MII_ICU_Haemodialyse_Blutfluss", "display": {"original": "SD MII ICU Haemodialyse Blutfluss", "translations": [{"language": "de-DE", "value": ""}, {"language": "en-US", "value": ""}]}, "module": "modul-icu", "url": "https://www.medizininformatik-initiative.de/fhir/ext/modul-icu/StructureDefinition/haemodialyse-blutfluss", "leaf": true, "selectable": true}, {"id": "1a7eaee8-6e30-469b-a662-172299b316ff", "name": "SD_MII_ICU_Blutfluss_Cardiovasculaeres_Geraet", "display": {"original": "SD MII ICU Blutfluss Cardiovasculaeres Geraet", "translations": [{"language": "de-DE", "value": ""}, {"language": "en-US", "value": ""}]}, "module": "modul-icu", "url": "https://www.medizininformatik-initiative.de/fhir/ext/modul-icu/StructureDefinition/blutfluss-cardiovasculaeres-geraet", "leaf": true, "selectable": true}, {"id": "ce0d1dc3-ba57-4752-b172-8bb95caab267", "name": "SD_MII_ICU_Ionisiertes_Kalzium_Nierenersatzverfahren", "display": {"original": "SD MII ICU Ionisiertes Kalzium Nierenersatzverfahren", "translations": [{"language": "de-DE", "value": ""}, {"language": "en-US", "value": ""}]}, "module": "modul-icu", "url": "https://www.medizininformatik-initiative.de/fhir/ext/modul-icu/StructureDefinition/ionisiertes-kalzium-nierenersatzverfahren", "leaf": true, "selectable": true}, {"id": "50e9f739-04df-4166-a641-abb39fefc434", "name": "SD_MII_ICU_Dauer_Haemodialysesitzung", "display": {"original": "SD MII ICU Dauer Haemodialysesitzung", "translations": [{"language": "de-DE", "value": ""}, {"language": "en-US", "value": ""}]}, "module": "modul-icu", "url": "https://www.medizininformatik-initiative.de/fhir/ext/modul-icu/StructureDefinition/dauer-haemodialysesitzung", "leaf": true, "selectable": true}, {"id": "084773ac-6d78-43af-8656-9996972ffab1", "name": "SD_MII_ICU_Arterieller_Druck", "display": {"original": "SD MII ICU Arterieller Druck", "translations": [{"language": "de-DE", "value": ""}, {"language": "en-US", "value": ""}]}, "module": "modul-icu", "url": "https://www.medizininformatik-initiative.de/fhir/ext/modul-icu/StructureDefinition/arterieller-druck", "leaf": true, "selectable": true}, {"id": "226bdaaa-ea15-4684-beeb-f6f075fd05b8", "name": "SD_MII_ICU_Blutflussindex_Extrakorporaler_Gasaustausch", "display": {"original": "SD MII ICU Blutflussindex Extrakorporaler Gasaustausch", "translations": [{"language": "de-DE", "value": ""}, {"language": "en-US", "value": ""}]}, "module": "modul-icu", "url": "https://www.medizininformatik-initiative.de/fhir/ext/modul-icu/StructureDefinition/blutflussindex-extrakorporaler-gasaustausch", "leaf": true, "selectable": true}, {"id": "57ba17fb-d1ef-4b4a-9472-ebbcb6858025", "name": "SD_MII_ICU_Substituatfluss", "display": {"original": "SD MII ICU Substituatfluss", "translations": [{"language": "de-DE", "value": ""}, {"language": "en-US", "value": ""}]}, "module": "modul-icu", "url": "https://www.medizininformatik-initiative.de/fhir/ext/modul-icu/StructureDefinition/substituatfluss", "leaf": true, "selectable": true}]}, {"id": "889aac03-cd6a-4d03-adef-9de9cae5bd47", "name": "SD_MII_ICU_Icu_Device", "display": {"original": "SD MII ICU ICU Device", "translations": [{"language": "de-DE", "value": ""}, {"language": "en-US", "value": ""}]}, "module": "modul-icu", "url": "https://www.medizininformatik-initiative.de/fhir/ext/modul-icu/StructureDefinition/icu-device", "leaf": true, "selectable": true}, {"id": "19eb911a-b080-4370-b3d4-1282924cf498", "name": "SD_MII_ICU_Devicemetric_Eingestellte_Gemessene_Parameter_Extrakorporale_Verfahren", "display": {"original": "SD MII ICU DeviceMetric Eingestellte Gemessene Parameter Extrakorporale Verfahren", "translations": [{"language": "de-DE", "value": ""}, {"language": "en-US", "value": ""}]}, "module": "modul-icu", "url": "https://www.medizininformatik-initiative.de/fhir/ext/modul-icu/StructureDefinition/devicemetric-eingestellte-gemessene-parameter-extrakorporale-verfahren", "leaf": true, "selectable": true}]}, {"id": "49466e41-8f94-46d9-9d32-5b05557a9325", "name": "modul-molgen", "display": {"original": "modul-molgen", "translations": [{"language": "de-DE", "value": "modul-molgen"}, {"language": "en-US", "value": "modul-molgen"}]}, "url": "modul-molgen", "module": "modul-molgen", "selectable": false, "leaf": false, "children": [{"id": "84fb49a7-9fc1-4c3f-9f9c-91c6075e7fe6", "name": "MII_PR_MolGen_Genotyp", "display": {"original": "MII PR MolGen Genotyp", "translations": [{"language": "de-DE", "value": ""}, {"language": "en-US", "value": ""}]}, "module": "modul-molgen", "url": "https://www.medizininformatik-initiative.de/fhir/ext/modul-molgen/StructureDefinition/genotyp", "leaf": true, "selectable": true}, {"id": "ae238737-a23c-48e9-af23-eb0fe24338e4", "name": "MII_PR_MolGen_Medikationsempfehlung", "display": {"original": "MII PR MolGen Medikationsempfehlung", "translations": [{"language": "de-DE", "value": ""}, {"language": "en-US", "value": ""}]}, "module": "modul-molgen", "url": "https://www.medizininformatik-initiative.de/fhir/ext/modul-molgen/StructureDefinition/medikationsempfehlung", "leaf": true, "selectable": true}, {"id": "40aacf6a-5c38-479a-a7a5-9a24690149f0", "name": "MII_PR_MolGen_EmpfohleneFolgemassnahme", "display": {"original": "MII PR MolGen Empfohlene Folgema\u00dfnahme", "translations": [{"language": "de-DE", "value": ""}, {"language": "en-US", "value": ""}]}, "module": "modul-molgen", "url": "https://www.medizininformatik-initiative.de/fhir/ext/modul-molgen/StructureDefinition/empfohlene-folgemassnahme", "leaf": true, "selectable": true}, {"id": "85a60910-d3b5-4efc-aead-11cefdff61d3", "name": "MII_PR_MolGen_Familienanamnese", "display": {"original": "MII PR MolGen Familienanamnese", "translations": [{"language": "de-DE", "value": ""}, {"language": "en-US", "value": ""}]}, "module": "modul-molgen", "url": "https://www.medizininformatik-initiative.de/fhir/ext/modul-molgen/StructureDefinition/familienanamnese", "leaf": true, "selectable": true}, {"id": "b89412e7-bd8a-406d-a4f9-436a35990aab", "name": "MII_PR_MolGen_ErgebnisZusammenfassung", "display": {"original": "MII PR MolGen Ergebnis Zusammenfassung", "translations": [{"language": "de-DE", "value": ""}, {"language": "en-US", "value": ""}]}, "module": "modul-molgen", "url": "https://www.medizininformatik-initiative.de/fhir/ext/modul-molgen/StructureDefinition/ergebnis-zusammenfassung", "leaf": true, "selectable": true}, {"id": "f100c32a-71a3-43aa-8723-83d6c8032298", "name": "MII_PR_MolGen_MolekulargenetischerBefundbericht", "display": {"original": "MII PR MolGen Molekulargenetischer Befundbericht", "translations": [{"language": "de-DE", "value": ""}, {"language": "en-US", "value": ""}]}, "module": "modul-molgen", "url": "https://www.medizininformatik-initiative.de/fhir/ext/modul-molgen/StructureDefinition/molekulargenetischer-befundbericht", "leaf": true, "selectable": true}, {"id": "e41d1c73-ac1a-45d5-b280-22c6b91161fb", "name": "MII_PR_MolGen_DiagnostischeImplikation", "display": {"original": "MII PR MolGen Diagnostische Implikation", "translations": [{"language": "de-DE", "value": ""}, {"language": "en-US", "value": ""}]}, "module": "modul-molgen", "url": "https://www.medizininformatik-initiative.de/fhir/ext/modul-molgen/StructureDefinition/diagnostische-implikation", "leaf": true, "selectable": true}, {"id": "e79284ec-5c9d-449c-8a73-85a50c9cdd39", "name": "MII_PR_MolGen_AnforderungGenetischerTest", "display": {"original": "MII PR MolGen Anforderung genetischer Test", "translations": [{"language": "de-DE", "value": ""}, {"language": "en-US", "value": ""}]}, "module": "modul-molgen", "url": "https://www.medizininformatik-initiative.de/fhir/ext/modul-molgen/StructureDefinition/anforderung-genetischer-test", "leaf": true, "selectable": true}, {"id": "63994d40-245b-4f57-8842-0445fcfe0362", "name": "MII_PR_MolGen_Mikrosatelliteninstabilitaet", "display": {"original": "MII PR MolGen Mikrosatelliteninstabilit\u00e4t", "translations": [{"language": "de-DE", "value": ""}, {"language": "en-US", "value": ""}]}, "module": "modul-molgen", "url": "https://www.medizininformatik-initiative.de/fhir/ext/modul-molgen/StructureDefinition/mikrosatelliteninstabilitaet", "leaf": true, "selectable": true}, {"id": "09c647b4-2e45-498c-b1ab-c0cb1ea9e7b3", "name": "MII_PR_MolGen_Mutationslast", "display": {"original": "MII PR MolGen Mutationslast", "translations": [{"language": "de-DE", "value": ""}, {"language": "en-US", "value": ""}]}, "module": "modul-molgen", "url": "https://www.medizininformatik-initiative.de/fhir/ext/modul-molgen/StructureDefinition/mutationslast", "leaf": true, "selectable": true}, {"id": "b4b6a966-c026-479b-958a-e3e0b5d427c4", "name": "MII_PR_MolGen_Variante", "display": {"original": "MII PR MolGen Variante", "translations": [{"language": "de-DE", "value": ""}, {"language": "en-US", "value": ""}]}, "module": "modul-molgen", "url": "https://www.medizininformatik-initiative.de/fhir/ext/modul-molgen/StructureDefinition/variante", "leaf": true, "selectable": true}, {"id": "a52d8652-7968-44ae-b794-5185ba01804b", "name": "MII_PR_MolGen_TherapeutischeImplikation", "display": {"original": "MII PR MolGen Therapeutische Implikation", "translations": [{"language": "de-DE", "value": ""}, {"language": "en-US", "value": ""}]}, "module": "modul-molgen", "url": "https://www.medizininformatik-initiative.de/fhir/ext/modul-molgen/StructureDefinition/therapeutische-implikation", "leaf": true, "selectable": true}, {"id": "988f8b85-56fd-42b4-8468-50f5f96ec997", "name": "MII_PR_MolGen_UntersuchteRegion", "display": {"original": "MII PR MolGen Untersuchte Region", "translations": [{"language": "de-DE", "value": ""}, {"language": "en-US", "value": ""}]}, "module": "modul-molgen", "url": "https://www.medizininformatik-initiative.de/fhir/ext/modul-molgen/StructureDefinition/untersuchte-region", "leaf": true, "selectable": true}, {"id": "a43ed83c-b054-4474-8de3-0147ce6f4172", "name": "MII_PR_MolGen_PolygenerRisikoScore", "display": {"original": "MII PR MolGen Polygener Risiko Score", "translations": [{"language": "de-DE", "value": ""}, {"language": "en-US", "value": ""}]}, "module": "modul-molgen", "url": "https://www.medizininformatik-initiative.de/fhir/ext/modul-molgen/StructureDefinition/polygener-risiko-score", "leaf": true, "selectable": true}]}], "selectable": false}