{
  "name": "Root",
  "module": "no-module",
  "url": "no-url",
  "children": [
    {
      "id": "def4d11e-7d2c-4a3b-ba7d-5eae29244815",
      "name": "modul-person",
      "display": "Person",
      "url": "modul-person",
      "module": "modul-person",
      "selectable": false,
      "leaf": false,
      "children": [
        {
          "id": "dea2b4f2-dbb4-44ec-8813-29fda47661e9",
          "name": "MII_PR_Person_Vitalstatus",
          "display": "Vitalstatus",
          "module": "modul-person",
          "url": "https://www.medizininformatik-initiative.de/fhir/core/modul-person/StructureDefinition/Vitalstatus",
          "leaf": true,
          "selectable": true
        },
        {
          "id": "dd3aa611-65e1-4de0-ac51-0a6302da8281",
          "name": "MII_PR_Person_PatientPseudonymisiert",
          "display": "Patient (Pseudonymisiert)",
          "module": "modul-person",
          "url": "https://www.medizininformatik-initiative.de/fhir/core/modul-person/StructureDefinition/PatientPseudonymisiert",
          "leaf": true,
          "selectable": true
        },
        {
          "id": "25c3c3bf-162d-4872-bb8f-dfc20e6c3f5f",
          "name": "MII_PR_Person_Proband",
          "display": "Proband",
          "module": "modul-person",
          "url": "https://www.medizininformatik-initiative.de/fhir/core/modul-person/StructureDefinition/ResearchSubject",
          "leaf": true,
          "selectable": true
        },
        {
          "id": "9267a4e0-126e-4201-8336-c4f12bee66e8",
          "name": "MII_PR_Person_Patient",
          "display": "Patient",
          "module": "modul-person",
          "url": "https://www.medizininformatik-initiative.de/fhir/core/modul-person/StructureDefinition/Patient",
          "leaf": true,
          "selectable": true
        },
        {
          "id": "61c53fd0-7589-4017-b041-073c02a22294",
          "name": "MII_PR_Person_Todesursache",
          "display": "Todesursache",
          "module": "modul-person",
          "url": "https://www.medizininformatik-initiative.de/fhir/core/modul-person/StructureDefinition/Todesursache",
          "leaf": true,
          "selectable": true
        }
      ]
    },
    {
      "id": "3500a7f1-dd42-4128-8a42-4ddd4b606bbc",
      "name": "modul-labor",
      "display": "Labor",
      "url": "modul-labor",
      "module": "modul-labor",
      "selectable": false,
      "leaf": false,
      "children": [
        {
          "id": "3caa8d72-e3b5-4291-8a08-8b4a2b4bacdc",
          "name": "ProfileObservationLaboruntersuchung",
          "display": "Laboruntersuchung (Laborwert)",
          "module": "modul-labor",
          "url": "https://www.medizininformatik-initiative.de/fhir/core/modul-labor/StructureDefinition/ObservationLab",
          "leaf": true,
          "selectable": true
        },
        {
          "id": "f7581d7b-340f-4415-a836-a309a4258a34",
          "name": "ProfileServiceRequestLaboranforderung",
          "display": "Laboranforderung",
          "module": "modul-labor",
          "url": "https://www.medizininformatik-initiative.de/fhir/core/modul-labor/StructureDefinition/ServiceRequestLab",
          "leaf": true,
          "selectable": true
        },
        {
          "id": "a5e8a13c-6748-43c0-a6ea-39b9a1bfe738",
          "name": "ProfileDiagnosticReportLaborbefund",
          "display": "Laborbefund",
          "module": "modul-labor",
          "url": "https://www.medizininformatik-initiative.de/fhir/core/modul-labor/StructureDefinition/DiagnosticReportLab",
          "leaf": true,
          "selectable": true
        }
      ]
    },
    {
      "id": "b1d902d0-82a8-4ba4-838a-98557a6e9a41",
      "name": "modul-medikation",
      "display": "Medikation",
      "url": "modul-medikation",
      "module": "modul-medikation",
      "selectable": false,
      "leaf": false,
      "children": [
        {
          "id": "8cc82efb-34b3-4875-8f22-3f935ff1d181",
          "name": "MII_PR_Medikation_MedicationStatement",
          "display": "Medikationsverordnung",
          "module": "modul-medikation",
          "url": "https://www.medizininformatik-initiative.de/fhir/core/modul-medikation/StructureDefinition/MedicationStatement",
          "leaf": true,
          "selectable": true
        },
        {
          "id": "3de70715-49bf-4263-9e17-12b6d98668c9",
          "name": "MII_PR_Medikation_Medikationsliste",
          "display": "Medikationsliste",
          "module": "modul-medikation",
          "url": "https://www.medizininformatik-initiative.de/fhir/core/modul-medikation/StructureDefinition/medikationsliste",
          "leaf": true,
          "selectable": true
        },
        {
          "id": "329ecbbc-5dbf-41c5-8241-887ffbda58f3",
          "name": "MII_PR_Medikation_MedicationRequest",
          "display": "Medikationsauftrag",
          "module": "modul-medikation",
          "url": "https://www.medizininformatik-initiative.de/fhir/core/modul-medikation/StructureDefinition/MedicationRequest",
          "leaf": true,
          "selectable": true
        },
        {
          "id": "c18cc6f7-b509-47e8-b1d6-c68d281b107a",
          "name": "MII_PR_Medikation_Medication",
          "display": "Medikation",
          "module": "modul-medikation",
          "url": "https://www.medizininformatik-initiative.de/fhir/core/modul-medikation/StructureDefinition/Medication",
          "leaf": true,
          "selectable": true
        },
        {
          "id": "a956f85b-763c-4c82-ae89-64e3b2301ebe",
          "name": "MII_PR_Medikation_MedicationAdministration",
          "display": "Medikamentenverabreichungen",
          "module": "modul-medikation",
          "url": "https://www.medizininformatik-initiative.de/fhir/core/modul-medikation/StructureDefinition/MedicationAdministration",
          "leaf": true,
          "selectable": true
        }
      ]
    },
    {
      "id": "68a1e2a2-3841-43ed-b358-de026c8fa760",
      "name": "modul-fall",
      "display": "Fall",
      "url": "modul-fall",
      "module": "modul-fall",
      "selectable": false,
      "leaf": false,
      "children": [
        {
          "id": "3bb4738b-888b-44a1-a3ba-dde44e1a5da5",
          "name": "MII_PR_Fall_KontaktGesundheitseinrichtung",
          "display": "Fall Kontakt mit einer Gesundheitseinrichtung",
          "module": "modul-fall",
          "url": "https://www.medizininformatik-initiative.de/fhir/core/modul-fall/StructureDefinition/KontaktGesundheitseinrichtung",
          "leaf": true,
          "selectable": true
        }
      ]
    },
    {
      "id": "13560401-791e-4d59-b3dc-d0ef82cf2d72",
      "name": "modul-biobank",
      "display": "Biobank",
      "url": "modul-biobank",
      "module": "modul-biobank",
      "selectable": false,
      "leaf": false,
      "children": [
        {
          "id": "860390db-a985-4baf-aa66-8ce030ca53d0",
          "name": "ProfileSubstanceAdditiv",
          "display": "Additiv",
          "module": "modul-biobank",
          "url": "https://www.medizininformatik-initiative.de/fhir/ext/modul-biobank/StructureDefinition/Substance",
          "leaf": true,
          "selectable": true
        },
        {
          "id": "f23e2678-2b7d-440a-94ce-a1346e1fda1f",
          "name": "ProfileOrganizationSammlungBiobank",
          "display": "Sammlung/Biobank",
          "module": "modul-biobank",
          "url": "https://www.medizininformatik-initiative.de/fhir/ext/modul-biobank/StructureDefinition/Organization",
          "leaf": true,
          "selectable": true
        },
        {
          "id": "09c1497a-f875-4368-828b-a0185641a811",
          "name": "ProfileSpecimenBioprobeCore",
          "display": "Bioprobe Kern",
          "module": "modul-biobank",
          "url": "https://www.medizininformatik-initiative.de/fhir/ext/modul-biobank/StructureDefinition/SpecimenCore",
          "leaf": false,
          "selectable": false,
          "children": [
            {
              "id": "4c19e10e-a3fc-4de4-8577-ab626c9beb02",
              "name": "ProfileSpecimenBioprobe",
              "display": "Bioprobe",
              "module": "modul-biobank",
              "url": "https://www.medizininformatik-initiative.de/fhir/ext/modul-biobank/StructureDefinition/Specimen",
              "leaf": true,
              "selectable": true
            }
          ]
        }
      ]
    },
    {
      "id": "ca44c023-7d9e-4ad8-be94-fb08ca655404",
      "name": "modul-diagnose",
      "display": "Diagnosen",
      "url": "modul-diagnose",
      "module": "modul-diagnose",
      "selectable": false,
      "leaf": false,
      "children": [
        {
          "id": "ae5e21e3-cfad-4169-bac0-ad6a1f9e716d",
          "name": "MII_PR_Diagnose_Condition",
          "display": "Diagnose",
          "module": "modul-diagnose",
          "url": "https://www.medizininformatik-initiative.de/fhir/core/modul-diagnose/StructureDefinition/Diagnose",
          "leaf": true,
          "selectable": true
        }
      ]
    },
    {
      "id": "97001622-dd26-4b83-92fb-e3466b774b35",
      "name": "modul-consent",
      "display": "Einwilligung",
      "url": "modul-consent",
      "module": "modul-consent",
      "selectable": false,
      "leaf": false,
      "children": [
        {
          "id": "011d5232-e3dd-422e-a217-758e3fee9863",
          "name": "MII_PR_Consent_Provenance",
          "display": "Einwilligungsursprung",
          "module": "modul-consent",
          "url": "https://www.medizininformatik-initiative.de/fhir/modul-consent/StructureDefinition/mii-pr-consent-provenance",
          "leaf": true,
          "selectable": true
        },
        {
          "id": "475892c4-60f8-4c6b-9d74-27ff8e539df5",
          "name": "MII_PR_Consent_Einwilligung",
          "display": "Einwilligung",
          "module": "modul-consent",
          "url": "https://www.medizininformatik-initiative.de/fhir/modul-consent/StructureDefinition/mii-pr-consent-einwilligung",
          "leaf": true,
          "selectable": true
        },
        {
          "id": "0d3aebc0-206f-4b6c-bc1e-555c533a29a6",
          "name": "MII_PR_Consent_DocumentReference",
          "display": "Einwilligungsdokumentenreferenz",
          "module": "modul-consent",
          "url": "https://www.medizininformatik-initiative.de/fhir/modul-consent/StructureDefinition/mii-pr-consent-documentreference",
          "leaf": true,
          "selectable": true
        }
      ]
    },
    {
      "id": "abb1e1a8-b1b2-4474-bef2-96c1a2da2aa1",
      "name": "modul-icu",
      "display": "ICU",
      "url": "modul-icu",
      "module": "modul-icu",
      "selectable": false,
      "leaf": false,
      "children": [
        {
          "id": "ba343c5b-f1a7-4c56-b50b-f8484f7fb2fd",
          "name": "SD_MII_ICU_Devicemetric_Eingestellte_Gemessene_Parameter_Beatmung",
          "display": "Device Metric Eingestellte Gemessene Parameter Beatmung",
          "module": "modul-icu",
          "url": "https://www.medizininformatik-initiative.de/fhir/ext/modul-icu/StructureDefinition/devicemetric-eingestellte-gemessene-parameter-beatmung",
          "leaf": true,
          "selectable": true
        },
        {
          "id": "53f552e3-10cb-42b2-9a79-829d8d39fc4f",
          "name": "SD_MII_ICU_Monitoring_Und_Vitaldaten",
          "display": "Monitoring und Vitaldaten",
          "module": "modul-icu",
          "url": "https://www.medizininformatik-initiative.de/fhir/ext/modul-icu/StructureDefinition/monitoring-und-vitaldaten",
          "leaf": false,
          "selectable": false,
          "children": [
            {
              "id": "98cbe806-464c-46dc-a63c-5f23aae6e133",
              "name": "SD_MII_ICU_Linksventrikulaeres_Herzzeitvolumen_Durch_Indikatorverduennung",
              "display": "Linksventrikulaeres Herzzeitvolumen durch Indikatorverduennung",
              "module": "modul-icu",
              "url": "https://www.medizininformatik-initiative.de/fhir/ext/modul-icu/StructureDefinition/linksventrikulaeres-herzzeitvolumen-durch-indikatorverduennung",
              "leaf": true,
              "selectable": true
            },
            {
              "id": "b41bac54-df80-40d0-81a3-2b536b95301f",
              "name": "SD_MII_ICU_Sauerstoffsaettigung_Im_Blut_Preduktal_Durch_Pulsoxymetrie",
              "display": "Sauerstoffsaettigung im Blut Preduktal durch Pulsoxymetrie",
              "module": "modul-icu",
              "url": "https://www.medizininformatik-initiative.de/fhir/ext/modul-icu/StructureDefinition/sauerstoffsaettigung-im-blut-preduktal-durch-pulsoxymetrie",
              "leaf": true,
              "selectable": true
            },
            {
              "id": "8b4d8d3b-7018-4ea7-a3b4-29dd83bda89e",
              "name": "SD_MII_ICU_Koerpertemperatur_Generisch",
              "display": "K\u00f6rpertemperatur Generisch",
              "module": "modul-icu",
              "url": "https://www.medizininformatik-initiative.de/fhir/ext/modul-icu/StructureDefinition/koerpertemperatur-generisch",
              "leaf": false,
              "selectable": false,
              "children": [
                {
                  "id": "9a9d684a-1c1f-49c4-9aa2-66d349d443ea",
                  "name": "SD_MII_ICU_Koerpertemperatur_Brust",
                  "display": "K\u00f6rpertemperatur Brust",
                  "module": "modul-icu",
                  "url": "https://www.medizininformatik-initiative.de/fhir/ext/modul-icu/StructureDefinition/koerpertemperatur-brust",
                  "leaf": true,
                  "selectable": true
                },
                {
                  "id": "48592c51-a008-4a2a-9526-6449c31e6c04",
                  "name": "SD_MII_ICU_Koerpertemperatur_Nasal",
                  "display": "K\u00f6rpertemperatur Nasal",
                  "module": "modul-icu",
                  "url": "https://www.medizininformatik-initiative.de/fhir/ext/modul-icu/StructureDefinition/koerpertemperatur-nasal",
                  "leaf": true,
                  "selectable": true
                },
                {
                  "id": "753a0275-4660-44c5-b463-dcdccc2b9bd6",
                  "name": "SD_MII_ICU_Koerpertemperatur_Rektal",
                  "display": "K\u00f6rpertemperatur Rektal",
                  "module": "modul-icu",
                  "url": "https://www.medizininformatik-initiative.de/fhir/ext/modul-icu/StructureDefinition/koerpertemperatur-rektal",
                  "leaf": true,
                  "selectable": true
                },
                {
                  "id": "f3c34632-dd24-4a16-b608-98df848d504b",
                  "name": "SD_MII_ICU_Koerpertemperatur_Vaginal",
                  "display": "K\u00f6rpertemperatur Vaginal",
                  "module": "modul-icu",
                  "url": "https://www.medizininformatik-initiative.de/fhir/ext/modul-icu/StructureDefinition/koerpertemperatur-vaginal",
                  "leaf": true,
                  "selectable": true
                },
                {
                  "id": "642f2281-5623-4536-bb74-4dadb089005e",
                  "name": "SD_MII_ICU_Koerpertemperatur_Lendenwirbelsaeule",
                  "display": "K\u00f6rpertemperatur Lendenwirbelsaeule",
                  "module": "modul-icu",
                  "url": "https://www.medizininformatik-initiative.de/fhir/ext/modul-icu/StructureDefinition/koerpertemperatur-lendenwirbelsaeule",
                  "leaf": true,
                  "selectable": true
                },
                {
                  "id": "2b3ecbaf-fd84-4213-b5df-beffe0617cd2",
                  "name": "SD_MII_ICU_Koerpertemperatur_Trommelfell",
                  "display": "K\u00f6rpertemperatur Trommelfell",
                  "module": "modul-icu",
                  "url": "https://www.medizininformatik-initiative.de/fhir/ext/modul-icu/StructureDefinition/koerpertemperatur-trommelfell",
                  "leaf": true,
                  "selectable": true
                },
                {
                  "id": "d9ea6631-1680-4507-a15b-935865feaf4e",
                  "name": "SD_MII_ICU_Koerpertemperatur_Unter_Der_Zunge",
                  "display": "K\u00f6rpertemperatur unter der Zunge",
                  "module": "modul-icu",
                  "url": "https://www.medizininformatik-initiative.de/fhir/ext/modul-icu/StructureDefinition/koerpertemperatur-unter-der-zunge",
                  "leaf": true,
                  "selectable": true
                },
                {
                  "id": "dac45cfd-b2b1-46e0-ba16-1b4f667159db",
                  "name": "SD_MII_ICU_Koerpertemperatur_Leiste",
                  "display": "K\u00f6rpertemperatur Leiste",
                  "module": "modul-icu",
                  "url": "https://www.medizininformatik-initiative.de/fhir/ext/modul-icu/StructureDefinition/koerpertemperatur-leiste",
                  "leaf": true,
                  "selectable": true
                },
                {
                  "id": "f2ff15ad-631b-433c-9426-9748fcbd181f",
                  "name": "SD_MII_ICU_Koerpertemperatur_Nasen_Rachen_Raum",
                  "display": "K\u00f6rpertemperatur Nasen-Rachen-Raum",
                  "module": "modul-icu",
                  "url": "https://www.medizininformatik-initiative.de/fhir/ext/modul-icu/StructureDefinition/koerpertemperatur-nasen-rachen-raum",
                  "leaf": true,
                  "selectable": true
                },
                {
                  "id": "a3e01cef-a260-46c2-b9d5-f39e73e8381c",
                  "name": "SD_MII_ICU_Koerpertemperatur_Speiseroehre",
                  "display": "K\u00f6rpertemperatur Speiseroehre",
                  "module": "modul-icu",
                  "url": "https://www.medizininformatik-initiative.de/fhir/ext/modul-icu/StructureDefinition/koerpertemperatur-speiseroehre",
                  "leaf": true,
                  "selectable": true
                },
                {
                  "id": "eb5c2893-ffdc-4b76-be1c-8b6084b967d0",
                  "name": "SD_MII_ICU_Koerpertemperatur_Stirn",
                  "display": "K\u00f6rpertemperatur Stirn",
                  "module": "modul-icu",
                  "url": "https://www.medizininformatik-initiative.de/fhir/ext/modul-icu/StructureDefinition/koerpertemperatur-stirn",
                  "leaf": true,
                  "selectable": true
                },
                {
                  "id": "aa9226d0-f1e1-465f-b740-3fc19048d4e6",
                  "name": "SD_MII_ICU_Koerpertemperatur_Achsel",
                  "display": "K\u00f6rpertemperatur Achsel",
                  "module": "modul-icu",
                  "url": "https://www.medizininformatik-initiative.de/fhir/ext/modul-icu/StructureDefinition/koerpertemperatur-achsel",
                  "leaf": true,
                  "selectable": true
                },
                {
                  "id": "dd932e63-8685-4f90-a2a2-40ed165c5136",
                  "name": "SD_MII_ICU_Koerpertemperatur_Halswirbelsaeule",
                  "display": "K\u00f6rpertemperatur Halswirbelsaeule",
                  "module": "modul-icu",
                  "url": "https://www.medizininformatik-initiative.de/fhir/ext/modul-icu/StructureDefinition/koerpertemperatur-halswirbelsaeule",
                  "leaf": true,
                  "selectable": true
                },
                {
                  "id": "b597a225-12f4-4504-a6ea-c01db776cd9b",
                  "name": "SD_MII_ICU_Koerpertemperatur_Kern",
                  "display": "K\u00f6rpertemperatur Kern",
                  "module": "modul-icu",
                  "url": "https://www.medizininformatik-initiative.de/fhir/ext/modul-icu/StructureDefinition/koerpertemperatur-kern",
                  "leaf": true,
                  "selectable": true
                },
                {
                  "id": "7f96268f-12a7-401b-815c-7f537334a0bf",
                  "name": "SD_MII_ICU_Koerpertemperatur_Atemwege",
                  "display": "K\u00f6rpertemperatur Atemwege",
                  "module": "modul-icu",
                  "url": "https://www.medizininformatik-initiative.de/fhir/ext/modul-icu/StructureDefinition/koerpertemperatur-atemwege",
                  "leaf": true,
                  "selectable": true
                },
                {
                  "id": "a6f33629-c36b-4edc-866c-63e3dea1a7a5",
                  "name": "SD_MII_ICU_Koerpertemperatur_Blut",
                  "display": "K\u00f6rpertemperatur Blut",
                  "module": "modul-icu",
                  "url": "https://www.medizininformatik-initiative.de/fhir/ext/modul-icu/StructureDefinition/koerpertemperatur-blut",
                  "leaf": true,
                  "selectable": true
                },
                {
                  "id": "c3a23d56-a9fa-4864-bfdf-83c930aa1561",
                  "name": "SD_MII_ICU_Koerpertemperatur_Brustwirbelsaeule",
                  "display": "K\u00f6rpertemperatur Brustwirbels\u00e4ule",
                  "module": "modul-icu",
                  "url": "https://www.medizininformatik-initiative.de/fhir/ext/modul-icu/StructureDefinition/koerpertemperatur-brustwirbelsaeule",
                  "leaf": true,
                  "selectable": true
                },
                {
                  "id": "3981eaa0-922f-458c-9b48-c079d1e83259",
                  "name": "SD_MII_ICU_Koerpertemperatur_Harnblase",
                  "display": "K\u00f6rpertemperatur Harnblase",
                  "module": "modul-icu",
                  "url": "https://www.medizininformatik-initiative.de/fhir/ext/modul-icu/StructureDefinition/koerpertemperatur-harnblase",
                  "leaf": true,
                  "selectable": true
                }
              ]
            },
            {
              "id": "84fcb5ae-f9e0-4925-ab6c-3564dbffba61",
              "name": "SD_MII_ICU_Linksventrikulaeres_Schlagvolumenindex",
              "display": "Linksventrikul\u00e4res Schlagvolumenindex",
              "module": "modul-icu",
              "url": "https://www.medizininformatik-initiative.de/fhir/ext/modul-icu/StructureDefinition/linksventrikulaeres-schlagvolumenindex",
              "leaf": true,
              "selectable": true
            },
            {
              "id": "1c05e950-7091-4d8a-ae36-6c4e9a4ac2a7",
              "name": "SD_MII_ICU_Linksventrikulaerer_Herzindex",
              "display": "Linksventrikul\u00e4rer Herzindex",
              "module": "modul-icu",
              "url": "https://www.medizininformatik-initiative.de/fhir/ext/modul-icu/StructureDefinition/linksventrikulaerer-herzindex",
              "leaf": true,
              "selectable": true
            },
            {
              "id": "1edb2107-3477-4a3e-b8f7-1628472fa6b0",
              "name": "SD_MII_ICU_Pulmonalarterieller_Wedge_Druck",
              "display": "Pulmonalarterieller Wedge Druck (PAWP)",
              "module": "modul-icu",
              "url": "https://www.medizininformatik-initiative.de/fhir/ext/modul-icu/StructureDefinition/pulmonalarterieller-wedge-druck",
              "leaf": true,
              "selectable": true
            },
            {
              "id": "cfac39a9-c7cc-4f91-b666-ee032992f8ac",
              "name": "SD_MII_ICU_Sauerstoffsaettigung_Im_Arteriellen_Blut_Durch_Pulsoxymetrie",
              "display": "Sauerstoffs\u00e4ttigung im Arteriellen Blut durch Pulsoxymetrie",
              "module": "modul-icu",
              "url": "https://www.medizininformatik-initiative.de/fhir/ext/modul-icu/StructureDefinition/sauerstoffsaettigung-im-arteriellen-blut-durch-pulsoxymetrie",
              "leaf": true,
              "selectable": true
            },
            {
              "id": "5e4d7157-b166-4200-8fdf-ddafdf8da14a",
              "name": "SD_MII_ICU_Sauerstoffsaettigung_Im_Blut_Postduktal_Durch_Pulsoxymetrie",
              "display": "Sauerstoffs\u00e4ttigung im Blut Postduktal durch Pulsoxymetrie ",
              "module": "modul-icu",
              "url": "https://www.medizininformatik-initiative.de/fhir/ext/modul-icu/StructureDefinition/sauerstoffsaettigung-im-blut-postduktal-durch-pulsoxymetrie",
              "leaf": true,
              "selectable": true
            },
            {
              "id": "ec67f9d7-fcdf-48eb-81a5-fb8b4a541f8e",
              "name": "SD_MII_ICU_Linksventrikulaerer_Herzindex_Durch_Indikatorverduennung",
              "display": "Linksventrikul\u00e4rer Herzindex durch Indikatorverd\u00fcnnung",
              "module": "modul-icu",
              "url": "https://www.medizininformatik-initiative.de/fhir/ext/modul-icu/StructureDefinition/linksventrikulaerer-herzindex-durch-indikatorverduennung",
              "leaf": true,
              "selectable": true
            },
            {
              "id": "abee10f6-dc13-47ba-8b45-3e1c1198dccb",
              "name": "SD_MII_ICU_Linksventrikulaerer_Schlagvolumenindex_Durch_Indikatorverduennung",
              "display": "Linksventrikul\u00e4rer Schlagvolumenindex durch Indikatorverd\u00fcnnung",
              "module": "modul-icu",
              "url": "https://www.medizininformatik-initiative.de/fhir/ext/modul-icu/StructureDefinition/linksventrikulaerer-schlagvolumenindex-durch-indikatorverduennung",
              "leaf": true,
              "selectable": true
            },
            {
              "id": "73d25d4d-98b6-466c-87b6-d99f1604bcc9",
              "name": "SD_MII_ICU_Herzfrequenz",
              "display": "Herzfrequenz",
              "module": "modul-icu",
              "url": "https://www.medizininformatik-initiative.de/fhir/ext/modul-icu/StructureDefinition/herzfrequenz",
              "leaf": true,
              "selectable": true
            },
            {
              "id": "c3faa95b-4212-4e1c-8b9f-c06d751c0aca",
              "name": "SD_MII_ICU_Systemischer_Vaskulaerer_Widerstandsindex",
              "display": "Systemischer Vaskul\u00e4rer Widerstandsindex",
              "module": "modul-icu",
              "url": "https://www.medizininformatik-initiative.de/fhir/ext/modul-icu/StructureDefinition/systemischer-vaskulaerer-widerstandsindex",
              "leaf": true,
              "selectable": true
            },
            {
              "id": "e0d22d31-fde2-4224-ba2d-7f5a6ee0240c",
              "name": "SD_MII_ICU_Puls",
              "display": "Puls",
              "module": "modul-icu",
              "url": "https://www.medizininformatik-initiative.de/fhir/ext/modul-icu/StructureDefinition/puls",
              "leaf": true,
              "selectable": true
            },
            {
              "id": "866c748e-dc2c-4dd4-a9ac-c9ba9d24aa3f",
              "name": "SD_MII_ICU_Linksventrikulaeres_Schlagvolumen_Durch_Indikatorverduennung",
              "display": "Linksventrikul\u00e4res Schlagvolumen durch Indikatorverd\u00fcnnung",
              "module": "modul-icu",
              "url": "https://www.medizininformatik-initiative.de/fhir/ext/modul-icu/StructureDefinition/linksventrikulaeres-schlagvolumen-durch-indikatorverduennung",
              "leaf": true,
              "selectable": true
            },
            {
              "id": "13956620-fcb3-44ca-9554-4c942c99d998",
              "name": "SD_MII_ICU_Herzzeitvolumen",
              "display": "Herzzeitvolumen",
              "module": "modul-icu",
              "url": "https://www.medizininformatik-initiative.de/fhir/ext/modul-icu/StructureDefinition/herzzeitvolumen",
              "leaf": true,
              "selectable": true
            },
            {
              "id": "bf06df3e-74f1-4790-9df4-8667d0b63dc5",
              "name": "SD_MII_ICU_Intrakranieller_Druck_Icp",
              "display": "Intrakranieller Druck (ICP)",
              "module": "modul-icu",
              "url": "https://www.medizininformatik-initiative.de/fhir/ext/modul-icu/StructureDefinition/intrakranieller-druck-icp",
              "leaf": true,
              "selectable": true
            },
            {
              "id": "ef078170-009d-41cb-a0c2-79a131a253f1",
              "name": "SD_MII_ICU_Koerpergewicht_Percentil_Altersabhaengig",
              "display": "K\u00f6rpergewicht Percentil Altersabh\u00e4ngig",
              "module": "modul-icu",
              "url": "https://www.medizininformatik-initiative.de/fhir/ext/modul-icu/StructureDefinition/koerpergewicht-percentil-altersabhaengig",
              "leaf": true,
              "selectable": true
            },
            {
              "id": "4e5904c1-b3d4-4e32-bbf2-904bb6418996",
              "name": "SD_MII_ICU_Zentralvenoeser_Blutdruck",
              "display": "Zentralven\u00f6ser Blutdruck",
              "module": "modul-icu",
              "url": "https://www.medizininformatik-initiative.de/fhir/ext/modul-icu/StructureDefinition/zentralvenoeser-blutdruck",
              "leaf": true,
              "selectable": true
            },
            {
              "id": "862c38dd-50bc-4313-8b7b-f6dfcefb96d4",
              "name": "SD_MII_ICU_Ideales_Koerpergewicht",
              "display": "Ideales K\u00f6rpergewicht",
              "module": "modul-icu",
              "url": "https://www.medizininformatik-initiative.de/fhir/ext/modul-icu/StructureDefinition/ideales-koerpergewicht",
              "leaf": true,
              "selectable": true
            },
            {
              "id": "5ed3f088-a0db-4d33-8d47-ae1b18cca8ad",
              "name": "SD_MII_ICU_Koerpergroesse_Percentil",
              "display": "K\u00f6rpergr\u00f6\u00dfe Perzentil",
              "module": "modul-icu",
              "url": "https://www.medizininformatik-initiative.de/fhir/ext/modul-icu/StructureDefinition/koerpergroesse-percentil",
              "leaf": true,
              "selectable": true
            },
            {
              "id": "c7565a62-e95e-484e-bc53-4666ae905f01",
              "name": "SD_MII_ICU_Pulmonalvaskulaerer_Widerstandsindex",
              "display": "Pulmonalvaskul\u00e4rer Widerstandsindex",
              "module": "modul-icu",
              "url": "https://www.medizininformatik-initiative.de/fhir/ext/modul-icu/StructureDefinition/pulmonalvaskulaerer-widerstandsindex",
              "leaf": true,
              "selectable": true
            },
            {
              "id": "90e75183-c95e-4f05-9d60-d9623aa69809",
              "name": "SD_MII_ICU_Linksventrikulaeres_Schlagvolumen",
              "display": "Linksventrikul\u00e4res Schlagvolumen",
              "module": "modul-icu",
              "url": "https://www.medizininformatik-initiative.de/fhir/ext/modul-icu/StructureDefinition/linksventrikulaeres-schlagvolumen",
              "leaf": true,
              "selectable": true
            }
          ]
        },
        {
          "id": "522f337b-06fc-4831-974c-debd757f7445",
          "name": "SD_MII_ICU_Sonstige_Pulsatile_Druecke_Generisch",
          "display": "Sonstige Pulsatile Dr\u00fccke Generisch",
          "module": "modul-icu",
          "url": "https://www.medizininformatik-initiative.de/fhir/ext/modul-icu/StructureDefinition/sonstige-pulsatile-druecke-generisch",
          "leaf": false,
          "selectable": false,
          "children": [
            {
              "id": "cd492828-fadc-4457-8291-0d955853d9c7",
              "name": "SD_MII_ICU_Linksventrikulaerer_Druck",
              "display": "Linksventrikul\u00e4rer Druck",
              "module": "modul-icu",
              "url": "https://www.medizininformatik-initiative.de/fhir/ext/modul-icu/StructureDefinition/linksventrikulaerer-druck",
              "leaf": true,
              "selectable": true
            },
            {
              "id": "cc1fbd43-89f2-4219-987e-241d6ece5198",
              "name": "SD_MII_ICU_Linksatrialer_Druck",
              "display": "Linksatrialer Druck",
              "module": "modul-icu",
              "url": "https://www.medizininformatik-initiative.de/fhir/ext/modul-icu/StructureDefinition/linksatrialer-druck",
              "leaf": true,
              "selectable": true
            },
            {
              "id": "77326e82-98ce-4726-bfdb-f0c79f2dd93b",
              "name": "SD_MII_ICU_Rechtsatrialer_Druck",
              "display": " Rechtsatrialer Druck",
              "module": "modul-icu",
              "url": "https://www.medizininformatik-initiative.de/fhir/ext/modul-icu/StructureDefinition/rechtsatrialer-druck",
              "leaf": true,
              "selectable": true
            },
            {
              "id": "49f3e239-67ab-45e2-8320-0a06b2964c3b",
              "name": "SD_MII_ICU_Rechtsventrikulaerer_Druck",
              "display": "Rechtsventrikul\u00e4rer Druck ",
              "module": "modul-icu",
              "url": "https://www.medizininformatik-initiative.de/fhir/ext/modul-icu/StructureDefinition/rechtsventrikulaerer-druck",
              "leaf": true,
              "selectable": true
            },
            {
              "id": "2dd2620b-fad6-444e-a7cc-ad40404536eb",
              "name": "SD_MII_ICU_Pulmonalarterieller_Blutdruck",
              "display": "Pulmonalarterieller Blutdruck",
              "module": "modul-icu",
              "url": "https://www.medizininformatik-initiative.de/fhir/ext/modul-icu/StructureDefinition/pulmonalarterieller-blutdruck",
              "leaf": true,
              "selectable": true
            }
          ]
        },
        {
          "id": "89905ea1-e7c4-449a-b062-7210351076a3",
          "name": "SD_MII_ICU_Parameter_Von_Beatmung",
          "display": "Parameter Von Beatmung",
          "module": "modul-icu",
          "url": "https://www.medizininformatik-initiative.de/fhir/ext/modul-icu/StructureDefinition/parameter-von-beatmung",
          "leaf": false,
          "selectable": false,
          "children": [
            {
              "id": "5f496296-cb5e-4499-a903-f69d8b4cb0c0",
              "name": "SD_MII_ICU_Maximaler_Beatmungsdruck",
              "display": "Maximaler Beatmungsdruck",
              "module": "modul-icu",
              "url": "https://www.medizininformatik-initiative.de/fhir/ext/modul-icu/StructureDefinition/maximaler-beatmungsdruck",
              "leaf": true,
              "selectable": true
            },
            {
              "id": "cee6d0c3-b6b6-4a87-92e9-84882c0f2fa3",
              "name": "SD_MII_ICU_Beatmungszeit_Hohem_Druck",
              "display": "Beatmungszeit Hohem Druck",
              "module": "modul-icu",
              "url": "https://www.medizininformatik-initiative.de/fhir/ext/modul-icu/StructureDefinition/beatmungszeit-hohem-druck",
              "leaf": true,
              "selectable": true
            },
            {
              "id": "ff3e3e7c-320b-4b21-bd65-0852d5097dcf",
              "name": "SD_MII_ICU_Atemzugvolumen_Einstellung",
              "display": "Atemzugvolumen Einstellung",
              "module": "modul-icu",
              "url": "https://www.medizininformatik-initiative.de/fhir/ext/modul-icu/StructureDefinition/atemzugvolumen-einstellung",
              "leaf": true,
              "selectable": true
            },
            {
              "id": "4477f35a-235d-4c69-b511-2b6da153a40a",
              "name": "SD_MII_ICU_Einstellung_Einatmungszeit_Beatmung",
              "display": "Einstellung Einatmungszeit Beatmung",
              "module": "modul-icu",
              "url": "https://www.medizininformatik-initiative.de/fhir/ext/modul-icu/StructureDefinition/einstellung-einatmungszeit-beatmung",
              "leaf": true,
              "selectable": true
            },
            {
              "id": "dea33850-8463-4739-8799-28ac0d1142a4",
              "name": "SD_MII_ICU_Inspiratorischer_Gasfluss",
              "display": "Inspiratorischer Gasfluss",
              "module": "modul-icu",
              "url": "https://www.medizininformatik-initiative.de/fhir/ext/modul-icu/StructureDefinition/inspiratorischer-gasfluss",
              "leaf": true,
              "selectable": true
            },
            {
              "id": "e9ceb59f-ba1e-4eb1-9fcc-411a450acbd1",
              "name": "SD_MII_ICU_Spontane_Atemfrequenz_Beatmet",
              "display": "Spontane Atemfrequenz Beatmet",
              "module": "modul-icu",
              "url": "https://www.medizininformatik-initiative.de/fhir/ext/modul-icu/StructureDefinition/spontane-atemfrequenz-beatmet",
              "leaf": true,
              "selectable": true
            },
            {
              "id": "9d63f4cb-9b3c-4c3c-afed-ab958614ee4f",
              "name": "SD_MII_ICU_Mittlerer_Beatmungsdruck",
              "display": "Mittlerer Beatmungsdruck",
              "module": "modul-icu",
              "url": "https://www.medizininformatik-initiative.de/fhir/ext/modul-icu/StructureDefinition/mittlerer-beatmungsdruck",
              "leaf": true,
              "selectable": true
            },
            {
              "id": "aa097af1-b256-484f-be66-3df73d6ddfbb",
              "name": "SD_MII_ICU_Atemwegsdruck_Bei_Mittlerem_Expiratorischem_Gasfluss",
              "display": "Atemwegsdruck bei Mittlerem Expiratorischem Gasfluss",
              "module": "modul-icu",
              "url": "https://www.medizininformatik-initiative.de/fhir/ext/modul-icu/StructureDefinition/atemwegsdruck-bei-mittlerem-expiratorischem-gasfluss",
              "leaf": true,
              "selectable": true
            },
            {
              "id": "af90fd41-73b0-408a-8b6f-0f7f306bd892",
              "name": "SD_MII_ICU_Zeitverhaeltnis_Ein_Ausatmung",
              "display": "Zeitverhaeltnis Ein-Ausatmung",
              "module": "modul-icu",
              "url": "https://www.medizininformatik-initiative.de/fhir/ext/modul-icu/StructureDefinition/zeitverhaeltnis-ein-ausatmung",
              "leaf": true,
              "selectable": true
            },
            {
              "id": "12780206-5358-4458-9bac-340da82f15b5",
              "name": "SD_MII_ICU_Spontanes_Atemzugvolumen",
              "display": "Spontanes Atemzugvolumen",
              "module": "modul-icu",
              "url": "https://www.medizininformatik-initiative.de/fhir/ext/modul-icu/StructureDefinition/spontanes-atemzugvolumen",
              "leaf": true,
              "selectable": true
            },
            {
              "id": "fe0b467e-f326-4f3f-8871-9598faeee95b",
              "name": "SD_MII_ICU_Beatmungszeit_Niedrigem_Druck",
              "display": "Beatmungszeit bei Niedrigem Druck",
              "module": "modul-icu",
              "url": "https://www.medizininformatik-initiative.de/fhir/ext/modul-icu/StructureDefinition/beatmungszeit-niedrigem-druck",
              "leaf": true,
              "selectable": true
            },
            {
              "id": "c9b56c30-9ebb-4c98-a44f-6cf7205131bd",
              "name": "SD_MII_ICU_Atemzugvolumen_Waehrend_Beatmung",
              "display": "Atemzugvolumen Waehrend Beatmung",
              "module": "modul-icu",
              "url": "https://www.medizininformatik-initiative.de/fhir/ext/modul-icu/StructureDefinition/atemzugvolumen-waehrend-beatmung",
              "leaf": true,
              "selectable": true
            },
            {
              "id": "361863cd-223c-435a-8466-039055b5a084",
              "name": "SD_MII_ICU_Eingestellter_Inspiratorischer_Gasfluss",
              "display": "Eingestellter Inspiratorischer Gasfluss",
              "module": "modul-icu",
              "url": "https://www.medizininformatik-initiative.de/fhir/ext/modul-icu/StructureDefinition/eingestellter-inspiratorischer-gasfluss",
              "leaf": true,
              "selectable": true
            },
            {
              "id": "1e6cba95-26ae-468d-a3ca-a3cbfb08a930",
              "name": "SD_MII_ICU_Druckdifferenz_Beatmung",
              "display": "Druckdifferenz Beatmung",
              "module": "modul-icu",
              "url": "https://www.medizininformatik-initiative.de/fhir/ext/modul-icu/StructureDefinition/druckdifferenz-beatmung",
              "leaf": true,
              "selectable": true
            },
            {
              "id": "de472648-222a-46dd-af72-6a8b7a805d75",
              "name": "SD_MII_ICU_Endexpiratorischer_Kohlendioxidpartialdruck",
              "display": "Endexpiratorischer Kohlendioxidpartialdruck",
              "module": "modul-icu",
              "url": "https://www.medizininformatik-initiative.de/fhir/ext/modul-icu/StructureDefinition/endexpiratorischer-kohlendioxidpartialdruck",
              "leaf": true,
              "selectable": true
            },
            {
              "id": "3ba5bb75-ddb0-46d4-9e66-9ccc306eb2e0",
              "name": "SD_MII_ICU_Inspiratorische_Sauerstofffraktion_Gemessen",
              "display": "Inspiratorische Sauerstofffraktion Gemessen",
              "module": "modul-icu",
              "url": "https://www.medizininformatik-initiative.de/fhir/ext/modul-icu/StructureDefinition/inspiratorische-sauerstofffraktion-gemessen",
              "leaf": true,
              "selectable": true
            },
            {
              "id": "84e707d3-f879-4a0f-8f15-36c2d829b11f",
              "name": "SD_MII_ICU_Beatmungsvolumen_Pro_Minute_Maschineller_Beatmung",
              "display": "Beatmungsvolumen Pro Minute Maschineller Beatmung",
              "module": "modul-icu",
              "url": "https://www.medizininformatik-initiative.de/fhir/ext/modul-icu/StructureDefinition/beatmungsvolumen-pro-minute-maschineller-beatmung",
              "leaf": true,
              "selectable": true
            },
            {
              "id": "be735e10-e62e-4c93-8c17-0fa44f733e52",
              "name": "SD_MII_ICU_Spontane_Mechanische_Atemfrequenz_Beatmet",
              "display": "Spontane Mechanische Atemfrequenz Beatmet",
              "module": "modul-icu",
              "url": "https://www.medizininformatik-initiative.de/fhir/ext/modul-icu/StructureDefinition/spontane-mechanische-atemfrequenz-beatmet",
              "leaf": true,
              "selectable": true
            },
            {
              "id": "20e689ec-7be4-44ac-99bb-2c9e66c6a1c7",
              "name": "SD_MII_ICU_Inspiratorische_Sauerstofffraktion_Eingestellt",
              "display": "Inspiratorische Sauerstofffraktion Eingestell",
              "module": "modul-icu",
              "url": "https://www.medizininformatik-initiative.de/fhir/ext/modul-icu/StructureDefinition/inspiratorische-sauerstofffraktion-eingestellt",
              "leaf": true,
              "selectable": true
            },
            {
              "id": "761e024a-0fbb-4598-a8f5-5cc3135329dc",
              "name": "SD_MII_ICU_Horowitz_In_Arteriellem_Blut",
              "display": "Horowitz in Arteriellem Blut",
              "module": "modul-icu",
              "url": "https://www.medizininformatik-initiative.de/fhir/ext/modul-icu/StructureDefinition/horowitz-in-arteriellem-blut",
              "leaf": true,
              "selectable": true
            },
            {
              "id": "c0bc210d-3e87-4313-984d-9ba7306f058c",
              "name": "SD_MII_ICU_Exspiratorischer_Gasfluss",
              "display": "Exspiratorischer Gasfluss",
              "module": "modul-icu",
              "url": "https://www.medizininformatik-initiative.de/fhir/ext/modul-icu/StructureDefinition/exspiratorischer-gasfluss",
              "leaf": true,
              "selectable": true
            },
            {
              "id": "8876397d-dc27-496c-a247-a2a5d55e0736",
              "name": "SD_MII_ICU_Mechanische_Atemfrequenz_Beatmet",
              "display": "Mechanische Atemfrequenz Beatmet",
              "module": "modul-icu",
              "url": "https://www.medizininformatik-initiative.de/fhir/ext/modul-icu/StructureDefinition/mechanische-atemfrequenz-beatmet",
              "leaf": true,
              "selectable": true
            },
            {
              "id": "a51d4ed5-053e-4e97-855f-d5fca3785217",
              "name": "SD_MII_ICU_Exspiratorischer_Sauerstoffpartialdruck",
              "display": "Exspiratorischer Sauerstoffpartialdruck",
              "module": "modul-icu",
              "url": "https://www.medizininformatik-initiative.de/fhir/ext/modul-icu/StructureDefinition/exspiratorischer-sauerstoffpartialdruck",
              "leaf": true,
              "selectable": true
            },
            {
              "id": "258b7509-8105-4559-9f02-92999a0c93f7",
              "name": "SD_MII_ICU_Einstellung_Ausatmungszeit_Beatmung",
              "display": "Einstellung Ausatmungszeit Beatmung",
              "module": "modul-icu",
              "url": "https://www.medizininformatik-initiative.de/fhir/ext/modul-icu/StructureDefinition/einstellung-ausatmungszeit-beatmung",
              "leaf": true,
              "selectable": true
            },
            {
              "id": "9111f6f3-9a55-4aab-a273-ea14c72c5d6f",
              "name": "SD_MII_ICU_Atemwegsdruck_Bei_Null_Expiratorischem_Gasfluss",
              "display": "Atemwegsdruck bei Null Expiratorischem Gasfluss",
              "module": "modul-icu",
              "url": "https://www.medizininformatik-initiative.de/fhir/ext/modul-icu/StructureDefinition/atemwegsdruck-bei-null-expiratorischem-gasfluss",
              "leaf": true,
              "selectable": true
            },
            {
              "id": "97eb1f39-f528-47e6-a844-b0abfd863a38",
              "name": "SD_MII_ICU_Positiv_Endexpiratorischer_Druck",
              "display": "Positiv Endexpiratorischer Druck",
              "module": "modul-icu",
              "url": "https://www.medizininformatik-initiative.de/fhir/ext/modul-icu/StructureDefinition/positiv-endexpiratorischer-druck",
              "leaf": true,
              "selectable": true
            },
            {
              "id": "2be4a13e-d5fc-4358-9669-291f92fe5245",
              "name": "SD_MII_ICU_Spontanes_Mechanisches_Atemzugvolumen_Waehrend_Beatmung",
              "display": "Spontanes Mechanisches Atemzugvolumen Waehrend Beatmung",
              "module": "modul-icu",
              "url": "https://www.medizininformatik-initiative.de/fhir/ext/modul-icu/StructureDefinition/spontanes-mechanisches-atemzugvolumen-waehrend-beatmung",
              "leaf": true,
              "selectable": true
            },
            {
              "id": "f16573fc-39a6-4349-9a77-6f994fac6fb0",
              "name": "SD_MII_ICU_Unterstuezungsdruck_Beatmung",
              "display": "Unterstuezungsdruck Beatmung",
              "module": "modul-icu",
              "url": "https://www.medizininformatik-initiative.de/fhir/ext/modul-icu/StructureDefinition/unterstuetzungsdruck-beatmung",
              "leaf": true,
              "selectable": true
            }
          ]
        },
        {
          "id": "dbe31a36-8504-4170-bea6-e8b6abdd29d9",
          "name": "SD_MII_ICU_Parameter_Von_Extrakorporalen_Verfahren",
          "display": "SD MII ICU Parameter von Extrakorporalen Verfahren",
          "module": "modul-icu",
          "url": "https://www.medizininformatik-initiative.de/fhir/ext/modul-icu/StructureDefinition/parameter-von-extrakorporalen-verfahren",
          "leaf": false,
          "selectable": false,
          "children": [
            {
              "id": "5068d27f-4c88-4e64-b176-e9487802240a",
              "name": "SD_MII_ICU_Venoeser_Druck",
              "display": "SD MII ICU Venoeser Druck",
              "module": "modul-icu",
              "url": "https://www.medizininformatik-initiative.de/fhir/ext/modul-icu/StructureDefinition/venoeser-druck",
              "leaf": true,
              "selectable": true
            },
            {
              "id": "963f0b2a-18b2-4b0d-967d-69f4927a66ad",
              "name": "SD_MII_ICU_Substituatvolumen",
              "display": "SD MII ICU Substituatvolumen",
              "module": "modul-icu",
              "url": "https://www.medizininformatik-initiative.de/fhir/ext/modul-icu/StructureDefinition/substituatvolumen",
              "leaf": true,
              "selectable": true
            },
            {
              "id": "a77c8a17-412e-4a5a-b93c-e87fb0a1b0ea",
              "name": "SD_MII_ICU_Sauerstoffgasfluss",
              "display": "SD MII ICU Sauerstoffgasfluss",
              "module": "modul-icu",
              "url": "https://www.medizininformatik-initiative.de/fhir/ext/modul-icu/StructureDefinition/sauerstoffgasfluss",
              "leaf": true,
              "selectable": true
            },
            {
              "id": "73f0d9ed-34f5-4b2f-9ab3-eb3a8514d9c4",
              "name": "SD_MII_ICU_Dauer_Extrakorporaler_Gasaustausch",
              "display": "SD MII ICU Dauer Extrakorporaler Gasaustausch",
              "module": "modul-icu",
              "url": "https://www.medizininformatik-initiative.de/fhir/ext/modul-icu/StructureDefinition/dauer-extrakorporaler-gasaustausch",
              "leaf": true,
              "selectable": true
            },
            {
              "id": "c2aa6947-4c2a-4147-a3a5-8edfba9108ce",
              "name": "SD_MII_ICU_Blutfluss_Extrakorporaler_Gasaustausch",
              "display": "SD MII ICU Blutfluss Extrakorporaler Gasaustausch",
              "module": "modul-icu",
              "url": "https://www.medizininformatik-initiative.de/fhir/ext/modul-icu/StructureDefinition/blutfluss-extrakorporaler-gasaustausch",
              "leaf": true,
              "selectable": true
            },
            {
              "id": "3be8bc77-4ea7-44cb-b5da-26cdf1bc3b7d",
              "name": "SD_MII_ICU_Haemodialyse_Blutfluss",
              "display": "SD MII ICU Haemodialyse Blutfluss",
              "module": "modul-icu",
              "url": "https://www.medizininformatik-initiative.de/fhir/ext/modul-icu/StructureDefinition/haemodialyse-blutfluss",
              "leaf": true,
              "selectable": true
            },
            {
              "id": "87ca4e21-91e9-4021-b102-4c42a4486174",
              "name": "SD_MII_ICU_Blutfluss_Cardiovasculaeres_Geraet",
              "display": "SD MII ICU Blutfluss Cardiovasculaeres Geraet",
              "module": "modul-icu",
              "url": "https://www.medizininformatik-initiative.de/fhir/ext/modul-icu/StructureDefinition/blutfluss-cardiovasculaeres-geraet",
              "leaf": true,
              "selectable": true
            },
            {
              "id": "6c6ba2f8-27fa-4c17-9150-9d96f1418c1a",
              "name": "SD_MII_ICU_Ionisiertes_Kalzium_Nierenersatzverfahren",
              "display": "SD MII ICU Ionisiertes Kalzium Nierenersatzverfahren",
              "module": "modul-icu",
              "url": "https://www.medizininformatik-initiative.de/fhir/ext/modul-icu/StructureDefinition/ionisiertes-kalzium-nierenersatzverfahren",
              "leaf": true,
              "selectable": true
            },
            {
              "id": "845397ff-7b8b-44d3-8a90-b2e7b635bc76",
              "name": "SD_MII_ICU_Dauer_Haemodialysesitzung",
              "display": "SD MII ICU Dauer Haemodialysesitzung",
              "module": "modul-icu",
              "url": "https://www.medizininformatik-initiative.de/fhir/ext/modul-icu/StructureDefinition/dauer-haemodialysesitzung",
              "leaf": true,
              "selectable": true
            },
            {
              "id": "7d376fc7-06c9-4440-921a-2c3351559ebd",
              "name": "SD_MII_ICU_Arterieller_Druck",
              "display": "SD MII ICU Arterieller Druck",
              "module": "modul-icu",
              "url": "https://www.medizininformatik-initiative.de/fhir/ext/modul-icu/StructureDefinition/arterieller-druck",
              "leaf": true,
              "selectable": true
            },
            {
              "id": "da67f671-3939-4b26-b8c5-e8e7b65c4ecc",
              "name": "SD_MII_ICU_Blutflussindex_Extrakorporaler_Gasaustausch",
              "display": "SD MII ICU Blutflussindex Extrakorporaler Gasaustausch",
              "module": "modul-icu",
              "url": "https://www.medizininformatik-initiative.de/fhir/ext/modul-icu/StructureDefinition/blutflussindex-extrakorporaler-gasaustausch",
              "leaf": true,
              "selectable": true
            },
            {
              "id": "ec50c802-3ec0-4258-b527-22cca1577228",
              "name": "SD_MII_ICU_Substituatfluss",
              "display": "SD MII ICU Substituatfluss",
              "module": "modul-icu",
              "url": "https://www.medizininformatik-initiative.de/fhir/ext/modul-icu/StructureDefinition/substituatfluss",
              "leaf": true,
              "selectable": true
            }
          ]
        },
        {
          "id": "0cf1c054-2345-4cab-a371-a8acf2c6e083",
          "name": "SD_MII_ICU_Icu_Device",
          "display": "SD MII ICU ICU Device",
          "module": "modul-icu",
          "url": "https://www.medizininformatik-initiative.de/fhir/ext/modul-icu/StructureDefinition/icu-device",
          "leaf": true,
          "selectable": true
        },
        {
          "id": "a7deef86-6606-401b-a82a-a39453ddf905",
          "name": "SD_MII_ICU_Devicemetric_Eingestellte_Gemessene_Parameter_Extrakorporale_Verfahren",
          "display": "SD MII ICU DeviceMetric Eingestellte Gemessene Parameter Extrakorporale Verfahren",
          "module": "modul-icu",
          "url": "https://www.medizininformatik-initiative.de/fhir/ext/modul-icu/StructureDefinition/devicemetric-eingestellte-gemessene-parameter-extrakorporale-verfahren",
          "leaf": true,
          "selectable": true
        }
      ]
    },
    {
      "id": "3ccf00f6-90ab-4046-95c3-d5edd15fef95",
      "name": "modul-molgen",
      "display": "Molgen",
      "url": "modul-molgen",
      "module": "modul-molgen",
      "selectable": false,
      "leaf": false,
      "children": [
        {
          "id": "bf0b11dd-3ade-4d46-81e6-1d5e2ae0fee1",
          "name": "MII_PR_MolGen_Genotyp",
          "display": "MII PR MolGen Genotyp",
          "module": "modul-molgen",
          "url": "https://www.medizininformatik-initiative.de/fhir/ext/modul-molgen/StructureDefinition/genotyp",
          "leaf": true,
          "selectable": true
        },
        {
          "id": "2797c390-ba01-4b28-a0c6-f8b22c39f5f1",
          "name": "MII_PR_MolGen_Medikationsempfehlung",
          "display": "MII PR MolGen Medikationsempfehlung",
          "module": "modul-molgen",
          "url": "https://www.medizininformatik-initiative.de/fhir/ext/modul-molgen/StructureDefinition/medikationsempfehlung",
          "leaf": true,
          "selectable": true
        },
        {
          "id": "0081d407-e2f1-4505-948c-ea59e069241a",
          "name": "MII_PR_MolGen_EmpfohleneFolgemassnahme",
          "display": "MII PR MolGen Empfohlene Folgema\u00dfnahme",
          "module": "modul-molgen",
          "url": "https://www.medizininformatik-initiative.de/fhir/ext/modul-molgen/StructureDefinition/empfohlene-folgemassnahme",
          "leaf": true,
          "selectable": true
        },
        {
          "id": "af974ea1-f1d7-4c29-b0b9-9679930a2315",
          "name": "MII_PR_MolGen_Familienanamnese",
          "display": "MII PR MolGen Familienanamnese",
          "module": "modul-molgen",
          "url": "https://www.medizininformatik-initiative.de/fhir/ext/modul-molgen/StructureDefinition/familienanamnese",
          "leaf": true,
          "selectable": true
        },
        {
          "id": "5f53fe08-6959-4e45-b15b-7d5c71097f8f",
          "name": "MII_PR_MolGen_ErgebnisZusammenfassung",
          "display": "MII PR MolGen Ergebnis Zusammenfassung",
          "module": "modul-molgen",
          "url": "https://www.medizininformatik-initiative.de/fhir/ext/modul-molgen/StructureDefinition/ergebnis-zusammenfassung",
          "leaf": true,
          "selectable": true
        },
        {
          "id": "2b941e2f-9042-4732-8f50-dd1fc4577abc",
          "name": "MII_PR_MolGen_MolekulargenetischerBefundbericht",
          "display": "MII PR MolGen Molekulargenetischer Befundbericht",
          "module": "modul-molgen",
          "url": "https://www.medizininformatik-initiative.de/fhir/ext/modul-molgen/StructureDefinition/molekulargenetischer-befundbericht",
          "leaf": true,
          "selectable": true
        },
        {
          "id": "f3387ec7-3a30-4c32-b6a2-8a8eb21acdda",
          "name": "MII_PR_MolGen_DiagnostischeImplikation",
          "display": "MII PR MolGen Diagnostische Implikation",
          "module": "modul-molgen",
          "url": "https://www.medizininformatik-initiative.de/fhir/ext/modul-molgen/StructureDefinition/diagnostische-implikation",
          "leaf": true,
          "selectable": true
        },
        {
          "id": "dc33ca8c-b72d-4372-8beb-0620733f5647",
          "name": "MII_PR_MolGen_AnforderungGenetischerTest",
          "display": "MII PR MolGen Anforderung genetischer Test",
          "module": "modul-molgen",
          "url": "https://www.medizininformatik-initiative.de/fhir/ext/modul-molgen/StructureDefinition/anforderung-genetischer-test",
          "leaf": true,
          "selectable": true
        },
        {
          "id": "f2d2a108-c57c-4a0f-a625-2e509888f2fe",
          "name": "MII_PR_MolGen_Mikrosatelliteninstabilitaet",
          "display": "MII PR MolGen Mikrosatelliteninstabilit\u00e4t",
          "module": "modul-molgen",
          "url": "https://www.medizininformatik-initiative.de/fhir/ext/modul-molgen/StructureDefinition/mikrosatelliteninstabilitaet",
          "leaf": true,
          "selectable": true
        },
        {
          "id": "1693c099-bb21-4763-a875-f0be076c0192",
          "name": "MII_PR_MolGen_Mutationslast",
          "display": "MII PR MolGen Mutationslast",
          "module": "modul-molgen",
          "url": "https://www.medizininformatik-initiative.de/fhir/ext/modul-molgen/StructureDefinition/mutationslast",
          "leaf": true,
          "selectable": true
        },
        {
          "id": "d5630ee1-bd95-4674-b695-214b25c5bcff",
          "name": "MII_PR_MolGen_Variante",
          "display": "MII PR MolGen Variante",
          "module": "modul-molgen",
          "url": "https://www.medizininformatik-initiative.de/fhir/ext/modul-molgen/StructureDefinition/variante",
          "leaf": true,
          "selectable": true
        },
        {
          "id": "db66bf03-3860-4baa-bb4f-49495bafe059",
          "name": "MII_PR_MolGen_TherapeutischeImplikation",
          "display": "MII PR MolGen Therapeutische Implikation",
          "module": "modul-molgen",
          "url": "https://www.medizininformatik-initiative.de/fhir/ext/modul-molgen/StructureDefinition/therapeutische-implikation",
          "leaf": true,
          "selectable": true
        },
        {
          "id": "612ed90b-8ed4-450c-afeb-70f96a3989fc",
          "name": "MII_PR_MolGen_UntersuchteRegion",
          "display": "MII PR MolGen Untersuchte Region",
          "module": "modul-molgen",
          "url": "https://www.medizininformatik-initiative.de/fhir/ext/modul-molgen/StructureDefinition/untersuchte-region",
          "leaf": true,
          "selectable": true
        },
        {
          "id": "145e8dcc-9d2b-4142-b18d-aa9ecbf5b5b2",
          "name": "MII_PR_MolGen_PolygenerRisikoScore",
          "display": "MII PR MolGen Polygener Risiko Score",
          "module": "modul-molgen",
          "url": "https://www.medizininformatik-initiative.de/fhir/ext/modul-molgen/StructureDefinition/polygener-risiko-score",
          "leaf": true,
          "selectable": true
        }
      ]
    },
    {
      "id": "21078fdf-11fb-4adf-839c-ffda5482e5c9",
      "name": "modul-prozedur",
      "display": "Prozeduren",
      "url": "modul-prozedur",
      "module": "modul-prozedur",
      "selectable": false,
      "leaf": false,
      "children": [
        {
          "id": "7933ee48-5e85-42e6-9b51-a1b647123a95",
          "name": "MII_PR_Prozedur_Procedure",
          "display": "Prozedur",
          "module": "modul-prozedur",
          "url": "https://www.medizininformatik-initiative.de/fhir/core/modul-prozedur/StructureDefinition/Procedure",
          "leaf": true,
          "selectable": true
        }
      ]
    }
  ],
  "selectable": false
}