{"name": "Root", "module": "no-module", "url": "no-url", "children": [{"id": "0fb60bd1-34e5-4025-a072-f15ec5493c4e", "name": "modul-person", "display": "Person", "url": "modul-person", "module": "modul-person", "selectable": false, "leaf": false, "children": [{"id": "50d83464-7a39-4f20-9c49-caf8c715445a", "name": "MII_PR_Person_Vitalstatus", "display": "Vitalstatus", "module": "modul-person", "url": "https://www.medizininformatik-initiative.de/fhir/core/modul-person/StructureDefinition/Vitalstatus", "leaf": true, "selectable": true}, {"id": "93c3a5ce-42f7-45a7-84a7-682f15fec30a", "name": "MII_PR_Person_PatientPseudonymisiert", "display": "Patient (Pseudonymisiert)", "module": "modul-person", "url": "https://www.medizininformatik-initiative.de/fhir/core/modul-person/StructureDefinition/PatientPseudonymisiert", "leaf": true, "selectable": true}, {"id": "60ef4c9e-8a73-4e52-987b-8ed366fc3728", "name": "MII_PR_Person_Proband", "display": "Proband", "module": "modul-person", "url": "https://www.medizininformatik-initiative.de/fhir/core/modul-person/StructureDefinition/ResearchSubject", "leaf": true, "selectable": true}, {"id": "6af2fc6f-704d-4f00-8285-38f4002ae563", "name": "MII_PR_Person_Patient", "display": "Patient", "module": "modul-person", "url": "https://www.medizininformatik-initiative.de/fhir/core/modul-person/StructureDefinition/Patient", "leaf": true, "selectable": true}, {"id": "505b06bf-45c6-4d32-9ac5-5d7cbc3a8af5", "name": "MII_PR_Person_Todesursache", "display": "Todesursache", "module": "modul-person", "url": "https://www.medizininformatik-initiative.de/fhir/core/modul-person/StructureDefinition/Todesursache", "leaf": true, "selectable": true}]}, {"id": "a47f6c9d-201e-4bc2-b547-3f181adccb5b", "name": "modul-labor", "display": "Labor", "url": "modul-labor", "module": "modul-labor", "selectable": false, "leaf": false, "children": [{"id": "e9c3894b-4bd8-4fcf-afe9-7573a9d8f2e0", "name": "ProfileObservationLaboruntersuchung", "display": "Laboruntersuchung (Laborwert)", "module": "modul-labor", "url": "https://www.medizininformatik-initiative.de/fhir/core/modul-labor/StructureDefinition/ObservationLab", "leaf": true, "selectable": true}, {"id": "dd14f992-d32e-46e4-8904-d4bf7ab19a59", "name": "ProfileServiceRequestLaboranforderung", "display": "Laboranforderung", "module": "modul-labor", "url": "https://www.medizininformatik-initiative.de/fhir/core/modul-labor/StructureDefinition/ServiceRequestLab", "leaf": true, "selectable": true}, {"id": "bf2d5350-fd8f-4a90-8728-39c42d52ac5f", "name": "ProfileDiagnosticReportLaborbefund", "display": "Laborbefund", "module": "modul-labor", "url": "https://www.medizininformatik-initiative.de/fhir/core/modul-labor/StructureDefinition/DiagnosticReportLab", "leaf": true, "selectable": true}]}, {"id": "a9cf5704-471e-4bde-ae04-7dcc4e902e79", "name": "modul-medikation", "display": "Medikation", "url": "modul-medikation", "module": "modul-medikation", "selectable": false, "leaf": false, "children": [{"id": "5cdc0113-8ead-4bcc-a702-619ed60ac370", "name": "MII_PR_Medikation_MedicationStatement", "display": "Medikationsverordnung", "module": "modul-medikation", "url": "https://www.medizininformatik-initiative.de/fhir/core/modul-medikation/StructureDefinition/MedicationStatement", "leaf": true, "selectable": true}, {"id": "ae4173cf-77d0-4485-8462-c45a4f4011be", "name": "MII_PR_Medikation_Medikationsliste", "display": "Medikationsliste", "module": "modul-medikation", "url": "https://www.medizininformatik-initiative.de/fhir/core/modul-medikation/StructureDefinition/medikationsliste", "leaf": true, "selectable": true}, {"id": "121ac20d-d318-44ee-a4de-193baec487e8", "name": "MII_PR_Medikation_MedicationRequest", "display": "Medikationsauftrag", "module": "modul-medikation", "url": "https://www.medizininformatik-initiative.de/fhir/core/modul-medikation/StructureDefinition/MedicationRequest", "leaf": true, "selectable": true}, {"id": "b423898a-8c5c-437a-9777-a7dd8fd19604", "name": "MII_PR_Medikation_Medication", "display": "Medikation", "module": "modul-medikation", "url": "https://www.medizininformatik-initiative.de/fhir/core/modul-medikation/StructureDefinition/Medication", "leaf": true, "selectable": true}, {"id": "1df268e0-206c-4208-8e10-953bea6b7ed1", "name": "MII_PR_Medikation_MedicationAdministration", "display": "Medikamentenverabreichungen", "module": "modul-medikation", "url": "https://www.medizininformatik-initiative.de/fhir/core/modul-medikation/StructureDefinition/MedicationAdministration", "leaf": true, "selectable": true}]}, {"id": "08198f83-63ec-4fe5-94ca-4313e99e6b7f", "name": "modul-fall", "display": "Fall", "url": "modul-fall", "module": "modul-fall", "selectable": false, "leaf": false, "children": [{"id": "c5b1f676-0417-4b43-b0bf-bf753f664ef9", "name": "MII_PR_Fall_KontaktGesundheitseinrichtung", "display": "Fall Kontakt mit einer Gesundheitseinrichtung", "module": "modul-fall", "url": "https://www.medizininformatik-initiative.de/fhir/core/modul-fall/StructureDefinition/KontaktGesundheitseinrichtung", "leaf": true, "selectable": true}]}, {"id": "3b1d59eb-0887-48d3-be53-1b4e005ca3db", "name": "modul-biobank", "display": "Biobank", "url": "modul-biobank", "module": "modul-biobank", "selectable": false, "leaf": false, "children": [{"id": "1ae8cd02-794e-4fd0-a151-ba39d58c59a5", "name": "ProfileSubstanceAdditiv", "display": "Additiv", "module": "modul-biobank", "url": "https://www.medizininformatik-initiative.de/fhir/ext/modul-biobank/StructureDefinition/Substance", "leaf": true, "selectable": true}, {"id": "678e472d-94f6-4072-8ff9-6dc18a638545", "name": "ProfileOrganizationSammlungBiobank", "display": "Sammlung/Biobank", "module": "modul-biobank", "url": "https://www.medizininformatik-initiative.de/fhir/ext/modul-biobank/StructureDefinition/Organization", "leaf": true, "selectable": true}, {"id": "e1ef5adc-536c-45d3-83fc-5445acce0681", "name": "ProfileSpecimenBioprobeCore", "display": "Bioprobe Kern", "module": "modul-biobank", "url": "https://www.medizininformatik-initiative.de/fhir/ext/modul-biobank/StructureDefinition/SpecimenCore", "leaf": false, "selectable": false, "children": [{"id": "1a21100d-eb0e-4af2-a294-ac5cf126ca5a", "name": "ProfileSpecimenBioprobe", "display": "Bioprobe", "module": "modul-biobank", "url": "https://www.medizininformatik-initiative.de/fhir/ext/modul-biobank/StructureDefinition/Specimen", "leaf": true, "selectable": true}]}]}, {"id": "c522b961-ddee-4494-8e92-9148db37f491", "name": "modul-diagnose", "display": "Diagnosen", "url": "modul-diagnose", "module": "modul-diagnose", "selectable": false, "leaf": false, "children": [{"id": "4ec6a6c2-06c8-42fb-8dac-7396e5cae0e0", "name": "MII_PR_Diagnose_Condition", "display": "Diagnose", "module": "modul-diagnose", "url": "https://www.medizininformatik-initiative.de/fhir/core/modul-diagnose/StructureDefinition/Diagnose", "leaf": true, "selectable": true}]}, {"id": "13f30da2-d16a-4727-8f77-6fa76b1099fa", "name": "modul-consent", "display": "Einwilligung", "url": "modul-consent", "module": "modul-consent", "selectable": false, "leaf": false, "children": [{"id": "6f1eeeb9-adcf-4bf8-8ef7-e41f5c6a1610", "name": "MII_PR_Consent_Provenance", "display": "Einwilligungsursprung", "module": "modul-consent", "url": "https://www.medizininformatik-initiative.de/fhir/modul-consent/StructureDefinition/mii-pr-consent-provenance", "leaf": true, "selectable": true}, {"id": "c0d7a52a-40cf-4d3d-8cb8-eb68bc8bc198", "name": "MII_PR_Consent_Einwilligung", "display": "Einwilligung", "module": "modul-consent", "url": "https://www.medizininformatik-initiative.de/fhir/modul-consent/StructureDefinition/mii-pr-consent-einwilligung", "leaf": true, "selectable": true}, {"id": "0f33b80f-de82-4fb8-8a5e-ba90e5943a71", "name": "MII_PR_Consent_DocumentReference", "display": "Einwilligungsdokumentenreferenz", "module": "modul-consent", "url": "https://www.medizininformatik-initiative.de/fhir/modul-consent/StructureDefinition/mii-pr-consent-documentreference", "leaf": true, "selectable": true}]}, {"id": "38dc11ba-6e90-43e0-998b-09551a1cb8be", "name": "modul-icu", "display": "ICU", "url": "modul-icu", "module": "modul-icu", "selectable": false, "leaf": false, "children": [{"id": "49394926-2323-4355-8137-ab59c629c40e", "name": "SD_MII_ICU_Devicemetric_Eingestellte_Gemessene_Parameter_Beatmung", "display": "Device Metric Eingestellte Gemessene Parameter Beatmung", "module": "modul-icu", "url": "https://www.medizininformatik-initiative.de/fhir/ext/modul-icu/StructureDefinition/devicemetric-eingestellte-gemessene-parameter-beatmung", "leaf": true, "selectable": true}, {"id": "23a4f460-73cb-4789-95fd-3ced8ad34689", "name": "SD_MII_ICU_Monitoring_Und_Vitaldaten", "display": "Monitoring und Vitaldaten", "module": "modul-icu", "url": "https://www.medizininformatik-initiative.de/fhir/ext/modul-icu/StructureDefinition/monitoring-und-vitaldaten", "leaf": false, "selectable": false, "children": [{"id": "edede7e8-2022-4394-9367-2f572a21d0e6", "name": "SD_MII_ICU_Linksventrikulaeres_Herzzeitvolumen_Durch_Indikatorverduennung", "display": "Linksventrikulaeres Herzzeitvolumen durch Indikatorverduennung", "module": "modul-icu", "url": "https://www.medizininformatik-initiative.de/fhir/ext/modul-icu/StructureDefinition/linksventrikulaeres-herzzeitvolumen-durch-indikatorverduennung", "leaf": true, "selectable": true}, {"id": "e1f622be-964b-416d-a327-b664ebac7e83", "name": "SD_MII_ICU_Sauerstoffsaettigung_Im_Blut_Preduktal_Durch_Pulsoxymetrie", "display": "Sauerstoffsaettigung im Blut Preduktal durch Pulsoxymetrie", "module": "modul-icu", "url": "https://www.medizininformatik-initiative.de/fhir/ext/modul-icu/StructureDefinition/sauerstoffsaettigung-im-blut-preduktal-durch-pulsoxymetrie", "leaf": true, "selectable": true}, {"id": "a1de8dfd-19a6-4f22-8e29-0be817c34b82", "name": "SD_MII_ICU_Koerpertemperatur_Generisch", "display": "K\u00f6rpertemperatur Generisch", "module": "modul-icu", "url": "https://www.medizininformatik-initiative.de/fhir/ext/modul-icu/StructureDefinition/koerpertemperatur-generisch", "leaf": false, "selectable": false, "children": [{"id": "6940217a-c74e-4188-b790-dfe679eaa4b6", "name": "SD_MII_ICU_Koerpertemperatur_Brust", "display": "K\u00f6rpertemperatur Brust", "module": "modul-icu", "url": "https://www.medizininformatik-initiative.de/fhir/ext/modul-icu/StructureDefinition/koerpertemperatur-brust", "leaf": true, "selectable": true}, {"id": "c73a351e-0844-43b3-93e8-7f0e0f9d432c", "name": "SD_MII_ICU_Koerpertemperatur_Nasal", "display": "K\u00f6rpertemperatur Nasal", "module": "modul-icu", "url": "https://www.medizininformatik-initiative.de/fhir/ext/modul-icu/StructureDefinition/koerpertemperatur-nasal", "leaf": true, "selectable": true}, {"id": "9dbd4ae6-cc31-4207-ac1c-b6d6924453b4", "name": "SD_MII_ICU_Koerpertemperatur_Rektal", "display": "K\u00f6rpertemperatur Rektal", "module": "modul-icu", "url": "https://www.medizininformatik-initiative.de/fhir/ext/modul-icu/StructureDefinition/koerpertemperatur-rektal", "leaf": true, "selectable": true}, {"id": "5f8e2f20-aa88-44f4-8992-aea72866f197", "name": "SD_MII_ICU_Koerpertemperatur_Vaginal", "display": "K\u00f6rpertemperatur Vaginal", "module": "modul-icu", "url": "https://www.medizininformatik-initiative.de/fhir/ext/modul-icu/StructureDefinition/koerpertemperatur-vaginal", "leaf": true, "selectable": true}, {"id": "c3141cd7-e212-463c-8737-26697501cc9c", "name": "SD_MII_ICU_Koerpertemperatur_Lendenwirbelsaeule", "display": "K\u00f6rpertemperatur Lendenwirbelsaeule", "module": "modul-icu", "url": "https://www.medizininformatik-initiative.de/fhir/ext/modul-icu/StructureDefinition/koerpertemperatur-lendenwirbelsaeule", "leaf": true, "selectable": true}, {"id": "5a7ee9e5-14be-4efe-b2ff-a3c14dc2c4bf", "name": "SD_MII_ICU_Koerpertemperatur_Trommelfell", "display": "K\u00f6rpertemperatur Trommelfell", "module": "modul-icu", "url": "https://www.medizininformatik-initiative.de/fhir/ext/modul-icu/StructureDefinition/koerpertemperatur-trommelfell", "leaf": true, "selectable": true}, {"id": "aec65352-df0c-442f-b38f-a00d73efca97", "name": "SD_MII_ICU_Koerpertemperatur_Unter_Der_Zunge", "display": "K\u00f6rpertemperatur unter der Zunge", "module": "modul-icu", "url": "https://www.medizininformatik-initiative.de/fhir/ext/modul-icu/StructureDefinition/koerpertemperatur-unter-der-zunge", "leaf": true, "selectable": true}, {"id": "818addbd-df5d-4fcc-859f-0d1dcc143108", "name": "SD_MII_ICU_Koerpertemperatur_Leiste", "display": "K\u00f6rpertemperatur Leiste", "module": "modul-icu", "url": "https://www.medizininformatik-initiative.de/fhir/ext/modul-icu/StructureDefinition/koerpertemperatur-leiste", "leaf": true, "selectable": true}, {"id": "cc760697-c178-4124-80aa-a1db09a9d0e4", "name": "SD_MII_ICU_Koerpertemperatur_Nasen_Rachen_Raum", "display": "K\u00f6rpertemperatur Nasen-Rachen-Raum", "module": "modul-icu", "url": "https://www.medizininformatik-initiative.de/fhir/ext/modul-icu/StructureDefinition/koerpertemperatur-nasen-rachen-raum", "leaf": true, "selectable": true}, {"id": "98622aaa-8ddf-4ee4-ae9e-ef0d2f470d9a", "name": "SD_MII_ICU_Koerpertemperatur_Speiseroehre", "display": "K\u00f6rpertemperatur Speiseroehre", "module": "modul-icu", "url": "https://www.medizininformatik-initiative.de/fhir/ext/modul-icu/StructureDefinition/koerpertemperatur-speiseroehre", "leaf": true, "selectable": true}, {"id": "e7051cdb-c54c-43d9-b581-0cf616c35d0a", "name": "SD_MII_ICU_Koerpertemperatur_Stirn", "display": "K\u00f6rpertemperatur Stirn", "module": "modul-icu", "url": "https://www.medizininformatik-initiative.de/fhir/ext/modul-icu/StructureDefinition/koerpertemperatur-stirn", "leaf": true, "selectable": true}, {"id": "33b63edc-7428-4df8-8a6f-da7dae5f870e", "name": "SD_MII_ICU_Koerpertemperatur_Achsel", "display": "K\u00f6rpertemperatur Achsel", "module": "modul-icu", "url": "https://www.medizininformatik-initiative.de/fhir/ext/modul-icu/StructureDefinition/koerpertemperatur-achsel", "leaf": true, "selectable": true}, {"id": "b5b0b9ec-6ada-4c01-b009-c6346e2bb795", "name": "SD_MII_ICU_Koerpertemperatur_Halswirbelsaeule", "display": "K\u00f6rpertemperatur Halswirbelsaeule", "module": "modul-icu", "url": "https://www.medizininformatik-initiative.de/fhir/ext/modul-icu/StructureDefinition/koerpertemperatur-halswirbelsaeule", "leaf": true, "selectable": true}, {"id": "4623ee72-2a77-4b86-9a65-960be77e61e5", "name": "SD_MII_ICU_Koerpertemperatur_Kern", "display": "K\u00f6rpertemperatur Kern", "module": "modul-icu", "url": "https://www.medizininformatik-initiative.de/fhir/ext/modul-icu/StructureDefinition/koerpertemperatur-kern", "leaf": true, "selectable": true}, {"id": "596778c4-d31b-42cf-a927-5755c19191ee", "name": "SD_MII_ICU_Koerpertemperatur_Atemwege", "display": "K\u00f6rpertemperatur Atemwege", "module": "modul-icu", "url": "https://www.medizininformatik-initiative.de/fhir/ext/modul-icu/StructureDefinition/koerpertemperatur-atemwege", "leaf": true, "selectable": true}, {"id": "19a5204a-63e0-4b06-8e42-68900117fb00", "name": "SD_MII_ICU_Koerpertemperatur_Blut", "display": "K\u00f6rpertemperatur Blut", "module": "modul-icu", "url": "https://www.medizininformatik-initiative.de/fhir/ext/modul-icu/StructureDefinition/koerpertemperatur-blut", "leaf": true, "selectable": true}, {"id": "01336adc-f58f-45cb-b18c-eaed89aa71b1", "name": "SD_MII_ICU_Koerpertemperatur_Brustwirbelsaeule", "display": "K\u00f6rpertemperatur Brustwirbels\u00e4ule", "module": "modul-icu", "url": "https://www.medizininformatik-initiative.de/fhir/ext/modul-icu/StructureDefinition/koerpertemperatur-brustwirbelsaeule", "leaf": true, "selectable": true}, {"id": "e7530b4b-da4f-45c6-a1a3-a63a3f3badc6", "name": "SD_MII_ICU_Koerpertemperatur_Harnblase", "display": "K\u00f6rpertemperatur Harnblase", "module": "modul-icu", "url": "https://www.medizininformatik-initiative.de/fhir/ext/modul-icu/StructureDefinition/koerpertemperatur-harnblase", "leaf": true, "selectable": true}]}, {"id": "c04dee57-c0f4-4c91-b3c4-73bccfb38e87", "name": "SD_MII_ICU_Linksventrikulaeres_Schlagvolumenindex", "display": "Linksventrikul\u00e4res Schlagvolumenindex", "module": "modul-icu", "url": "https://www.medizininformatik-initiative.de/fhir/ext/modul-icu/StructureDefinition/linksventrikulaeres-schlagvolumenindex", "leaf": true, "selectable": true}, {"id": "efd4be76-1ddc-4646-ae4a-7bc5159bef6e", "name": "SD_MII_ICU_Linksventrikulaerer_Herzindex", "display": "Linksventrikul\u00e4rer Herzindex", "module": "modul-icu", "url": "https://www.medizininformatik-initiative.de/fhir/ext/modul-icu/StructureDefinition/linksventrikulaerer-herzindex", "leaf": true, "selectable": true}, {"id": "035b9773-0013-4f3a-94b6-b9a0fbc84a08", "name": "SD_MII_ICU_Pulmonalarterieller_Wedge_Druck", "display": "Pulmonalarterieller Wedge Druck (PAWP)", "module": "modul-icu", "url": "https://www.medizininformatik-initiative.de/fhir/ext/modul-icu/StructureDefinition/pulmonalarterieller-wedge-druck", "leaf": true, "selectable": true}, {"id": "54fe30f9-8157-40c4-afaa-610b0def6f7d", "name": "SD_MII_ICU_Sauerstoffsaettigung_Im_Arteriellen_Blut_Durch_Pulsoxymetrie", "display": "Sauerstoffs\u00e4ttigung im Arteriellen Blut durch Pulsoxymetrie", "module": "modul-icu", "url": "https://www.medizininformatik-initiative.de/fhir/ext/modul-icu/StructureDefinition/sauerstoffsaettigung-im-arteriellen-blut-durch-pulsoxymetrie", "leaf": true, "selectable": true}, {"id": "74083fc3-70d7-4e70-9830-08690e149478", "name": "SD_MII_ICU_Sauerstoffsaettigung_Im_Blut_Postduktal_Durch_Pulsoxymetrie", "display": "Sauerstoffs\u00e4ttigung im Blut Postduktal durch Pulsoxymetrie ", "module": "modul-icu", "url": "https://www.medizininformatik-initiative.de/fhir/ext/modul-icu/StructureDefinition/sauerstoffsaettigung-im-blut-postduktal-durch-pulsoxymetrie", "leaf": true, "selectable": true}, {"id": "1a807a53-fe2f-4cb9-8d18-b073fffa3929", "name": "SD_MII_ICU_Linksventrikulaerer_Herzindex_Durch_Indikatorverduennung", "display": "Linksventrikul\u00e4rer Herzindex durch Indikatorverd\u00fcnnung", "module": "modul-icu", "url": "https://www.medizininformatik-initiative.de/fhir/ext/modul-icu/StructureDefinition/linksventrikulaerer-herzindex-durch-indikatorverduennung", "leaf": true, "selectable": true}, {"id": "5dbe20ca-37d0-458b-9fee-32b656ed4c48", "name": "SD_MII_ICU_Linksventrikulaerer_Schlagvolumenindex_Durch_Indikatorverduennung", "display": "Linksventrikul\u00e4rer Schlagvolumenindex durch Indikatorverd\u00fcnnung", "module": "modul-icu", "url": "https://www.medizininformatik-initiative.de/fhir/ext/modul-icu/StructureDefinition/linksventrikulaerer-schlagvolumenindex-durch-indikatorverduennung", "leaf": true, "selectable": true}, {"id": "29d51ca2-9307-41c9-9412-3cd3f7963da4", "name": "SD_MII_ICU_Herzfrequenz", "display": "Herzfrequenz", "module": "modul-icu", "url": "https://www.medizininformatik-initiative.de/fhir/ext/modul-icu/StructureDefinition/herzfrequenz", "leaf": true, "selectable": true}, {"id": "b2725dd8-f3a3-4d94-bf93-6c5d6f39d6df", "name": "SD_MII_ICU_Systemischer_Vaskulaerer_Widerstandsindex", "display": "Systemischer Vaskul\u00e4rer Widerstandsindex", "module": "modul-icu", "url": "https://www.medizininformatik-initiative.de/fhir/ext/modul-icu/StructureDefinition/systemischer-vaskulaerer-widerstandsindex", "leaf": true, "selectable": true}, {"id": "b51fa44a-d6fa-4aee-a8a1-4b3925fefb33", "name": "SD_MII_ICU_Puls", "display": "Puls", "module": "modul-icu", "url": "https://www.medizininformatik-initiative.de/fhir/ext/modul-icu/StructureDefinition/puls", "leaf": true, "selectable": true}, {"id": "91f9887e-7187-430f-9b32-8a81f5f2d683", "name": "SD_MII_ICU_Linksventrikulaeres_Schlagvolumen_Durch_Indikatorverduennung", "display": "Linksventrikul\u00e4res Schlagvolumen durch Indikatorverd\u00fcnnung", "module": "modul-icu", "url": "https://www.medizininformatik-initiative.de/fhir/ext/modul-icu/StructureDefinition/linksventrikulaeres-schlagvolumen-durch-indikatorverduennung", "leaf": true, "selectable": true}, {"id": "2aeaa7fc-b5ad-4911-bdef-0fbc7ca372bc", "name": "SD_MII_ICU_Herzzeitvolumen", "display": "Herzzeitvolumen", "module": "modul-icu", "url": "https://www.medizininformatik-initiative.de/fhir/ext/modul-icu/StructureDefinition/herzzeitvolumen", "leaf": true, "selectable": true}, {"id": "6e89b68c-03f4-4077-ba43-b2483c25ba39", "name": "SD_MII_ICU_Intrakranieller_Druck_Icp", "display": "Intrakranieller Druck (ICP)", "module": "modul-icu", "url": "https://www.medizininformatik-initiative.de/fhir/ext/modul-icu/StructureDefinition/intrakranieller-druck-icp", "leaf": true, "selectable": true}, {"id": "27ad0a8f-3abf-4fd8-a1c7-ab31a9eb4539", "name": "SD_MII_ICU_Koerpergewicht_Percentil_Altersabhaengig", "display": "K\u00f6rpergewicht Percentil Altersabh\u00e4ngig", "module": "modul-icu", "url": "https://www.medizininformatik-initiative.de/fhir/ext/modul-icu/StructureDefinition/koerpergewicht-percentil-altersabhaengig", "leaf": true, "selectable": true}, {"id": "039a93d6-ce6b-4b4a-9cae-e005c518023e", "name": "SD_MII_ICU_Zentralvenoeser_Blutdruck", "display": "Zentralven\u00f6ser Blutdruck", "module": "modul-icu", "url": "https://www.medizininformatik-initiative.de/fhir/ext/modul-icu/StructureDefinition/zentralvenoeser-blutdruck", "leaf": true, "selectable": true}, {"id": "311bca14-4f2a-471f-96ef-0f874c2600fb", "name": "SD_MII_ICU_Ideales_Koerpergewicht", "display": "Ideales K\u00f6rpergewicht", "module": "modul-icu", "url": "https://www.medizininformatik-initiative.de/fhir/ext/modul-icu/StructureDefinition/ideales-koerpergewicht", "leaf": true, "selectable": true}, {"id": "67ebc99c-77e8-4a9c-af44-acfdb6b97a3c", "name": "SD_MII_ICU_Koerpergroesse_Percentil", "display": "K\u00f6rpergr\u00f6\u00dfe Perzentil", "module": "modul-icu", "url": "https://www.medizininformatik-initiative.de/fhir/ext/modul-icu/StructureDefinition/koerpergroesse-percentil", "leaf": true, "selectable": true}, {"id": "75574084-c17b-4765-b308-ebb2e00a939f", "name": "SD_MII_ICU_Pulmonalvaskulaerer_Widerstandsindex", "display": "Pulmonalvaskul\u00e4rer Widerstandsindex", "module": "modul-icu", "url": "https://www.medizininformatik-initiative.de/fhir/ext/modul-icu/StructureDefinition/pulmonalvaskulaerer-widerstandsindex", "leaf": true, "selectable": true}, {"id": "77af2c4d-0d89-4814-846a-43dddfcaef9d", "name": "SD_MII_ICU_Linksventrikulaeres_Schlagvolumen", "display": "Linksventrikul\u00e4res Schlagvolumen", "module": "modul-icu", "url": "https://www.medizininformatik-initiative.de/fhir/ext/modul-icu/StructureDefinition/linksventrikulaeres-schlagvolumen", "leaf": true, "selectable": true}]}, {"id": "1fe9aac0-9749-41e5-b11e-14b257e2f8d7", "name": "SD_MII_ICU_Sonstige_Pulsatile_Druecke_Generisch", "display": "Sonstige Pulsatile Dr\u00fccke Generisch", "module": "modul-icu", "url": "https://www.medizininformatik-initiative.de/fhir/ext/modul-icu/StructureDefinition/sonstige-pulsatile-druecke-generisch", "leaf": false, "selectable": false, "children": [{"id": "c9b828fe-d334-4bab-a110-a689fbb1857c", "name": "SD_MII_ICU_Linksventrikulaerer_Druck", "display": "Linksventrikul\u00e4rer Druck", "module": "modul-icu", "url": "https://www.medizininformatik-initiative.de/fhir/ext/modul-icu/StructureDefinition/linksventrikulaerer-druck", "leaf": true, "selectable": true}, {"id": "ed83533d-e55b-483c-a362-fef4d45a61b0", "name": "SD_MII_ICU_Linksatrialer_Druck", "display": "Linksatrialer Druck", "module": "modul-icu", "url": "https://www.medizininformatik-initiative.de/fhir/ext/modul-icu/StructureDefinition/linksatrialer-druck", "leaf": true, "selectable": true}, {"id": "474feb5f-7ecc-4b23-9648-f156afc8468c", "name": "SD_MII_ICU_Rechtsatrialer_Druck", "display": " Rechtsatrialer Druck", "module": "modul-icu", "url": "https://www.medizininformatik-initiative.de/fhir/ext/modul-icu/StructureDefinition/rechtsatrialer-druck", "leaf": true, "selectable": true}, {"id": "96c1c864-fc10-4ef5-9ca3-2c9d0df1ac01", "name": "SD_MII_ICU_Rechtsventrikulaerer_Druck", "display": "Rechtsventrikul\u00e4rer Druck ", "module": "modul-icu", "url": "https://www.medizininformatik-initiative.de/fhir/ext/modul-icu/StructureDefinition/rechtsventrikulaerer-druck", "leaf": true, "selectable": true}, {"id": "57b49179-9475-431b-9303-6981f32cc5f5", "name": "SD_MII_ICU_Pulmonalarterieller_Blutdruck", "display": "Pulmonalarterieller Blutdruck", "module": "modul-icu", "url": "https://www.medizininformatik-initiative.de/fhir/ext/modul-icu/StructureDefinition/pulmonalarterieller-blutdruck", "leaf": true, "selectable": true}]}, {"id": "fe4f07e8-c8f0-4214-8e98-8d4c6caeed8e", "name": "SD_MII_ICU_Parameter_Von_Beatmung", "display": "Parameter Von Beatmung", "module": "modul-icu", "url": "https://www.medizininformatik-initiative.de/fhir/ext/modul-icu/StructureDefinition/parameter-von-beatmung", "leaf": false, "selectable": false, "children": [{"id": "fdf886b6-80cb-4096-88a7-29a7cef754d8", "name": "SD_MII_ICU_Maximaler_Beatmungsdruck", "display": "Maximaler Beatmungsdruck", "module": "modul-icu", "url": "https://www.medizininformatik-initiative.de/fhir/ext/modul-icu/StructureDefinition/maximaler-beatmungsdruck", "leaf": true, "selectable": true}, {"id": "726a6aae-dd55-4d09-a97d-4b982d24df98", "name": "SD_MII_ICU_Beatmungszeit_Hohem_Druck", "display": "Beatmungszeit Hohem Druck", "module": "modul-icu", "url": "https://www.medizininformatik-initiative.de/fhir/ext/modul-icu/StructureDefinition/beatmungszeit-hohem-druck", "leaf": true, "selectable": true}, {"id": "18a2b738-552b-4ed1-b752-2012005cf81c", "name": "SD_MII_ICU_Atemzugvolumen_Einstellung", "display": "Atemzugvolumen Einstellung", "module": "modul-icu", "url": "https://www.medizininformatik-initiative.de/fhir/ext/modul-icu/StructureDefinition/atemzugvolumen-einstellung", "leaf": true, "selectable": true}, {"id": "7b0fe427-8ed5-455e-ba2f-f8add06750b0", "name": "SD_MII_ICU_Einstellung_Einatmungszeit_Beatmung", "display": "Einstellung Einatmungszeit Beatmung", "module": "modul-icu", "url": "https://www.medizininformatik-initiative.de/fhir/ext/modul-icu/StructureDefinition/einstellung-einatmungszeit-beatmung", "leaf": true, "selectable": true}, {"id": "481ca261-ea63-4fec-8c84-82b324717eda", "name": "SD_MII_ICU_Inspiratorischer_Gasfluss", "display": "Inspiratorischer Gasfluss", "module": "modul-icu", "url": "https://www.medizininformatik-initiative.de/fhir/ext/modul-icu/StructureDefinition/inspiratorischer-gasfluss", "leaf": true, "selectable": true}, {"id": "2708b865-8a9c-420f-bbc6-b96ad9cc36b0", "name": "SD_MII_ICU_Spontane_Atemfrequenz_Beatmet", "display": "Spontane Atemfrequenz Beatmet", "module": "modul-icu", "url": "https://www.medizininformatik-initiative.de/fhir/ext/modul-icu/StructureDefinition/spontane-atemfrequenz-beatmet", "leaf": true, "selectable": true}, {"id": "ec59f4fc-8d6e-4ac7-9d3c-32165c503ddb", "name": "SD_MII_ICU_Mittlerer_Beatmungsdruck", "display": "Mittlerer Beatmungsdruck", "module": "modul-icu", "url": "https://www.medizininformatik-initiative.de/fhir/ext/modul-icu/StructureDefinition/mittlerer-beatmungsdruck", "leaf": true, "selectable": true}, {"id": "cda53ddb-5689-48f5-802a-93550d3a8a74", "name": "SD_MII_ICU_Atemwegsdruck_Bei_Mittlerem_Expiratorischem_Gasfluss", "display": "Atemwegsdruck bei Mittlerem Expiratorischem Gasfluss", "module": "modul-icu", "url": "https://www.medizininformatik-initiative.de/fhir/ext/modul-icu/StructureDefinition/atemwegsdruck-bei-mittlerem-expiratorischem-gasfluss", "leaf": true, "selectable": true}, {"id": "cc534b1b-e1a2-4dda-900f-a8b877a58e89", "name": "SD_MII_ICU_Zeitverhaeltnis_Ein_Ausatmung", "display": "Zeitverhaeltnis Ein-Ausatmung", "module": "modul-icu", "url": "https://www.medizininformatik-initiative.de/fhir/ext/modul-icu/StructureDefinition/zeitverhaeltnis-ein-ausatmung", "leaf": true, "selectable": true}, {"id": "bb74eee5-3248-439c-b247-da9814f832f8", "name": "SD_MII_ICU_Spontanes_Atemzugvolumen", "display": "Spontanes Atemzugvolumen", "module": "modul-icu", "url": "https://www.medizininformatik-initiative.de/fhir/ext/modul-icu/StructureDefinition/spontanes-atemzugvolumen", "leaf": true, "selectable": true}, {"id": "aef08f16-b1d1-4459-823c-eaf8a6ca2e4c", "name": "SD_MII_ICU_Beatmungszeit_Niedrigem_Druck", "display": "Beatmungszeit bei Niedrigem Druck", "module": "modul-icu", "url": "https://www.medizininformatik-initiative.de/fhir/ext/modul-icu/StructureDefinition/beatmungszeit-niedrigem-druck", "leaf": true, "selectable": true}, {"id": "182c595e-7b30-48b9-83bc-49d3efd95bf5", "name": "SD_MII_ICU_Atemzugvolumen_Waehrend_Beatmung", "display": "Atemzugvolumen Waehrend Beatmung", "module": "modul-icu", "url": "https://www.medizininformatik-initiative.de/fhir/ext/modul-icu/StructureDefinition/atemzugvolumen-waehrend-beatmung", "leaf": true, "selectable": true}, {"id": "2643c81f-e491-4605-aa25-12f90a731d02", "name": "SD_MII_ICU_Eingestellter_Inspiratorischer_Gasfluss", "display": "Eingestellter Inspiratorischer Gasfluss", "module": "modul-icu", "url": "https://www.medizininformatik-initiative.de/fhir/ext/modul-icu/StructureDefinition/eingestellter-inspiratorischer-gasfluss", "leaf": true, "selectable": true}, {"id": "69a80a9d-53e1-4ae6-b7e0-2409dbcbbe18", "name": "SD_MII_ICU_Druckdifferenz_Beatmung", "display": "Druckdifferenz Beatmung", "module": "modul-icu", "url": "https://www.medizininformatik-initiative.de/fhir/ext/modul-icu/StructureDefinition/druckdifferenz-beatmung", "leaf": true, "selectable": true}, {"id": "3710190e-44a6-4914-91e7-ab196b424d22", "name": "SD_MII_ICU_Endexpiratorischer_Kohlendioxidpartialdruck", "display": "Endexpiratorischer Kohlendioxidpartialdruck", "module": "modul-icu", "url": "https://www.medizininformatik-initiative.de/fhir/ext/modul-icu/StructureDefinition/endexpiratorischer-kohlendioxidpartialdruck", "leaf": true, "selectable": true}, {"id": "7f9c7308-f543-4d22-8283-39669d0d3c50", "name": "SD_MII_ICU_Inspiratorische_Sauerstofffraktion_Gemessen", "display": "Inspiratorische Sauerstofffraktion Gemessen", "module": "modul-icu", "url": "https://www.medizininformatik-initiative.de/fhir/ext/modul-icu/StructureDefinition/inspiratorische-sauerstofffraktion-gemessen", "leaf": true, "selectable": true}, {"id": "142a94a1-f0cd-4099-840d-dd8c33c64147", "name": "SD_MII_ICU_Beatmungsvolumen_Pro_Minute_Maschineller_Beatmung", "display": "Beatmungsvolumen Pro Minute Maschineller Beatmung", "module": "modul-icu", "url": "https://www.medizininformatik-initiative.de/fhir/ext/modul-icu/StructureDefinition/beatmungsvolumen-pro-minute-maschineller-beatmung", "leaf": true, "selectable": true}, {"id": "50314222-3dce-414c-8afb-bab5f977ba6c", "name": "SD_MII_ICU_Spontane_Mechanische_Atemfrequenz_Beatmet", "display": "Spontane Mechanische Atemfrequenz Beatmet", "module": "modul-icu", "url": "https://www.medizininformatik-initiative.de/fhir/ext/modul-icu/StructureDefinition/spontane-mechanische-atemfrequenz-beatmet", "leaf": true, "selectable": true}, {"id": "64b6bfab-a049-48af-9fea-580071a49ad1", "name": "SD_MII_ICU_Inspiratorische_Sauerstofffraktion_Eingestellt", "display": "Inspiratorische Sauerstofffraktion Eingestell", "module": "modul-icu", "url": "https://www.medizininformatik-initiative.de/fhir/ext/modul-icu/StructureDefinition/inspiratorische-sauerstofffraktion-eingestellt", "leaf": true, "selectable": true}, {"id": "3918191a-09d4-4075-8dd9-a31f1bc10b45", "name": "SD_MII_ICU_Horowitz_In_Arteriellem_Blut", "display": "Horowitz in Arteriellem Blut", "module": "modul-icu", "url": "https://www.medizininformatik-initiative.de/fhir/ext/modul-icu/StructureDefinition/horowitz-in-arteriellem-blut", "leaf": true, "selectable": true}, {"id": "4804062c-5386-465d-ba16-c036ba30a918", "name": "SD_MII_ICU_Exspiratorischer_Gasfluss", "display": "Exspiratorischer Gasfluss", "module": "modul-icu", "url": "https://www.medizininformatik-initiative.de/fhir/ext/modul-icu/StructureDefinition/exspiratorischer-gasfluss", "leaf": true, "selectable": true}, {"id": "df6210ab-a2aa-4b80-b214-a1b9de7a980e", "name": "SD_MII_ICU_Mechanische_Atemfrequenz_Beatmet", "display": "Mechanische Atemfrequenz Beatmet", "module": "modul-icu", "url": "https://www.medizininformatik-initiative.de/fhir/ext/modul-icu/StructureDefinition/mechanische-atemfrequenz-beatmet", "leaf": true, "selectable": true}, {"id": "5f5ab469-5157-4941-b990-0917d625e37c", "name": "SD_MII_ICU_Exspiratorischer_Sauerstoffpartialdruck", "display": "Exspiratorischer Sauerstoffpartialdruck", "module": "modul-icu", "url": "https://www.medizininformatik-initiative.de/fhir/ext/modul-icu/StructureDefinition/exspiratorischer-sauerstoffpartialdruck", "leaf": true, "selectable": true}, {"id": "ba58978c-23db-4902-9117-ab5495c88ccd", "name": "SD_MII_ICU_Einstellung_Ausatmungszeit_Beatmung", "display": "Einstellung Ausatmungszeit Beatmung", "module": "modul-icu", "url": "https://www.medizininformatik-initiative.de/fhir/ext/modul-icu/StructureDefinition/einstellung-ausatmungszeit-beatmung", "leaf": true, "selectable": true}, {"id": "a5d5fb86-a3c5-4fab-a514-abf7dc6f450b", "name": "SD_MII_ICU_Atemwegsdruck_Bei_Null_Expiratorischem_Gasfluss", "display": "Atemwegsdruck bei Null Expiratorischem Gasfluss", "module": "modul-icu", "url": "https://www.medizininformatik-initiative.de/fhir/ext/modul-icu/StructureDefinition/atemwegsdruck-bei-null-expiratorischem-gasfluss", "leaf": true, "selectable": true}, {"id": "817a255f-7ab8-4780-bf4c-096926a6daf9", "name": "SD_MII_ICU_Positiv_Endexpiratorischer_Druck", "display": "Positiv Endexpiratorischer Druck", "module": "modul-icu", "url": "https://www.medizininformatik-initiative.de/fhir/ext/modul-icu/StructureDefinition/positiv-endexpiratorischer-druck", "leaf": true, "selectable": true}, {"id": "c741f0d6-e40f-4530-88bc-283c29893464", "name": "SD_MII_ICU_Spontanes_Mechanisches_Atemzugvolumen_Waehrend_Beatmung", "display": "Spontanes Mechanisches Atemzugvolumen Waehrend Beatmung", "module": "modul-icu", "url": "https://www.medizininformatik-initiative.de/fhir/ext/modul-icu/StructureDefinition/spontanes-mechanisches-atemzugvolumen-waehrend-beatmung", "leaf": true, "selectable": true}, {"id": "77c3730d-a16e-4718-9bc2-fb7ee2c2fa5b", "name": "SD_MII_ICU_Unterstuezungsdruck_Beatmung", "display": "Unterstuezungsdruck Beatmung", "module": "modul-icu", "url": "https://www.medizininformatik-initiative.de/fhir/ext/modul-icu/StructureDefinition/unterstuetzungsdruck-beatmung", "leaf": true, "selectable": true}]}, {"id": "4b506027-7c9e-499e-94ec-562302cb9307", "name": "SD_MII_ICU_Parameter_Von_Extrakorporalen_Verfahren", "display": "SD MII ICU Parameter von Extrakorporalen Verfahren", "module": "modul-icu", "url": "https://www.medizininformatik-initiative.de/fhir/ext/modul-icu/StructureDefinition/parameter-von-extrakorporalen-verfahren", "leaf": false, "selectable": false, "children": [{"id": "798e63f4-cf44-46e7-8307-d4f79cd6406d", "name": "SD_MII_ICU_Venoeser_Druck", "display": "SD MII ICU Venoeser Druck", "module": "modul-icu", "url": "https://www.medizininformatik-initiative.de/fhir/ext/modul-icu/StructureDefinition/venoeser-druck", "leaf": true, "selectable": true}, {"id": "c7da8ec6-d5f9-41b8-b9b9-1d7804106fee", "name": "SD_MII_ICU_Substituatvolumen", "display": "SD MII ICU Substituatvolumen", "module": "modul-icu", "url": "https://www.medizininformatik-initiative.de/fhir/ext/modul-icu/StructureDefinition/substituatvolumen", "leaf": true, "selectable": true}, {"id": "29703647-471c-44b9-8083-b9432ca36cc3", "name": "SD_MII_ICU_Sauerstoffgasfluss", "display": "SD MII ICU Sauerstoffgasfluss", "module": "modul-icu", "url": "https://www.medizininformatik-initiative.de/fhir/ext/modul-icu/StructureDefinition/sauerstoffgasfluss", "leaf": true, "selectable": true}, {"id": "335dc69e-10c6-4965-988a-e289044977dd", "name": "SD_MII_ICU_Dauer_Extrakorporaler_Gasaustausch", "display": "SD MII ICU Dauer Extrakorporaler Gasaustausch", "module": "modul-icu", "url": "https://www.medizininformatik-initiative.de/fhir/ext/modul-icu/StructureDefinition/dauer-extrakorporaler-gasaustausch", "leaf": true, "selectable": true}, {"id": "b0668e51-8420-4cb7-89f4-6fbeccdcd846", "name": "SD_MII_ICU_Blutfluss_Extrakorporaler_Gasaustausch", "display": "SD MII ICU Blutfluss Extrakorporaler Gasaustausch", "module": "modul-icu", "url": "https://www.medizininformatik-initiative.de/fhir/ext/modul-icu/StructureDefinition/blutfluss-extrakorporaler-gasaustausch", "leaf": true, "selectable": true}, {"id": "65e21d8a-e234-49e1-8238-9694178cb662", "name": "SD_MII_ICU_Haemodialyse_Blutfluss", "display": "SD MII ICU Haemodialyse Blutfluss", "module": "modul-icu", "url": "https://www.medizininformatik-initiative.de/fhir/ext/modul-icu/StructureDefinition/haemodialyse-blutfluss", "leaf": true, "selectable": true}, {"id": "dc0f8a5c-8b0d-4021-8d91-db078514aa07", "name": "SD_MII_ICU_Blutfluss_Cardiovasculaeres_Geraet", "display": "SD MII ICU Blutfluss Cardiovasculaeres Geraet", "module": "modul-icu", "url": "https://www.medizininformatik-initiative.de/fhir/ext/modul-icu/StructureDefinition/blutfluss-cardiovasculaeres-geraet", "leaf": true, "selectable": true}, {"id": "06252acd-74a5-43ff-a287-d3643cb04305", "name": "SD_MII_ICU_Ionisiertes_Kalzium_Nierenersatzverfahren", "display": "SD MII ICU Ionisiertes Kalzium Nierenersatzverfahren", "module": "modul-icu", "url": "https://www.medizininformatik-initiative.de/fhir/ext/modul-icu/StructureDefinition/ionisiertes-kalzium-nierenersatzverfahren", "leaf": true, "selectable": true}, {"id": "01069ccf-d009-47c1-9fbb-ea6dbf7dd2e7", "name": "SD_MII_ICU_Dauer_Haemodialysesitzung", "display": "SD MII ICU Dauer Haemodialysesitzung", "module": "modul-icu", "url": "https://www.medizininformatik-initiative.de/fhir/ext/modul-icu/StructureDefinition/dauer-haemodialysesitzung", "leaf": true, "selectable": true}, {"id": "8ac22ec9-a869-4b81-9c10-f1ac83ff2df1", "name": "SD_MII_ICU_Arterieller_Druck", "display": "SD MII ICU Arterieller Druck", "module": "modul-icu", "url": "https://www.medizininformatik-initiative.de/fhir/ext/modul-icu/StructureDefinition/arterieller-druck", "leaf": true, "selectable": true}, {"id": "d4984329-4496-45f9-9050-6cf8885ce03d", "name": "SD_MII_ICU_Blutflussindex_Extrakorporaler_Gasaustausch", "display": "SD MII ICU Blutflussindex Extrakorporaler Gasaustausch", "module": "modul-icu", "url": "https://www.medizininformatik-initiative.de/fhir/ext/modul-icu/StructureDefinition/blutflussindex-extrakorporaler-gasaustausch", "leaf": true, "selectable": true}, {"id": "dc1eba71-3c4b-4086-ac04-89bca29fde23", "name": "SD_MII_ICU_Substituatfluss", "display": "SD MII ICU Substituatfluss", "module": "modul-icu", "url": "https://www.medizininformatik-initiative.de/fhir/ext/modul-icu/StructureDefinition/substituatfluss", "leaf": true, "selectable": true}]}, {"id": "c9446904-c8a4-49d4-be9d-36270951da56", "name": "SD_MII_ICU_Icu_Device", "display": "SD MII ICU ICU Device", "module": "modul-icu", "url": "https://www.medizininformatik-initiative.de/fhir/ext/modul-icu/StructureDefinition/icu-device", "leaf": true, "selectable": true}, {"id": "e3e019d5-e13b-40fb-952f-0448cf1dff97", "name": "SD_MII_ICU_Devicemetric_Eingestellte_Gemessene_Parameter_Extrakorporale_Verfahren", "display": "SD MII ICU DeviceMetric Eingestellte Gemessene Parameter Extrakorporale Verfahren", "module": "modul-icu", "url": "https://www.medizininformatik-initiative.de/fhir/ext/modul-icu/StructureDefinition/devicemetric-eingestellte-gemessene-parameter-extrakorporale-verfahren", "leaf": true, "selectable": true}]}, {"id": "e672e444-e115-4e44-a98d-40f7816aeb20", "name": "modul-molgen", "display": "Molgen", "url": "modul-molgen", "module": "modul-molgen", "selectable": false, "leaf": false, "children": [{"id": "2f91660b-7bcd-4252-a50c-f23c15dfb47f", "name": "MII_PR_MolGen_Genotyp", "display": "MII PR MolGen Genotyp", "module": "modul-molgen", "url": "https://www.medizininformatik-initiative.de/fhir/ext/modul-molgen/StructureDefinition/genotyp", "leaf": true, "selectable": true}, {"id": "8e26f63e-b1f9-4bf5-853b-71588833d204", "name": "MII_PR_MolGen_Medikationsempfehlung", "display": "MII PR MolGen Medikationsempfehlung", "module": "modul-molgen", "url": "https://www.medizininformatik-initiative.de/fhir/ext/modul-molgen/StructureDefinition/medikationsempfehlung", "leaf": true, "selectable": true}, {"id": "4f5c6f4b-59b4-49ac-8a68-a053a0af856d", "name": "MII_PR_MolGen_EmpfohleneFolgemassnahme", "display": "MII PR MolGen Empfohlene Folgema\u00dfnahme", "module": "modul-molgen", "url": "https://www.medizininformatik-initiative.de/fhir/ext/modul-molgen/StructureDefinition/empfohlene-folgemassnahme", "leaf": true, "selectable": true}, {"id": "e4746480-95d4-4b13-b4eb-b35a7f21e862", "name": "MII_PR_MolGen_Familienanamnese", "display": "MII PR MolGen Familienanamnese", "module": "modul-molgen", "url": "https://www.medizininformatik-initiative.de/fhir/ext/modul-molgen/StructureDefinition/familienanamnese", "leaf": true, "selectable": true}, {"id": "b8114798-68b9-4e26-8049-c167f95b54bb", "name": "MII_PR_MolGen_ErgebnisZusammenfassung", "display": "MII PR MolGen Ergebnis Zusammenfassung", "module": "modul-molgen", "url": "https://www.medizininformatik-initiative.de/fhir/ext/modul-molgen/StructureDefinition/ergebnis-zusammenfassung", "leaf": true, "selectable": true}, {"id": "3943735a-7326-4296-96da-4bb8ef343bdc", "name": "MII_PR_MolGen_MolekulargenetischerBefundbericht", "display": "MII PR MolGen Molekulargenetischer Befundbericht", "module": "modul-molgen", "url": "https://www.medizininformatik-initiative.de/fhir/ext/modul-molgen/StructureDefinition/molekulargenetischer-befundbericht", "leaf": true, "selectable": true}, {"id": "17e5686c-7abd-4ea5-ab82-5a09a44ccbdf", "name": "MII_PR_MolGen_DiagnostischeImplikation", "display": "MII PR MolGen Diagnostische Implikation", "module": "modul-molgen", "url": "https://www.medizininformatik-initiative.de/fhir/ext/modul-molgen/StructureDefinition/diagnostische-implikation", "leaf": true, "selectable": true}, {"id": "f8efcdbb-c33b-4d77-9eff-81241d15e0da", "name": "MII_PR_MolGen_AnforderungGenetischerTest", "display": "MII PR MolGen Anforderung genetischer Test", "module": "modul-molgen", "url": "https://www.medizininformatik-initiative.de/fhir/ext/modul-molgen/StructureDefinition/anforderung-genetischer-test", "leaf": true, "selectable": true}, {"id": "84ad4ffe-41d5-4fdd-960a-ab5c316da026", "name": "MII_PR_MolGen_Mikrosatelliteninstabilitaet", "display": "MII PR MolGen Mikrosatelliteninstabilit\u00e4t", "module": "modul-molgen", "url": "https://www.medizininformatik-initiative.de/fhir/ext/modul-molgen/StructureDefinition/mikrosatelliteninstabilitaet", "leaf": true, "selectable": true}, {"id": "236cd64c-4813-4795-8c95-333c85972b7f", "name": "MII_PR_MolGen_Mutationslast", "display": "MII PR MolGen Mutationslast", "module": "modul-molgen", "url": "https://www.medizininformatik-initiative.de/fhir/ext/modul-molgen/StructureDefinition/mutationslast", "leaf": true, "selectable": true}, {"id": "3ba8b00f-8a09-4ec4-98bf-597b8391f72f", "name": "MII_PR_MolGen_Variante", "display": "MII PR MolGen Variante", "module": "modul-molgen", "url": "https://www.medizininformatik-initiative.de/fhir/ext/modul-molgen/StructureDefinition/variante", "leaf": true, "selectable": true}, {"id": "634e540e-f1be-487c-8d63-f205c5d36a7f", "name": "MII_PR_MolGen_TherapeutischeImplikation", "display": "MII PR MolGen Therapeutische Implikation", "module": "modul-molgen", "url": "https://www.medizininformatik-initiative.de/fhir/ext/modul-molgen/StructureDefinition/therapeutische-implikation", "leaf": true, "selectable": true}, {"id": "5ab8d600-00c5-4e4d-b12a-837715ddfc2c", "name": "MII_PR_MolGen_UntersuchteRegion", "display": "MII PR MolGen Untersuchte Region", "module": "modul-molgen", "url": "https://www.medizininformatik-initiative.de/fhir/ext/modul-molgen/StructureDefinition/untersuchte-region", "leaf": true, "selectable": true}, {"id": "20c9c0ba-f666-4a46-b641-9f37a33a9d59", "name": "MII_PR_MolGen_PolygenerRisikoScore", "display": "MII PR MolGen Polygener Risiko Score", "module": "modul-molgen", "url": "https://www.medizininformatik-initiative.de/fhir/ext/modul-molgen/StructureDefinition/polygener-risiko-score", "leaf": true, "selectable": true}]}, {"id": "17eb8ca5-bf48-4313-886f-f38d2f323754", "name": "modul-prozedur", "display": "Prozeduren", "url": "modul-prozedur", "module": "modul-prozedur", "selectable": false, "leaf": false, "children": [{"id": "c9340781-c20f-42df-b659-904d47384e9e", "name": "MII_PR_Prozedur_Procedure", "display": "Prozedur", "module": "modul-prozedur", "url": "https://www.medizininformatik-initiative.de/fhir/core/modul-prozedur/StructureDefinition/Procedure", "leaf": true, "selectable": true}]}], "selectable": false}