{"name": "Root", "module": "no-module", "url": "no-url", "children": [{"id": "7c3911a1-26f0-4f5d-9ed1-e2064fa15a92", "name": "modul-diagnose", "display": {"original": "Diagnose", "translations": [{"language": "de-DE", "value": "Diagnose"}, {"language": "en-US", "value": "Diagnosis"}]}, "url": "modul-diagnose", "module": "modul-diagnose", "selectable": false, "leaf": false, "fields": {"original": [], "translations": [{"language": "de-DE", "value": []}, {"language": "en-US", "value": []}]}, "children": [{"id": "1638767a-2143-4629-a209-a1b89815c83f", "name": "MII_PR_Diagnose_Condition", "display": {"original": "MII PR Diagnose Condition", "translations": [{"language": "de-DE", "value": "Diagnose"}, {"language": "en-US", "value": "Diagnosis"}]}, "fields": {"original": ["ReferenzPrimaerdiagnose", "Feststellungsdatum", "clinicalStatus", "verificationStatus", "code", "coding", "icd10-gm", "alpha-id", "sct", "orphanet", "bodySite", "coding", "snomed-ct", "encounter", "onset", "recordedDate", "note"], "translations": [{"language": "de-DE", "value": ["Feststellungsdatum", "Klinischer Status", "Verifizierungsstatus", "Code", "Körperstelle", "Fall oder Kontakt", "Beginn", "Aufzeichnungsdatum", "Hinweis"]}, {"language": "en-US", "value": ["Asserted date", "Clinical status", "Verification status", "Code", "Body site", "Encounter", "Onset", "Recorded date", "Note"]}]}, "module": "modul-diagnose", "url": "https://www.medizininformatik-initiative.de/fhir/core/modul-diagnose/StructureDefinition/Diagnose", "leaf": true, "selectable": true}]}, {"id": "510fbf02-7f7a-4ed9-81cd-89bb97293ff5", "name": "modul-prozedur", "display": {"original": "Prozedur", "translations": [{"language": "de-DE", "value": "Prozedur"}, {"language": "en-US", "value": "Procedure"}]}, "url": "modul-prozedur", "module": "modul-prozedur", "selectable": false, "leaf": false, "fields": {"original": [], "translations": [{"language": "de-DE", "value": []}, {"language": "en-US", "value": []}]}, "children": [{"id": "82294372-0771-4d71-b114-accc6ff0eb0e", "name": "MII_PR_Prozedur_Procedure", "display": {"original": "MII PR Prozedur Procedure", "translations": [{"language": "de-DE", "value": "Prozedur"}, {"language": "en-US", "value": "Procedure"}]}, "fields": {"original": ["Dokumentationsdatum", "durchfuehrungsabsicht", "status", "category", "sct", "code", "coding", "ops", "Seitenlokalisation", "sct", "performed", "bodySite", "note"], "translations": [{"language": "de-DE", "value": ["Dokumentationsdatum", "Durchführungsabsicht", "Status", "Kategorie", "Code", "Durchführungsdatum", "Körperstelle", "Hinweis"]}, {"language": "en-US", "value": ["Recorded date", "Intention", "Status", "Category", "Code", "Performed date", "Body site", "Note"]}]}, "module": "modul-prozedur", "url": "https://www.medizininformatik-initiative.de/fhir/core/modul-prozedur/StructureDefinition/Procedure", "leaf": true, "selectable": true}]}, {"id": "dd702e4f-9779-4f10-949f-a5872c8d84b7", "name": "modul-person", "display": {"original": "Person", "translations": [{"language": "de-DE", "value": "Person"}, {"language": "en-US", "value": "Person"}]}, "url": "modul-person", "module": "modul-person", "selectable": false, "leaf": false, "fields": {"original": [], "translations": [{"language": "de-DE", "value": []}, {"language": "en-US", "value": []}]}, "children": [{"id": "c5de784c-038f-41e2-8995-90150bfc5c94", "name": "MII_PR_Person_Vitalstatus", "display": {"original": "MII PR Person Vitalstatus", "translations": [{"language": "de-DE", "value": "Vitalstatus"}, {"language": "en-US", "value": "Vital status"}]}, "fields": {"original": ["status", "category", "survey", "code", "coding", "loinc", "encounter", "effective", "value", "note"], "translations": [{"language": "de-DE", "value": ["Kategorie", "Code", "Fall oder Kontakt", "Zeitpunkt", "Wert", "Hinweis"]}, {"language": "en-US", "value": ["Category", "Code", "Encounter", "Point in time", "Value", "Note"]}]}, "module": "modul-person", "url": "https://www.medizininformatik-initiative.de/fhir/core/modul-person/StructureDefinition/Vitalstatus", "leaf": true, "selectable": true}, {"id": "e5748c0f-dce5-412a-be74-c56273b191b0", "name": "MII_PR_Person_PatientPseudonymisiert", "display": {"original": "MII PR Person Patient (Pseudonymisiert)", "translations": [{"language": "de-DE", "value": ""}, {"language": "en-US", "value": ""}]}, "fields": {"original": ["identifier", "PseudonymisierterIdentifier", "AnonymisierterIdentifier", "active", "gender", "other-amtlich", "birthDate", "deceased", "address", "Strassenanschrift", "gemeindeschluessel", "Postfach", "gemeindeschluessel", "link", "other"], "translations": [{"language": "de-DE", "value": []}, {"language": "en-US", "value": []}]}, "module": "modul-person", "url": "https://www.medizininformatik-initiative.de/fhir/core/modul-person/StructureDefinition/PatientPseudonymisiert", "leaf": true, "selectable": true}, {"id": "2b97f8da-c3b2-4384-951e-e2b3f1facd58", "name": "MII_PR_Person_Proband", "display": {"original": "MII PR Person Proband", "translations": [{"language": "de-DE", "value": ""}, {"language": "en-US", "value": ""}]}, "fields": {"original": ["identifier", "subjectIdentificationCode", "type", "status", "period", "study", "individual", "consent"], "translations": [{"language": "de-DE", "value": []}, {"language": "en-US", "value": []}]}, "module": "modul-person", "url": "https://www.medizininformatik-initiative.de/fhir/core/modul-person/StructureDefinition/ResearchSubject", "leaf": true, "selectable": true}, {"id": "a241780b-c1ea-4b29-9c1e-865f2dc0a942", "name": "MII_PR_Person_Patient", "display": {"original": "MII PR Person Patient", "translations": [{"language": "de-DE", "value": "Patient / Patientin"}, {"language": "en-US", "value": "Patient"}]}, "fields": {"original": ["identifier", "versichertenId", "type", "assigner", "identifier", "type", "pid", "type", "assigner", "type", "active", "name", "name", "namenszusatz", "nachname", "vorsatzwort", "prefix-qualifier", "geburtsname", "namenszusatz", "nachname", "vorsatzwort", "prefix-qualifier", "gender", "other-amtlich", "birthDate", "data-absent-reason", "deceased", "address", "Strassenanschrift", "Stadtteil", "Strasse", "Hausnummer", "Adresszusatz", "Postfach", "gemeindeschluessel", "Postfach", "Stadtteil", "Postfach", "gemeindeschluessel", "link", "other"], "translations": [{"language": "de-DE", "value": ["Identifikator", "Krankenversichertennummer", "Organisationsinterner Patienten-Identifikator", "Name", "Personenname", "Geburtsname", "Administratives Geschlecht", "Geburtsdatum", "Verstorben", "Adresse", "Straßenanschrift", "Postfach"]}, {"language": "en-US", "value": ["Identifier", "Health insurance number", "Organization-internal patient identifier", "Name", "Person's name", "Maiden name", "Administrative gender", "Date of birth", "Deceased", "Address", "Street address", "Postbox"]}]}, "module": "modul-person", "url": "https://www.medizininformatik-initiative.de/fhir/core/modul-person/StructureDefinition/Patient", "leaf": true, "selectable": true}, {"id": "a9f6a8e5-a158-4f4a-a4f9-c4f6cb030c64", "name": "MII_PR_Person_Todesursache", "display": {"original": "MII PR Person Todesursache", "translations": [{"language": "de-DE", "value": "Todesursache"}, {"language": "en-US", "value": "Cause of Death"}]}, "fields": {"original": ["clinicalStatus", "verificationStatus", "category", "todesDiagnose", "coding", "snomed", "loinc", "code", "coding", "icd10-who", "encounter", "recordedDate", "note"], "translations": [{"language": "de-DE", "value": ["Klinischer Status", "Verifizierungsstatus", "Kategorie", "Code", "Fall oder Kontakt", "Aufzeichnungsdatum", "Hinweis"]}, {"language": "en-US", "value": ["Clinical status", "Verification status", "Category", "Code", "Encounter", "Recorded date", "Note"]}]}, "module": "modul-person", "url": "https://www.medizininformatik-initiative.de/fhir/core/modul-person/StructureDefinition/Todesursache", "leaf": true, "selectable": true}]}, {"id": "2fbc2ce2-d44c-4bf6-bb1d-af864b114057", "name": "modul-labor", "display": {"original": "Labor", "translations": [{"language": "de-DE", "value": "Labor"}, {"language": "en-US", "value": "Laboratory"}]}, "url": "modul-labor", "module": "modul-labor", "selectable": false, "leaf": false, "fields": {"original": [], "translations": [{"language": "de-DE", "value": []}, {"language": "en-US", "value": []}]}, "children": [{"id": "0fba43da-734b-4edb-9dd5-05c0cd0d65e4", "name": "MII_PR_Labor_Laborbefund", "display": {"original": "MII PR Labor Laborbefund", "translations": [{"language": "de-DE", "value": "Laborbefund"}, {"language": "en-US", "value": "Laboratory report"}]}, "fields": {"original": ["identifier", "befund", "type", "coding", "fillerV2", "assigner", "basedOn", "status", "category", "coding", "loinc-lab", "diagnostic-service-sections", "code", "coding", "loinc-labReport", "encounter", "effective", "issued", "performer", "identifier", "specimen", "identifier", "result", "conclusion"], "translations": [{"language": "de-DE", "value": ["Identifikator", "Basiert auf", "Status", "Kategorie", "Code", "Fall oder Kontakt", "Klinisches Bezugsdatum", "Dokumentationsdatum", "Ausführende*r", "Probenmaterial", "Ergebnis", "Schlussfolgerung"]}, {"language": "en-US", "value": ["Identifier", "Based on", "Status", "Category", "Code", "Encounter", "Clinical reference Date", "Issued", "Performer", "Specimen", "Result", "Conclusion"]}]}, "module": "modul-labor", "url": "https://www.medizininformatik-initiative.de/fhir/core/modul-labor/StructureDefinition/DiagnosticReportLab", "leaf": true, "selectable": true}, {"id": "4e7bdd7e-f544-4a88-8bc6-be028c8cc64a", "name": "MII_PR_Labor_Laboranforderung", "display": {"original": "MII PR Labor Laboranforderung", "translations": [{"language": "de-DE", "value": "Laboranforderung"}, {"language": "en-US", "value": "Laboratory order"}]}, "fields": {"original": ["identifier", "anforderung", "type", "coding", "placerv2", "assigner", "status", "intent", "category", "coding", "laboratory", "doNotPerform", "code", "encounter", "authoredOn", "specimen", "identifier"], "translations": [{"language": "de-DE", "value": ["Identifikator", "Status", "Intention", "Kategorie", "Code", "Fall oder Kontakt", "Anforderungsdatum", "Probenmaterial"]}, {"language": "en-US", "value": ["Identifier", "Status", "Intent", "Category", "Code", "Encounter", "Authored on", "Specimen"]}]}, "module": "modul-labor", "url": "https://www.medizininformatik-initiative.de/fhir/core/modul-labor/StructureDefinition/ServiceRequestLab", "leaf": true, "selectable": true}, {"id": "31c5bac0-ea2d-408b-a5f5-e87f14ecf240", "name": "MII_PR_Labor_Laboruntersuchung", "display": {"original": "MII PR Labor Laboruntersuchung", "translations": [{"language": "de-DE", "value": "Laboruntersuchung"}, {"language": "en-US", "value": "Laboratory test"}]}, "fields": {"original": ["identifier", "analyseBefundCode", "type", "coding", "observationInstanceV2", "assigner", "status", "category", "coding", "loinc-observation", "observation-category", "code", "encounter", "effective", "issued", "value", "dataAbsentReason", "interpretation", "note", "method", "specimen", "identifier", "device", "referenceRange"], "translations": [{"language": "de-DE", "value": ["Identifikator", "Status", "Kategorie", "Code", "Fall oder Kontakt", "Untersuchungszeitpunkt", "Dokumentationsdatum", "Messwert", "Grund für fehlende Daten", "Interpretation", "Hinweis", "Untersuchungsmethode", "Probenmaterial", "Gerät", "Referenzbereich"]}, {"language": "en-US", "value": ["Identifier", "Status", "Category", "Code", "Encounter", "Time of observation", "Issued", "Value", "Data absent reason", "Interpretation", "Note", "Method", "Specimen", "Device", "Reference range"]}]}, "module": "modul-labor", "url": "https://www.medizininformatik-initiative.de/fhir/core/modul-labor/StructureDefinition/ObservationLab", "leaf": true, "selectable": true}]}, {"id": "fee95205-04a7-493b-9580-0877a34317e9", "name": "modul-medikation", "display": {"original": "Medikation", "translations": [{"language": "de-DE", "value": "Medikation"}, {"language": "en-US", "value": "Medication"}]}, "url": "modul-medikation", "module": "modul-medikation", "selectable": false, "leaf": false, "fields": {"original": [], "translations": [{"language": "de-DE", "value": []}, {"language": "en-US", "value": []}]}, "children": [{"id": "1764b51b-f208-4b84-a0da-3ef15e9120a4", "name": "MII_PR_Medikation_MedicationStatement", "display": {"original": "MII PR Medikation MedicationStatement", "translations": [{"language": "de-DE", "value": "Medikationseintrag"}, {"language": "en-US", "value": "Medication statement"}]}, "fields": {"original": ["identifier", "basedOn", "partOf", "status", "category", "medication", "context", "effective", "dateAsserted", "informationSource", "reasonCode", "reasonReference", "note", "dosage", "timing", "repeat", "site", "coding", "SNOMED", "route", "coding", "EDQM", "SNOMED", "doseAndRate", "dose", "rate", "maxDosePerPeriod", "numerator", "denominator", "maxDosePerAdministration"], "translations": [{"language": "de-DE", "value": ["Identifikator", "Basiert auf", "Teil von", "Status", "Kategorie", "Medikation", "Kontext", "Zeitpunkt oder Zeitraum", "Datum Bestätigung", "Informationsquelle", "Grund Code", "Grund Referenz", "Hinweis", "Dosierung"]}, {"language": "en-US", "value": ["Identifier", "Based on", "Part of", "Status", "Category", "Medication", "Context", "Date or period", "Date asserted", "Information source", "Reason code", "Reason reference", "Note", "Dosage"]}]}, "module": "modul-medikation", "url": "https://www.medizininformatik-initiative.de/fhir/core/modul-medikation/StructureDefinition/MedicationStatement", "leaf": true, "selectable": true}, {"id": "d5e02011-08ef-43e7-84a7-7431d81c6489", "name": "MII_PR_Medikation_Medikationsliste", "display": {"original": "MII PR Medikation Medikationsliste", "translations": [{"language": "de-DE", "value": "Medikationsliste"}, {"language": "en-US", "value": "Medicationlist"}]}, "fields": {"original": ["identifier", "status", "mode", "code", "coding", "medCode", "contextCode", "encounter", "date", "entry", "item"], "translations": [{"language": "de-DE", "value": ["Status", "Modus", "Code", "Fall oder Kontakt", "Datum", "Eintrag"]}, {"language": "en-US", "value": ["Status", "Mode", "Code", "Encounter", "Date", "Entry"]}]}, "module": "modul-medikation", "url": "https://www.medizininformatik-initiative.de/fhir/core/modul-medikation/StructureDefinition/medikationsliste", "leaf": true, "selectable": true}, {"id": "e5f6b685-df3a-461d-9653-8cfa6c352500", "name": "MII_PR_Medikation_MedicationRequest", "display": {"original": "MII PR Medikation MedicationRequest", "translations": [{"language": "de-DE", "value": "Medikationsverordnung"}, {"language": "en-US", "value": "Medication request"}]}, "fields": {"original": ["identifier", "status", "intent", "doNotPerform", "medication", "encounter", "authoredOn", "requester", "recorder", "reasonCode", "reasonReference", "basedOn", "note", "dosageInstruction", "timing", "repeat", "site", "coding", "SNOMED", "route", "coding", "EDQM", "SNOMED", "doseAndRate", "dose", "rate", "maxDosePerPeriod", "numerator", "denominator", "maxDosePerAdministration", "substitution", "priorPrescription", "detectedIssue"], "translations": [{"language": "de-DE", "value": ["Identifikator", "Status", "Intention", "Medikation", "Fall / Kontakt", "Datum der Verordnung", "Anforderer", "Auftragserfasser", "Grund Code", "Grund Referenz", "Basiert auf", "Hinweis", "Dosierungsanweisung", "Dosierungsanweisung", "Vorherige Verschreibung", "Erkannte Probleme"]}, {"language": "en-US", "value": ["Identifier", "Status", "Intent", "Medication", "Encounter", "Authored on", "Requester", "Recorder", "Reason code", "Reason reference", "Based on", "Note", "Dosage instruction", "Dosage instruction", "Prior prescription", "Detected issue"]}]}, "module": "modul-medikation", "url": "https://www.medizininformatik-initiative.de/fhir/core/modul-medikation/StructureDefinition/MedicationRequest", "leaf": true, "selectable": true}, {"id": "6ee143ad-8206-4e1a-ad7f-f7967f3f1bd7", "name": "MII_PR_Medikation_Medication", "display": {"original": "MII PR Medikation Medication", "translations": [{"language": "de-DE", "value": ""}, {"language": "en-US", "value": "MII PR Medikation Medication"}]}, "fields": {"original": ["code", "coding", "Pharmazentralnummer", "atcClassDe", "atcClassEn", "status", "form", "coding", "EDQM", "ingredient", "Wirkstofftyp", "Wirkstoffrelation", "strength", "numerator", "denominator"], "translations": [{"language": "de-DE", "value": []}, {"language": "en-US", "value": []}]}, "module": "modul-medikation", "url": "https://www.medizininformatik-initiative.de/fhir/core/modul-medikation/StructureDefinition/Medication", "leaf": true, "selectable": true}, {"id": "ae8cf7d8-a946-4cb8-91ce-285e25ca293e", "name": "MII_PR_Medikation_MedicationAdministration", "display": {"original": "MII PR Medikation MedicationAdministration", "translations": [{"language": "de-DE", "value": "Medikationsverabreichung"}, {"language": "en-US", "value": "Medication administration"}]}, "fields": {"original": ["identifier", "partOf", "status", "category", "medication", "context", "effective", "performer", "reasonCode", "reasonReference", "request", "note", "dosage", "site", "coding", "SNOMED", "route", "coding", "EDQM", "SNOMED", "dose", "rate"], "translations": [{"language": "de-DE", "value": ["Identifikator", "Teil von", "Status", "Kategorie", "Medikation", "Kontext", "Zeitpunkt oder Zeitraum", "Ausführende*r", "Grund Code", "Grund Referenz", "Verordnung", "Hinweis", "Dosierung"]}, {"language": "en-US", "value": ["Identifier", "Part of", "Status", "Category", "Medication", "Context", "Date or period", "Performer", "Reason code", "Reason reference", "Request", "Note", "Dosage"]}]}, "module": "modul-medikation", "url": "https://www.medizininformatik-initiative.de/fhir/core/modul-medikation/StructureDefinition/MedicationAdministration", "leaf": true, "selectable": true}]}, {"id": "75abd672-10c3-43a0-a559-8d4f05e63a6e", "name": "modul-fall", "display": {"original": "Fall", "translations": [{"language": "de-DE", "value": "Fall"}, {"language": "en-US", "value": "Case"}]}, "url": "modul-fall", "module": "modul-fall", "selectable": false, "leaf": false, "fields": {"original": [], "translations": [{"language": "de-DE", "value": []}, {"language": "en-US", "value": []}]}, "children": [{"id": "cb8af514-dbf6-44f0-8e65-c4ca390b08cd", "name": "MII_PR_Fall_KontaktGesundheitseinrichtung", "display": {"original": "MII PR Fall Kontakt mit einer Gesundheitseinrichtung", "translations": [{"language": "de-DE", "value": "Fall - Kontakt mit einer Gesundheitseinrichtung"}, {"language": "en-US", "value": "Treatment case - Encounter with Health Care Facility"}]}, "fields": {"original": ["Aufnahmegrund", "ErsteUndZweiteStelle", "DritteStelle", "VierteStelle", "identifier", "Aufnahmenummer", "type", "vn-type", "status", "class", "type", "Kontaktebene", "KontaktArt", "serviceType", "coding", "Fachabteilungsschluessel", "ErweiterterFachabteilungsschluessel", "period", "diagnosis", "condition", "use", "coding", "Diagnosetyp", "DiagnosesubTyp", "hospitalization", "admitSource", "dischargeDisposition", "Entlassungsgrund", "location", "Zimmer", "location", "identifier", "physicalType", "Bett", "location", "identifier", "physicalType", "Station", "location", "identifier", "physicalType", "serviceProvider", "partOf"], "translations": [{"language": "de-DE", "value": ["Aufnahmegrund", "1. und 2. Stelle", "3. Stelle", "4. Stelle", "Identifikator", "Aufnahmenummer", "Status", "Kontaktklasse", "Typ des Kontaktes", "Kontaktebene", "Kontaktart", "Fachabteilung", "Zeitraum des Kontaktes", "Diagnosen", "Klinikaufenthalt", "Kontaktort", "Leistungserbringer", "Teil von Kontakt"]}, {"language": "en-US", "value": ["Admission reason", "1st and 2nd position", "3rd position", "4th position", "Identifier", "Admission number", "status", "Classification of patient encounter", "Type of encounter", "Level of encounter", "Type of encounter", "Department", "Period of encounter", "Diagnoses", "Hospitalization", "Location", "Service Provider", "Part of encounter"]}]}, "module": "modul-fall", "url": "https://www.medizininformatik-initiative.de/fhir/core/modul-fall/StructureDefinition/KontaktGesundheitseinrichtung", "leaf": true, "selectable": true}]}, {"id": "592d1a56-9f55-4274-a44a-bf551af3e12d", "name": "modul-biobank", "display": {"original": "Biobank", "translations": [{"language": "de-DE", "value": "Biobank"}, {"language": "en-US", "value": "Biobank"}]}, "url": "modul-biobank", "module": "modul-biobank", "selectable": false, "leaf": false, "fields": {"original": [], "translations": [{"language": "de-DE", "value": []}, {"language": "en-US", "value": []}]}, "children": [{"id": "d514df96-8e94-40e8-9110-2a52915cec49", "name": "ProfileSubstanceAdditiv", "display": {"original": "Profile - Substance - Additiv", "translations": [{"language": "de-DE", "value": ""}, {"language": "en-US", "value": ""}]}, "fields": {"original": ["status", "category", "code", "ingredient"], "translations": [{"language": "de-DE", "value": []}, {"language": "en-US", "value": []}]}, "module": "modul-biobank", "url": "https://www.medizininformatik-initiative.de/fhir/ext/modul-biobank/StructureDefinition/Substance", "leaf": true, "selectable": true}, {"id": "e4029adb-ac41-43c8-8ba0-873f0ffa1070", "name": "ProfileOrganizationSammlungBiobank", "display": {"original": "Profile - Organization - Sammlung/Biobank", "translations": [{"language": "de-DE", "value": ""}, {"language": "en-US", "value": ""}]}, "fields": {"original": ["beschreibung", "identifier", "bbmri-eric-id", "active", "type", "name", "alias", "partOf", "contact", "forschungskontakt", "rolle", "address"], "translations": [{"language": "de-DE", "value": ["Beschreibung der Sammlung/Biobank", "BBMRI-ERIC ID", "Sammlungstyp", "Name", "Akronym", "Teil von"]}, {"language": "en-US", "value": ["Description of the collection/biobank", "BBMRI-ERIC ID", "Collection type", "Name", "Acronym", "Part of"]}]}, "module": "modul-biobank", "url": "https://www.medizininformatik-initiative.de/fhir/ext/modul-biobank/StructureDefinition/Organization", "leaf": true, "selectable": true}, {"id": "49996ec6-5c8c-4681-83e2-3f87c39c56be", "name": "ProfileSpecimenBioprobeCore", "display": {"original": "Profile - Specimen - Bioprobe - Core", "translations": [{"language": "de-DE", "value": ""}, {"language": "en-US", "value": ""}]}, "fields": {"original": ["identifier", "status", "type", "parent", "request", "collection", "einstellungBlutversorgung", "bodySite", "sct", "icd-o-3", "fastingStatus", "processing", "temperaturbedingungen", "procedure", "sct", "additive", "lagerprozess", "temperaturbedingungen", "container", "type", "capacity", "specimenQuantity", "additive", "note"], "translations": [{"language": "de-DE", "value": ["Proben-ID", "Verfügbarkeitsstatus", "Probenart", "Ist gewonnen aus", "Entnahme-ID", "Probenentnahme", "Anatomische Lokalisation", "Nüchternstatus", "Probenverarbeitung", "Verarbeitungstyp", "Additive bei Verarbeitung", "Probenbehältnis", "Containertyp", "Containerkapazität", "Probenmenge", "Additiv", "Projektnutzung"]}, {"language": "en-US", "value": ["Specimen ID", "Availability status", "Specimen type", "Derived from", "Collection ID", "Specimen sampling", "anatomical localisation", "Fasting status", "Specimen processing", "Processing procedure", "Processing additives", "Specimen container", "Container type", "Capacity", "Specimen quantity", "Additives", "Project usage"]}]}, "module": "modul-biobank", "url": "https://www.medizininformatik-initiative.de/fhir/ext/modul-biobank/StructureDefinition/SpecimenCore", "leaf": false, "selectable": false, "children": [{"id": "43ff6bb0-90e9-4f4e-9f33-8198de8ca0e0", "name": "ProfileSpecimenBioprobe", "display": {"original": "Profile - Specimen - Bioprobe", "translations": [{"language": "de-DE", "value": ""}, {"language": "en-US", "value": ""}]}, "fields": {"original": ["festgestellteDiagnose", "gehoertZu", "identifier", "status", "type", "parent", "request", "collection", "einstellungBlutversorgung", "bodySite", "sct", "icd-o-3", "fastingStatus", "processing", "temperaturbedingungen", "procedure", "sct", "additive", "lagerprozess", "temperaturbedingungen", "container", "type", "capacity", "specimenQuantity", "additive", "note"], "translations": [{"language": "de-DE", "value": ["Festgestellte Diagnose", "Verwaltende Organisation", "Proben-ID", "Verfügbarkeitsstatus", "Probenart", "Ist gewonnen aus", "Entnahme-ID", "Probenentnahme", "Anatomische Lokalisation", "Nüchternstatus", "Probenverarbeitung", "Verarbeitungstyp", "Additive bei Verarbeitung", "Probenbehältnis", "Containertyp", "Containerkapazität", "Probenmenge", "Additiv", "Projektnutzung"]}, {"language": "en-US", "value": ["Diagnosed condition", "Managing organization", "Specimen ID", "Availability status", "Specimen type", "Derived from", "Collection ID", "Specimen sampling", "anatomical localisation", "Fasting status", "Specimen processing", "Processing procedure", "Processing additives", "Specimen container", "Container type", "Capacity", "Specimen quantity", "Additives", "Project usage"]}]}, "module": "modul-biobank", "url": "https://www.medizininformatik-initiative.de/fhir/ext/modul-biobank/StructureDefinition/Specimen", "leaf": true, "selectable": true}]}]}, {"id": "cab81598-bd47-4c7b-a07f-366648c1cd2b", "name": "modul-consent", "display": {"original": "Einwilligung", "translations": [{"language": "de-DE", "value": "Einwilligung"}, {"language": "en-US", "value": "Consent"}]}, "url": "modul-consent", "module": "modul-consent", "selectable": false, "leaf": false, "fields": {"original": [], "translations": [{"language": "de-DE", "value": []}, {"language": "en-US", "value": []}]}, "children": [{"id": "9500a7b9-537d-476d-93da-100d694541eb", "name": "MII_PR_Consent_Provenance", "display": {"original": "Profile - MI-I - Consent - Provenance", "translations": [{"language": "de-DE", "value": ""}, {"language": "en-US", "value": ""}]}, "fields": {"original": ["target", "recorded", "agent", "who", "entity", "what", "signature", "type", "who", "onBehalfOf"], "translations": [{"language": "de-DE", "value": []}, {"language": "en-US", "value": []}]}, "module": "modul-consent", "url": "https://www.medizininformatik-initiative.de/fhir/modul-consent/StructureDefinition/mii-pr-consent-provenance", "leaf": true, "selectable": true}, {"id": "f03fc194-5d5b-4729-9fee-2eacf6723139", "name": "MII_PR_Consent_Einwilligung", "display": {"original": "Profile - MI-I - Consent - Einwilligung", "translations": [{"language": "de-DE", "value": ""}, {"language": "en-US", "value": ""}]}, "fields": {"original": ["domainReference", "domain", "status", "scope", "category", "loinc", "coding", "mii", "coding", "patient", "identifier", "dateTime", "organization", "source", "policy", "policyRule", "xacml", "provision", "period", "provision", "period", "code", "coding"], "translations": [{"language": "de-DE", "value": []}, {"language": "en-US", "value": []}]}, "module": "modul-consent", "url": "https://www.medizininformatik-initiative.de/fhir/modul-consent/StructureDefinition/mii-pr-consent-einwilligung", "leaf": true, "selectable": true}, {"id": "1ad4fd14-17c0-4b77-bf56-8d8baf15ca9e", "name": "MII_PR_Consent_DocumentReference", "display": {"original": "Profile - MI-I - Consent - DocumentReference", "translations": [{"language": "de-DE", "value": ""}, {"language": "en-US", "value": ""}]}, "fields": {"original": ["status", "content", "attachment"], "translations": [{"language": "de-DE", "value": []}, {"language": "en-US", "value": []}]}, "module": "modul-consent", "url": "https://www.medizininformatik-initiative.de/fhir/modul-consent/StructureDefinition/mii-pr-consent-documentreference", "leaf": true, "selectable": true}]}], "selectable": false}