{"name": "Root", "module": "no-module", "url": "no-url", "children": [{"id": "140fca5f-50b4-4c3c-b5d2-0fbb64f47b6c", "name": "modul-diagnose", "display": {"original": "Diagnose", "translations": [{"language": "de-DE", "value": "Diagnose"}, {"language": "en-US", "value": "Diagnosis"}]}, "url": "modul-diagnose", "module": "modul-diagnose", "selectable": false, "leaf": false, "children": [{"id": "ca447c70-2274-4e97-81fd-1ac8f1ae8b29", "name": "MII_PR_Diagnose_Condition", "display": {"original": "MII PR Diagnose Condition", "translations": [{"language": "de-DE", "value": "Diagnose"}, {"language": "en-US", "value": "Diagnosis"}]}, "module": "modul-diagnose", "url": "https://www.medizininformatik-initiative.de/fhir/core/modul-diagnose/StructureDefinition/Diagnose", "leaf": true, "selectable": true}]}, {"id": "668971a3-a267-45b2-860f-8685b2f20977", "name": "modul-prozedur", "display": {"original": "Prozedur", "translations": [{"language": "de-DE", "value": "Prozedur"}, {"language": "en-US", "value": "Procedure"}]}, "url": "modul-prozedur", "module": "modul-prozedur", "selectable": false, "leaf": false, "children": [{"id": "04e7e4a4-463d-441f-ad49-82a10f4de2dd", "name": "MII_PR_Prozedur_Procedure", "display": {"original": "MII PR Prozedur Procedure", "translations": [{"language": "de-DE", "value": "Prozedur"}, {"language": "en-US", "value": "Procedure"}]}, "module": "modul-prozedur", "url": "https://www.medizininformatik-initiative.de/fhir/core/modul-prozedur/StructureDefinition/Procedure", "leaf": true, "selectable": true}]}, {"id": "42ac6e90-8f46-459a-a0f5-cdc484875774", "name": "modul-person", "display": {"original": "Person", "translations": [{"language": "de-DE", "value": "Person"}, {"language": "en-US", "value": "Person"}]}, "url": "modul-person", "module": "modul-person", "selectable": false, "leaf": false, "children": [{"id": "3fb814d7-f437-428c-90ed-6f7d29828e92", "name": "MII_PR_Person_Vitalstatus", "display": {"original": "MII PR Person Vitalstatus", "translations": [{"language": "de-DE", "value": "Vitalstatus"}, {"language": "en-US", "value": "Vital status"}]}, "module": "modul-person", "url": "https://www.medizininformatik-initiative.de/fhir/core/modul-person/StructureDefinition/Vitalstatus", "leaf": true, "selectable": true}, {"id": "5068a2dc-24ba-42b7-a296-002b673ef2d5", "name": "MII_PR_Person_PatientPseudonymisiert", "display": {"original": "MII PR Person Patient (Pseudonymisiert)", "translations": [{"language": "de-DE", "value": ""}, {"language": "en-US", "value": ""}]}, "module": "modul-person", "url": "https://www.medizininformatik-initiative.de/fhir/core/modul-person/StructureDefinition/PatientPseudonymisiert", "leaf": true, "selectable": true}, {"id": "d82fabe0-ae65-406e-81fe-ac4ddfac80b4", "name": "MII_PR_Person_Proband", "display": {"original": "MII PR Person Proband", "translations": [{"language": "de-DE", "value": ""}, {"language": "en-US", "value": ""}]}, "module": "modul-person", "url": "https://www.medizininformatik-initiative.de/fhir/core/modul-person/StructureDefinition/ResearchSubject", "leaf": true, "selectable": true}, {"id": "bf3a4b17-f5b8-4f8a-98ab-c8047e26c75d", "name": "MII_PR_Person_Patient", "display": {"original": "MII PR Person Patient", "translations": [{"language": "de-DE", "value": "Patient / Patientin"}, {"language": "en-US", "value": "Patient"}]}, "module": "modul-person", "url": "https://www.medizininformatik-initiative.de/fhir/core/modul-person/StructureDefinition/Patient", "leaf": true, "selectable": true}, {"id": "e0fffcc8-e494-40c9-913e-540449c0d428", "name": "MII_PR_Person_Todesursache", "display": {"original": "MII PR Person Todesursache", "translations": [{"language": "de-DE", "value": "Todesursache"}, {"language": "en-US", "value": "Cause of Death"}]}, "module": "modul-person", "url": "https://www.medizininformatik-initiative.de/fhir/core/modul-person/StructureDefinition/Todesursache", "leaf": true, "selectable": true}]}, {"id": "7d2dd003-024d-4909-9818-eda91a756a34", "name": "modul-labor", "display": {"original": "Labor", "translations": [{"language": "de-DE", "value": "Labor"}, {"language": "en-US", "value": "Laboratory"}]}, "url": "modul-labor", "module": "modul-labor", "selectable": false, "leaf": false, "children": [{"id": "7a89877f-28b1-4bff-8a28-39a954e1f1da", "name": "MII_PR_Labor_Laborbefund", "display": {"original": "MII PR Labor Laborbefund", "translations": [{"language": "de-DE", "value": "Laborbefund"}, {"language": "en-US", "value": "Laboratory report"}]}, "module": "modul-labor", "url": "https://www.medizininformatik-initiative.de/fhir/core/modul-labor/StructureDefinition/DiagnosticReportLab", "leaf": true, "selectable": true}, {"id": "af332606-4e9f-42f3-9b96-c2babdda4308", "name": "MII_PR_Labor_Laboranforderung", "display": {"original": "MII PR Labor Laboranforderung", "translations": [{"language": "de-DE", "value": "Laboranforderung"}, {"language": "en-US", "value": "Laboratory order"}]}, "module": "modul-labor", "url": "https://www.medizininformatik-initiative.de/fhir/core/modul-labor/StructureDefinition/ServiceRequestLab", "leaf": true, "selectable": true}, {"id": "a88f775e-403a-40e4-8eaf-5ed9cabc3913", "name": "MII_PR_Labor_Laboruntersuchung", "display": {"original": "MII PR Labor Laboruntersuchung", "translations": [{"language": "de-DE", "value": "Laboruntersuchung"}, {"language": "en-US", "value": "Laboratory test"}]}, "module": "modul-labor", "url": "https://www.medizininformatik-initiative.de/fhir/core/modul-labor/StructureDefinition/ObservationLab", "leaf": true, "selectable": true}]}, {"id": "8f531ed1-03de-4d32-bc40-295be54af5e1", "name": "modul-medikation", "display": {"original": "Medikation", "translations": [{"language": "de-DE", "value": "Medikation"}, {"language": "en-US", "value": "Medication"}]}, "url": "modul-medikation", "module": "modul-medikation", "selectable": false, "leaf": false, "children": [{"id": "43f383fd-c81e-40e2-840b-8efa2e7ab408", "name": "MII_PR_Medikation_MedicationStatement", "display": {"original": "MII PR Medikation MedicationStatement", "translations": [{"language": "de-DE", "value": "Medikationseintrag"}, {"language": "en-US", "value": "Medication statement"}]}, "module": "modul-medikation", "url": "https://www.medizininformatik-initiative.de/fhir/core/modul-medikation/StructureDefinition/MedicationStatement", "leaf": true, "selectable": true}, {"id": "36501d8e-4b85-4982-82db-d99e3ba5a845", "name": "MII_PR_Medikation_Medikationsliste", "display": {"original": "MII PR Medikation Medikationsliste", "translations": [{"language": "de-DE", "value": "Medikationsliste"}, {"language": "en-US", "value": "Medicationlist"}]}, "module": "modul-medikation", "url": "https://www.medizininformatik-initiative.de/fhir/core/modul-medikation/StructureDefinition/medikationsliste", "leaf": true, "selectable": true}, {"id": "237c3135-525a-4371-93a0-8178b5fa65d7", "name": "MII_PR_Medikation_MedicationRequest", "display": {"original": "MII PR Medikation MedicationRequest", "translations": [{"language": "de-DE", "value": "Medikationsverordnung"}, {"language": "en-US", "value": "Medication request"}]}, "module": "modul-medikation", "url": "https://www.medizininformatik-initiative.de/fhir/core/modul-medikation/StructureDefinition/MedicationRequest", "leaf": true, "selectable": true}, {"id": "f8a4565c-2b79-48e2-8c7b-acd74550e3ae", "name": "MII_PR_Medikation_Medication", "display": {"original": "MII PR Medikation Medication", "translations": [{"language": "de-DE", "value": ""}, {"language": "en-US", "value": "MII PR Medikation Medication"}]}, "module": "modul-medikation", "url": "https://www.medizininformatik-initiative.de/fhir/core/modul-medikation/StructureDefinition/Medication", "leaf": true, "selectable": true}, {"id": "60759d3c-ae52-4c23-923b-e5cd33669fbd", "name": "MII_PR_Medikation_MedicationAdministration", "display": {"original": "MII PR Medikation MedicationAdministration", "translations": [{"language": "de-DE", "value": "Medikationsverabreichung"}, {"language": "en-US", "value": "Medication administration"}]}, "module": "modul-medikation", "url": "https://www.medizininformatik-initiative.de/fhir/core/modul-medikation/StructureDefinition/MedicationAdministration", "leaf": true, "selectable": true}]}, {"id": "c9cb4ac7-04db-4171-894d-93891ce0299c", "name": "modul-fall", "display": {"original": "Fall", "translations": [{"language": "de-DE", "value": "Fall"}, {"language": "en-US", "value": "Case"}]}, "url": "modul-fall", "module": "modul-fall", "selectable": false, "leaf": false, "children": [{"id": "f782827e-958b-4f03-89dd-7449976e2b31", "name": "MII_PR_Fall_KontaktGesundheitseinrichtung", "display": {"original": "MII PR Fall Kontakt mit einer Gesundheitseinrichtung", "translations": [{"language": "de-DE", "value": "Fall - Kontakt mit einer Gesundheitseinrichtung"}, {"language": "en-US", "value": "Treatment case - Encounter with Health Care Facility"}]}, "module": "modul-fall", "url": "https://www.medizininformatik-initiative.de/fhir/core/modul-fall/StructureDefinition/KontaktGesundheitseinrichtung", "leaf": true, "selectable": true}]}, {"id": "8f6e2e6f-6e94-499b-abe1-ad8d6ffa0752", "name": "modul-biobank", "display": {"original": "Biobank", "translations": [{"language": "de-DE", "value": "Biobank"}, {"language": "en-US", "value": "Biobank"}]}, "url": "modul-biobank", "module": "modul-biobank", "selectable": false, "leaf": false, "children": [{"id": "17ebf2d9-0000-4f5a-8c57-0c770edf5344", "name": "ProfileSubstanceAdditiv", "display": {"original": "Profile - Substance - Additiv", "translations": [{"language": "de-DE", "value": ""}, {"language": "en-US", "value": ""}]}, "module": "modul-biobank", "url": "https://www.medizininformatik-initiative.de/fhir/ext/modul-biobank/StructureDefinition/Substance", "leaf": true, "selectable": true}, {"id": "fd0484e5-6fff-4d0a-99b2-f9ceace41a7a", "name": "ProfileOrganizationSammlungBiobank", "display": {"original": "Profile - Organization - Sammlung/Biobank", "translations": [{"language": "de-DE", "value": ""}, {"language": "en-US", "value": ""}]}, "module": "modul-biobank", "url": "https://www.medizininformatik-initiative.de/fhir/ext/modul-biobank/StructureDefinition/Organization", "leaf": true, "selectable": true}, {"id": "09a7268a-d1f9-4927-b148-62197571b5bd", "name": "ProfileSpecimenBioprobeCore", "display": {"original": "Profile - Specimen - Bioprobe - Core", "translations": [{"language": "de-DE", "value": ""}, {"language": "en-US", "value": ""}]}, "module": "modul-biobank", "url": "https://www.medizininformatik-initiative.de/fhir/ext/modul-biobank/StructureDefinition/SpecimenCore", "leaf": false, "selectable": false, "children": [{"id": "aea6d893-cd84-4b31-bf0b-69a9bfc8c0c5", "name": "ProfileSpecimenBioprobe", "display": {"original": "Profile - Specimen - Bioprobe", "translations": [{"language": "de-DE", "value": ""}, {"language": "en-US", "value": ""}]}, "module": "modul-biobank", "url": "https://www.medizininformatik-initiative.de/fhir/ext/modul-biobank/StructureDefinition/Specimen", "leaf": true, "selectable": true}]}]}, {"id": "324f969f-a8f7-4fcc-b403-d48e436f3d88", "name": "modul-consent", "display": {"original": "Einwilligung", "translations": [{"language": "de-DE", "value": "Einwilligung"}, {"language": "en-US", "value": "Consent"}]}, "url": "modul-consent", "module": "modul-consent", "selectable": false, "leaf": false, "children": [{"id": "fcb7ce52-3971-41b0-a35c-ebcd35f038e7", "name": "MII_PR_Consent_Provenance", "display": {"original": "Profile - MI-I - Consent - Provenance", "translations": [{"language": "de-DE", "value": ""}, {"language": "en-US", "value": ""}]}, "module": "modul-consent", "url": "https://www.medizininformatik-initiative.de/fhir/modul-consent/StructureDefinition/mii-pr-consent-provenance", "leaf": true, "selectable": true}, {"id": "25e3f034-3731-403c-bb5f-e6965ee92156", "name": "MII_PR_Consent_Einwilligung", "display": {"original": "Profile - MI-I - Consent - Einwilligung", "translations": [{"language": "de-DE", "value": ""}, {"language": "en-US", "value": ""}]}, "module": "modul-consent", "url": "https://www.medizininformatik-initiative.de/fhir/modul-consent/StructureDefinition/mii-pr-consent-einwilligung", "leaf": true, "selectable": true}, {"id": "240ad1df-d6be-4969-b775-2262ae313eb8", "name": "MII_PR_Consent_DocumentReference", "display": {"original": "Profile - MI-I - Consent - DocumentReference", "translations": [{"language": "de-DE", "value": ""}, {"language": "en-US", "value": ""}]}, "module": "modul-consent", "url": "https://www.medizininformatik-initiative.de/fhir/modul-consent/StructureDefinition/mii-pr-consent-documentreference", "leaf": true, "selectable": true}]}], "selectable": false}