{"name": "Root", "module": "no-module", "url": "no-url", "children": [{"id": "14669745-450d-4a08-824b-842547500355", "name": "modul-diagnose", "display": {"original": "Diagnose", "translations": [{"language": "de-DE", "value": "Diagnose"}, {"language": "en-US", "value": "Diagnosis"}]}, "url": "modul-diagnose", "module": "modul-diagnose", "selectable": false, "leaf": false, "children": [{"id": "630504ae-960e-47e5-bb9a-60485bacc762", "name": "MII_PR_Diagnose_Condition", "display": {"original": "MII PR Diagnose Condition", "translations": [{"language": "de-DE", "value": ""}, {"language": "en-US", "value": ""}]}, "module": "modul-diagnose", "url": "https://www.medizininformatik-initiative.de/fhir/core/modul-diagnose/StructureDefinition/Diagnose", "leaf": true, "selectable": true}]}, {"id": "9cf01695-dd65-4a3c-a0ac-25b4eb982d3b", "name": "modul-prozedur", "display": {"original": "Prozedur", "translations": [{"language": "de-DE", "value": "Prozedur"}, {"language": "en-US", "value": "Procedure"}]}, "url": "modul-prozedur", "module": "modul-prozedur", "selectable": false, "leaf": false, "children": [{"id": "a5f4f5ae-b154-46ca-bb23-786cd9db5929", "name": "MII_PR_Prozedur_Procedure", "display": {"original": "MII PR Prozedur Procedure", "translations": [{"language": "de-DE", "value": ""}, {"language": "en-US", "value": ""}]}, "module": "modul-prozedur", "url": "https://www.medizininformatik-initiative.de/fhir/core/modul-prozedur/StructureDefinition/Procedure", "leaf": true, "selectable": true}]}, {"id": "7f60b3bb-bb0d-46bb-9a7e-d1f22c1d6fbb", "name": "modul-person", "display": {"original": "Person", "translations": [{"language": "de-DE", "value": "Person"}, {"language": "en-US", "value": "Person"}]}, "url": "modul-person", "module": "modul-person", "selectable": false, "leaf": false, "children": [{"id": "468515ca-095a-464d-ad8f-cc899d2648a6", "name": "MII_PR_Person_Vitalstatus", "display": {"original": "MII PR Person Vitalstatus", "translations": [{"language": "de-DE", "value": ""}, {"language": "en-US", "value": ""}]}, "module": "modul-person", "url": "https://www.medizininformatik-initiative.de/fhir/core/modul-person/StructureDefinition/Vitalstatus", "leaf": true, "selectable": true}, {"id": "d3e51b1b-67c9-4acb-8510-1ffbe1dbb1f6", "name": "MII_PR_Person_PatientPseudonymisiert", "display": {"original": "MII PR Person Patient (Pseudonymisiert)", "translations": [{"language": "de-DE", "value": ""}, {"language": "en-US", "value": ""}]}, "module": "modul-person", "url": "https://www.medizininformatik-initiative.de/fhir/core/modul-person/StructureDefinition/PatientPseudonymisiert", "leaf": true, "selectable": true}, {"id": "6523d2a7-e586-49da-8d63-fcf88b98b53b", "name": "MII_PR_Person_Proband", "display": {"original": "MII PR Person Proband", "translations": [{"language": "de-DE", "value": ""}, {"language": "en-US", "value": ""}]}, "module": "modul-person", "url": "https://www.medizininformatik-initiative.de/fhir/core/modul-person/StructureDefinition/ResearchSubject", "leaf": true, "selectable": true}, {"id": "66c3887c-1e3f-44b3-8c0f-7dfe41708008", "name": "MII_PR_Person_Patient", "display": {"original": "MII PR Person Patient", "translations": [{"language": "de-DE", "value": ""}, {"language": "en-US", "value": ""}]}, "module": "modul-person", "url": "https://www.medizininformatik-initiative.de/fhir/core/modul-person/StructureDefinition/Patient", "leaf": true, "selectable": true}, {"id": "b3797299-001e-45c7-aa82-b0dd9b0ccd84", "name": "MII_PR_Person_Todesursache", "display": {"original": "MII PR Person Todesursache", "translations": [{"language": "de-DE", "value": ""}, {"language": "en-US", "value": ""}]}, "module": "modul-person", "url": "https://www.medizininformatik-initiative.de/fhir/core/modul-person/StructureDefinition/Todesursache", "leaf": true, "selectable": true}]}, {"id": "6167139f-a405-497a-a032-eddeb763d280", "name": "modul-labor", "display": {"original": "Labor", "translations": [{"language": "de-DE", "value": "Labor"}, {"language": "en-US", "value": "Laboratory"}]}, "url": "modul-labor", "module": "modul-labor", "selectable": false, "leaf": false, "children": [{"id": "bb626e3b-3fcc-46e4-b390-bfa1b6e34b1d", "name": "ProfileObservationLaboruntersuchung", "display": {"original": "Profile - Observation - Laboruntersuchung", "translations": [{"language": "de-DE", "value": ""}, {"language": "en-US", "value": ""}]}, "module": "modul-labor", "url": "https://www.medizininformatik-initiative.de/fhir/core/modul-labor/StructureDefinition/ObservationLab", "leaf": true, "selectable": true}, {"id": "b002eb01-5b14-4f07-b055-1d95cbff4413", "name": "ProfileServiceRequestLaboranforderung", "display": {"original": "Profile - ServiceRequest - Laboranforderung", "translations": [{"language": "de-DE", "value": ""}, {"language": "en-US", "value": ""}]}, "module": "modul-labor", "url": "https://www.medizininformatik-initiative.de/fhir/core/modul-labor/StructureDefinition/ServiceRequestLab", "leaf": true, "selectable": true}, {"id": "73e0379d-1b23-406e-9c95-1fc95f827c94", "name": "ProfileDiagnosticReportLaborbefund", "display": {"original": "Profile - DiagnosticReport - Laborbefund", "translations": [{"language": "de-DE", "value": ""}, {"language": "en-US", "value": ""}]}, "module": "modul-labor", "url": "https://www.medizininformatik-initiative.de/fhir/core/modul-labor/StructureDefinition/DiagnosticReportLab", "leaf": true, "selectable": true}]}, {"id": "e5dbef02-a690-4f5a-b1b9-081302aff04d", "name": "modul-medikation", "display": {"original": "Medikation", "translations": [{"language": "de-DE", "value": "Medikation"}, {"language": "en-US", "value": "Medication"}]}, "url": "modul-medikation", "module": "modul-medikation", "selectable": false, "leaf": false, "children": [{"id": "5486577b-430b-4a42-a3c8-28c6d6eaf4e8", "name": "MII_PR_Medikation_MedicationStatement", "display": {"original": "MII PR Medikation MedicationStatement", "translations": [{"language": "de-DE", "value": ""}, {"language": "en-US", "value": "MII PR Medikation MedicationStatement"}]}, "module": "modul-medikation", "url": "https://www.medizininformatik-initiative.de/fhir/core/modul-medikation/StructureDefinition/MedicationStatement", "leaf": true, "selectable": true}, {"id": "491759f1-8afc-4a35-9a35-34642211f02a", "name": "MII_PR_Medikation_Medikationsliste", "display": {"original": "MII PR Medikation Medikationsliste", "translations": [{"language": "de-DE", "value": ""}, {"language": "en-US", "value": "MII PR Medikation Medicationlist"}]}, "module": "modul-medikation", "url": "https://www.medizininformatik-initiative.de/fhir/core/modul-medikation/StructureDefinition/medikationsliste", "leaf": true, "selectable": true}, {"id": "9d1fe081-3964-4951-b743-716d1b60d779", "name": "MII_PR_Medikation_MedicationRequest", "display": {"original": "MII PR Medikation MedicationRequest", "translations": [{"language": "de-DE", "value": ""}, {"language": "en-US", "value": "MII PR Medikation MedicationRequest"}]}, "module": "modul-medikation", "url": "https://www.medizininformatik-initiative.de/fhir/core/modul-medikation/StructureDefinition/MedicationRequest", "leaf": true, "selectable": true}, {"id": "1026f31f-78ec-4e20-9b40-c5b02b857bc3", "name": "MII_PR_Medikation_Medication", "display": {"original": "MII PR Medikation Medication", "translations": [{"language": "de-DE", "value": ""}, {"language": "en-US", "value": "MII PR Medikation Medication"}]}, "module": "modul-medikation", "url": "https://www.medizininformatik-initiative.de/fhir/core/modul-medikation/StructureDefinition/Medication", "leaf": true, "selectable": true}, {"id": "d8affe77-892f-45b5-8747-b5ca5400d1be", "name": "MII_PR_Medikation_MedicationAdministration", "display": {"original": "MII PR Medikation MedicationAdministration", "translations": [{"language": "de-DE", "value": ""}, {"language": "en-US", "value": "MII PR Medikation MedicationAdministration"}]}, "module": "modul-medikation", "url": "https://www.medizininformatik-initiative.de/fhir/core/modul-medikation/StructureDefinition/MedicationAdministration", "leaf": true, "selectable": true}]}, {"id": "003f160a-4c3f-431d-bfcd-aab3b3d03c81", "name": "modul-fall", "display": {"original": "Fall", "translations": [{"language": "de-DE", "value": "Fall"}, {"language": "en-US", "value": "Case"}]}, "url": "modul-fall", "module": "modul-fall", "selectable": false, "leaf": false, "children": [{"id": "6dfe6d15-9131-49db-a3dc-9dc3dab74a5a", "name": "MII_PR_Fall_KontaktGesundheitseinrichtung", "display": {"original": "MII PR Fall Kontakt mit einer Gesundheitseinrichtung", "translations": [{"language": "de-DE", "value": "Fall - Kontakt mit einer Gesundheitseinrichtung"}, {"language": "en-US", "value": "Treatment case - Encounter with Health Care Facility"}]}, "module": "modul-fall", "url": "https://www.medizininformatik-initiative.de/fhir/core/modul-fall/StructureDefinition/KontaktGesundheitseinrichtung", "leaf": true, "selectable": true}]}, {"id": "3762edae-5677-4ea6-bcd4-a8e9a7e960ec", "name": "modul-biobank", "display": {"original": "Biobank", "translations": [{"language": "de-DE", "value": "Biobank"}, {"language": "en-US", "value": "Biobank"}]}, "url": "modul-biobank", "module": "modul-biobank", "selectable": false, "leaf": false, "children": [{"id": "39428128-1d34-47b4-9418-c658700194f3", "name": "ProfileSubstanceAdditiv", "display": {"original": "Profile - Substance - Additiv", "translations": [{"language": "de-DE", "value": ""}, {"language": "en-US", "value": ""}]}, "module": "modul-biobank", "url": "https://www.medizininformatik-initiative.de/fhir/ext/modul-biobank/StructureDefinition/Substance", "leaf": true, "selectable": true}, {"id": "edcafcf4-3076-49a1-8bd0-b772258d38ff", "name": "ProfileOrganizationSammlungBiobank", "display": {"original": "Profile - Organization - Sammlung/Biobank", "translations": [{"language": "de-DE", "value": ""}, {"language": "en-US", "value": ""}]}, "module": "modul-biobank", "url": "https://www.medizininformatik-initiative.de/fhir/ext/modul-biobank/StructureDefinition/Organization", "leaf": true, "selectable": true}, {"id": "acfdb6af-965d-40b0-b4af-42ac0d0db1d9", "name": "ProfileSpecimenBioprobeCore", "display": {"original": "Profile - Specimen - Bioprobe - Core", "translations": [{"language": "de-DE", "value": ""}, {"language": "en-US", "value": ""}]}, "module": "modul-biobank", "url": "https://www.medizininformatik-initiative.de/fhir/ext/modul-biobank/StructureDefinition/SpecimenCore", "leaf": false, "selectable": false, "children": [{"id": "5ff4877c-60ed-4cb6-9135-4a253e217f29", "name": "ProfileSpecimenBioprobe", "display": {"original": "Profile - Specimen - Bioprobe", "translations": [{"language": "de-DE", "value": ""}, {"language": "en-US", "value": ""}]}, "module": "modul-biobank", "url": "https://www.medizininformatik-initiative.de/fhir/ext/modul-biobank/StructureDefinition/Specimen", "leaf": true, "selectable": true}]}]}, {"id": "04edd85c-500c-4687-b256-287b83d0cbe8", "name": "modul-consent", "display": {"original": "Einwilligung", "translations": [{"language": "de-DE", "value": "Einwilligung"}, {"language": "en-US", "value": "Consent"}]}, "url": "modul-consent", "module": "modul-consent", "selectable": false, "leaf": false, "children": [{"id": "53c8932f-9672-4449-9e8e-707ee12ee4c5", "name": "MII_PR_Consent_Provenance", "display": {"original": "Profile - MI-I - Consent - Provenance", "translations": [{"language": "de-DE", "value": ""}, {"language": "en-US", "value": ""}]}, "module": "modul-consent", "url": "https://www.medizininformatik-initiative.de/fhir/modul-consent/StructureDefinition/mii-pr-consent-provenance", "leaf": true, "selectable": true}, {"id": "0e6f39b2-cbee-41ff-9871-853c4f409108", "name": "MII_PR_Consent_Einwilligung", "display": {"original": "Profile - MI-I - Consent - Einwilligung", "translations": [{"language": "de-DE", "value": ""}, {"language": "en-US", "value": ""}]}, "module": "modul-consent", "url": "https://www.medizininformatik-initiative.de/fhir/modul-consent/StructureDefinition/mii-pr-consent-einwilligung", "leaf": true, "selectable": true}, {"id": "1517df2f-fb02-4f62-8a85-7c6f2332a257", "name": "MII_PR_Consent_DocumentReference", "display": {"original": "Profile - MI-I - Consent - DocumentReference", "translations": [{"language": "de-DE", "value": ""}, {"language": "en-US", "value": ""}]}, "module": "modul-consent", "url": "https://www.medizininformatik-initiative.de/fhir/modul-consent/StructureDefinition/mii-pr-consent-documentreference", "leaf": true, "selectable": true}]}, {"id": "73cf3c58-003b-4b1a-9ca6-5f7472773cdf", "name": "modul-icu", "display": {"original": "modul-icu", "translations": [{"language": "de-DE", "value": "modul-icu"}, {"language": "en-US", "value": "modul-icu"}]}, "url": "modul-icu", "module": "modul-icu", "selectable": false, "leaf": false, "children": [{"id": "da7e8e12-9ad4-45c7-9238-05d5f7de979b", "name": "SD_MII_ICU_Devicemetric_Eingestellte_Gemessene_Parameter_Beatmung", "display": {"original": "SD MII ICU DeviceMetric Eingestellte Gemessene Parameter Beatmung", "translations": [{"language": "de-DE", "value": ""}, {"language": "en-US", "value": ""}]}, "module": "modul-icu", "url": "https://www.medizininformatik-initiative.de/fhir/ext/modul-icu/StructureDefinition/devicemetric-eingestellte-gemessene-parameter-beatmung", "leaf": true, "selectable": true}, {"id": "61c6eafe-8ed0-42fc-aef9-ec9fd0ad273d", "name": "SD_MII_ICU_Monitoring_Und_Vitaldaten", "display": {"original": "SD MII ICU Monitoring und Vitaldaten", "translations": [{"language": "de-DE", "value": ""}, {"language": "en-US", "value": ""}]}, "module": "modul-icu", "url": "https://www.medizininformatik-initiative.de/fhir/ext/modul-icu/StructureDefinition/monitoring-und-vitaldaten", "leaf": false, "selectable": false, "children": [{"id": "85d924c5-ae7f-4de3-9291-d47348bae679", "name": "SD_MII_ICU_Linksventrikulaeres_Herzzeitvolumen_Durch_Indikatorverduennung", "display": {"original": "SD MII ICU Linksventrikulaeres Herzzeitvolumen Durch Indikatorverduennung", "translations": [{"language": "de-DE", "value": ""}, {"language": "en-US", "value": ""}]}, "module": "modul-icu", "url": "https://www.medizininformatik-initiative.de/fhir/ext/modul-icu/StructureDefinition/linksventrikulaeres-herzzeitvolumen-durch-indikatorverduennung", "leaf": true, "selectable": true}, {"id": "a5e9a2ab-74f1-400e-9717-50c559c710e7", "name": "SD_MII_ICU_Sauerstoffsaettigung_Im_Blut_Preduktal_Durch_Pulsoxymetrie", "display": {"original": "SD MII ICU Sauerstoffsaettigung Im Blut Preduktal Durch Pulsoxymetrie", "translations": [{"language": "de-DE", "value": ""}, {"language": "en-US", "value": ""}]}, "module": "modul-icu", "url": "https://www.medizininformatik-initiative.de/fhir/ext/modul-icu/StructureDefinition/sauerstoffsaettigung-im-blut-preduktal-durch-pulsoxymetrie", "leaf": true, "selectable": true}, {"id": "b60d9546-c729-475a-bbe0-37a3d5070a5c", "name": "SD_MII_ICU_Koerpertemperatur_Generisch", "display": {"original": "SD MII ICU Koerpertemperatur Generisch", "translations": [{"language": "de-DE", "value": ""}, {"language": "en-US", "value": ""}]}, "module": "modul-icu", "url": "https://www.medizininformatik-initiative.de/fhir/ext/modul-icu/StructureDefinition/koerpertemperatur-generisch", "leaf": false, "selectable": false, "children": [{"id": "c09a9e5a-7f9d-4d2f-a247-40be1ca05c98", "name": "SD_MII_ICU_Koerpertemperatur_Brust", "display": {"original": "SD MII ICU Koerpertemperatur Brust", "translations": [{"language": "de-DE", "value": ""}, {"language": "en-US", "value": ""}]}, "module": "modul-icu", "url": "https://www.medizininformatik-initiative.de/fhir/ext/modul-icu/StructureDefinition/koerpertemperatur-brust", "leaf": true, "selectable": true}, {"id": "9d4c3203-c4fa-44af-bbfb-5b88fc63ced5", "name": "SD_MII_ICU_Koerpertemperatur_Nasal", "display": {"original": "SD MII ICU Koerpertemperatur nasal", "translations": [{"language": "de-DE", "value": ""}, {"language": "en-US", "value": ""}]}, "module": "modul-icu", "url": "https://www.medizininformatik-initiative.de/fhir/ext/modul-icu/StructureDefinition/koerpertemperatur-nasal", "leaf": true, "selectable": true}, {"id": "691369c2-df79-4e61-9aa3-3478431bcf74", "name": "SD_MII_ICU_Koerpertemperatur_Rektal", "display": {"original": "SD MII ICU Koerpertemperatur rektal", "translations": [{"language": "de-DE", "value": ""}, {"language": "en-US", "value": ""}]}, "module": "modul-icu", "url": "https://www.medizininformatik-initiative.de/fhir/ext/modul-icu/StructureDefinition/koerpertemperatur-rektal", "leaf": true, "selectable": true}, {"id": "758ab74c-9c53-4a56-8d36-726549abb932", "name": "SD_MII_ICU_Koerpertemperatur_Vaginal", "display": {"original": "SD MII ICU Koerpertemperatur vaginal", "translations": [{"language": "de-DE", "value": ""}, {"language": "en-US", "value": ""}]}, "module": "modul-icu", "url": "https://www.medizininformatik-initiative.de/fhir/ext/modul-icu/StructureDefinition/koerpertemperatur-vaginal", "leaf": true, "selectable": true}, {"id": "f4b4293f-94fc-41d8-ba5b-85907bc42dc2", "name": "SD_MII_ICU_Koerpertemperatur_Lendenwirbelsaeule", "display": {"original": "SD MII ICU Koerpertemperatur Lendenwirbelsaeule", "translations": [{"language": "de-DE", "value": ""}, {"language": "en-US", "value": ""}]}, "module": "modul-icu", "url": "https://www.medizininformatik-initiative.de/fhir/ext/modul-icu/StructureDefinition/koerpertemperatur-lendenwirbelsaeule", "leaf": true, "selectable": true}, {"id": "fb8e4e02-a7c0-41cf-b800-aa8e78f489bc", "name": "SD_MII_ICU_Koerpertemperatur_Trommelfell", "display": {"original": "SD MII ICU Koerpertemperatur Trommelfell", "translations": [{"language": "de-DE", "value": ""}, {"language": "en-US", "value": ""}]}, "module": "modul-icu", "url": "https://www.medizininformatik-initiative.de/fhir/ext/modul-icu/StructureDefinition/koerpertemperatur-trommelfell", "leaf": true, "selectable": true}, {"id": "f4e7f262-e7a2-4268-b57c-c773f1c4de07", "name": "SD_MII_ICU_Koerpertemperatur_Unter_Der_Zunge", "display": {"original": "SD MII ICU Koerpertemperatur unter der Zunge", "translations": [{"language": "de-DE", "value": ""}, {"language": "en-US", "value": ""}]}, "module": "modul-icu", "url": "https://www.medizininformatik-initiative.de/fhir/ext/modul-icu/StructureDefinition/koerpertemperatur-unter-der-zunge", "leaf": true, "selectable": true}, {"id": "69d91a76-0d90-4043-a564-03e3f20e33bc", "name": "SD_MII_ICU_Koerpertemperatur_Leiste", "display": {"original": "SD MII ICU Koerpertemperatur Leiste", "translations": [{"language": "de-DE", "value": ""}, {"language": "en-US", "value": ""}]}, "module": "modul-icu", "url": "https://www.medizininformatik-initiative.de/fhir/ext/modul-icu/StructureDefinition/koerpertemperatur-leiste", "leaf": true, "selectable": true}, {"id": "c929b8a9-eeda-43cc-a015-0553ba3f894b", "name": "SD_MII_ICU_Koerpertemperatur_Nasen_Rachen_Raum", "display": {"original": "SD MII ICU Koerpertemperatur Nasen-Rachen-Raum", "translations": [{"language": "de-DE", "value": ""}, {"language": "en-US", "value": ""}]}, "module": "modul-icu", "url": "https://www.medizininformatik-initiative.de/fhir/ext/modul-icu/StructureDefinition/koerpertemperatur-nasen-rachen-raum", "leaf": true, "selectable": true}, {"id": "35275463-b026-45cd-9708-6b303880203d", "name": "SD_MII_ICU_Koerpertemperatur_Speiseroehre", "display": {"original": "SD MII ICU Koerpertemperatur Speiseroehre", "translations": [{"language": "de-DE", "value": ""}, {"language": "en-US", "value": ""}]}, "module": "modul-icu", "url": "https://www.medizininformatik-initiative.de/fhir/ext/modul-icu/StructureDefinition/koerpertemperatur-speiseroehre", "leaf": true, "selectable": true}, {"id": "5a1635ca-1d09-4a7d-a876-0c9b3411c038", "name": "SD_MII_ICU_Koerpertemperatur_Stirn", "display": {"original": "SD MII ICU Koerpertemperatur Stirn", "translations": [{"language": "de-DE", "value": ""}, {"language": "en-US", "value": ""}]}, "module": "modul-icu", "url": "https://www.medizininformatik-initiative.de/fhir/ext/modul-icu/StructureDefinition/koerpertemperatur-stirn", "leaf": true, "selectable": true}, {"id": "3a109e49-27e7-4e11-920f-6b2ba58934cc", "name": "SD_MII_ICU_Koerpertemperatur_Achsel", "display": {"original": "SD MII ICU Koerpertemperatur Achsel", "translations": [{"language": "de-DE", "value": ""}, {"language": "en-US", "value": ""}]}, "module": "modul-icu", "url": "https://www.medizininformatik-initiative.de/fhir/ext/modul-icu/StructureDefinition/koerpertemperatur-achsel", "leaf": true, "selectable": true}, {"id": "afe8e2c5-5e72-49ab-a1b3-9a733d03d266", "name": "SD_MII_ICU_Koerpertemperatur_Halswirbelsaeule", "display": {"original": "SD MII ICU Koerpertemperatur Halswirbelsaeule", "translations": [{"language": "de-DE", "value": ""}, {"language": "en-US", "value": ""}]}, "module": "modul-icu", "url": "https://www.medizininformatik-initiative.de/fhir/ext/modul-icu/StructureDefinition/koerpertemperatur-halswirbelsaeule", "leaf": true, "selectable": true}, {"id": "dd03069c-0690-4c98-8e92-769e474172ad", "name": "SD_MII_ICU_Koerpertemperatur_Kern", "display": {"original": "SD MII ICU Koerpertemperatur Kern", "translations": [{"language": "de-DE", "value": ""}, {"language": "en-US", "value": ""}]}, "module": "modul-icu", "url": "https://www.medizininformatik-initiative.de/fhir/ext/modul-icu/StructureDefinition/koerpertemperatur-kern", "leaf": true, "selectable": true}, {"id": "0ce71a32-54a4-4886-b8d8-4d26a0e78cb4", "name": "SD_MII_ICU_Koerpertemperatur_Atemwege", "display": {"original": "SD MII ICU Koerpertemperatur Atemwege", "translations": [{"language": "de-DE", "value": ""}, {"language": "en-US", "value": ""}]}, "module": "modul-icu", "url": "https://www.medizininformatik-initiative.de/fhir/ext/modul-icu/StructureDefinition/koerpertemperatur-atemwege", "leaf": true, "selectable": true}, {"id": "30f03d35-0fc4-45ec-8358-c313f117d252", "name": "SD_MII_ICU_Koerpertemperatur_Blut", "display": {"original": "SD MII ICU Koerpertemperatur Blut", "translations": [{"language": "de-DE", "value": ""}, {"language": "en-US", "value": ""}]}, "module": "modul-icu", "url": "https://www.medizininformatik-initiative.de/fhir/ext/modul-icu/StructureDefinition/koerpertemperatur-blut", "leaf": true, "selectable": true}, {"id": "0d3dfeb0-520e-458e-8e03-74827c906b58", "name": "SD_MII_ICU_Koerpertemperatur_Brustwirbelsaeule", "display": {"original": "SD MII ICU Koerpertemperatur Brustwirbelsaeule", "translations": [{"language": "de-DE", "value": ""}, {"language": "en-US", "value": ""}]}, "module": "modul-icu", "url": "https://www.medizininformatik-initiative.de/fhir/ext/modul-icu/StructureDefinition/koerpertemperatur-brustwirbelsaeule", "leaf": true, "selectable": true}, {"id": "67790bea-abac-4eab-95c4-0b9cc00be6da", "name": "SD_MII_ICU_Koerpertemperatur_Harnblase", "display": {"original": "SD MII ICU Koerpertemperatur Harnblase", "translations": [{"language": "de-DE", "value": ""}, {"language": "en-US", "value": ""}]}, "module": "modul-icu", "url": "https://www.medizininformatik-initiative.de/fhir/ext/modul-icu/StructureDefinition/koerpertemperatur-harnblase", "leaf": true, "selectable": true}]}, {"id": "fb703079-5c7b-4a04-b052-06d928350cf5", "name": "SD_MII_ICU_Linksventrikulaeres_Schlagvolumenindex", "display": {"original": "SD MII ICU Linksventrikulaeres Schlagvolumenindex", "translations": [{"language": "de-DE", "value": ""}, {"language": "en-US", "value": ""}]}, "module": "modul-icu", "url": "https://www.medizininformatik-initiative.de/fhir/ext/modul-icu/StructureDefinition/linksventrikulaeres-schlagvolumenindex", "leaf": true, "selectable": true}, {"id": "c69b24d9-69af-4fac-9f66-e7245ec02ea3", "name": "SD_MII_ICU_Linksventrikulaerer_Herzindex", "display": {"original": "SD MII ICU Linksventrikulaerer Herzindex", "translations": [{"language": "de-DE", "value": ""}, {"language": "en-US", "value": ""}]}, "module": "modul-icu", "url": "https://www.medizininformatik-initiative.de/fhir/ext/modul-icu/StructureDefinition/linksventrikulaerer-herzindex", "leaf": true, "selectable": true}, {"id": "de69d0f6-8f83-4a30-90e5-88d1c66cf5af", "name": "SD_MII_ICU_Pulmonalarterieller_Wedge_Druck", "display": {"original": "SD MII ICU Pulmonalarterieller Wedge Druck", "translations": [{"language": "de-DE", "value": ""}, {"language": "en-US", "value": ""}]}, "module": "modul-icu", "url": "https://www.medizininformatik-initiative.de/fhir/ext/modul-icu/StructureDefinition/pulmonalarterieller-wedge-druck", "leaf": true, "selectable": true}, {"id": "87b59642-5f22-4ca8-a1c8-7cc0a8d8a023", "name": "SD_MII_ICU_Sauerstoffsaettigung_Im_Arteriellen_Blut_Durch_Pulsoxymetrie", "display": {"original": "SD MII ICU Sauerstoffsaettigung Im Arteriellen Blut Durch Pulsoxymetrie", "translations": [{"language": "de-DE", "value": ""}, {"language": "en-US", "value": ""}]}, "module": "modul-icu", "url": "https://www.medizininformatik-initiative.de/fhir/ext/modul-icu/StructureDefinition/sauerstoffsaettigung-im-arteriellen-blut-durch-pulsoxymetrie", "leaf": true, "selectable": true}, {"id": "883a79ef-6b99-4336-9132-3290bd305cba", "name": "SD_MII_ICU_Sauerstoffsaettigung_Im_Blut_Postduktal_Durch_Pulsoxymetrie", "display": {"original": "SD MII ICU Sauerstoffsaettigung Im Blut Postduktal Durch Pulsoxymetrie", "translations": [{"language": "de-DE", "value": ""}, {"language": "en-US", "value": ""}]}, "module": "modul-icu", "url": "https://www.medizininformatik-initiative.de/fhir/ext/modul-icu/StructureDefinition/sauerstoffsaettigung-im-blut-postduktal-durch-pulsoxymetrie", "leaf": true, "selectable": true}, {"id": "8cf5b012-59fc-4469-9464-6d7d1755d87e", "name": "SD_MII_ICU_Linksventrikulaerer_Herzindex_Durch_Indikatorverduennung", "display": {"original": "SD MII ICU Linksventrikulaerer Herzindex durch Indikatorverduennung", "translations": [{"language": "de-DE", "value": ""}, {"language": "en-US", "value": ""}]}, "module": "modul-icu", "url": "https://www.medizininformatik-initiative.de/fhir/ext/modul-icu/StructureDefinition/linksventrikulaerer-herzindex-durch-indikatorverduennung", "leaf": true, "selectable": true}, {"id": "8ddba8c1-6583-4d16-b103-e0104e83484a", "name": "SD_MII_ICU_Linksventrikulaerer_Schlagvolumenindex_Durch_Indikatorverduennung", "display": {"original": "SD MII ICU Linksventrikulaerer Schlagvolumenindex Durch Indikatorverduennung", "translations": [{"language": "de-DE", "value": ""}, {"language": "en-US", "value": ""}]}, "module": "modul-icu", "url": "https://www.medizininformatik-initiative.de/fhir/ext/modul-icu/StructureDefinition/linksventrikulaerer-schlagvolumenindex-durch-indikatorverduennung", "leaf": true, "selectable": true}, {"id": "e75c7227-6553-4085-835a-d4b90d8e30b7", "name": "SD_MII_ICU_Herzfrequenz", "display": {"original": "SD MII ICU Herzfrequenz", "translations": [{"language": "de-DE", "value": ""}, {"language": "en-US", "value": ""}]}, "module": "modul-icu", "url": "https://www.medizininformatik-initiative.de/fhir/ext/modul-icu/StructureDefinition/herzfrequenz", "leaf": true, "selectable": true}, {"id": "da7af5ac-d17c-4624-b24c-8c1e49ac4af7", "name": "SD_MII_ICU_Systemischer_Vaskulaerer_Widerstandsindex", "display": {"original": "SD MII ICU Systemischer Vaskulaerer Widerstandsindex", "translations": [{"language": "de-DE", "value": ""}, {"language": "en-US", "value": ""}]}, "module": "modul-icu", "url": "https://www.medizininformatik-initiative.de/fhir/ext/modul-icu/StructureDefinition/systemischer-vaskulaerer-widerstandsindex", "leaf": true, "selectable": true}, {"id": "7ec8be09-76e7-4d47-8f47-5742beaf73d1", "name": "SD_MII_ICU_Puls", "display": {"original": "SD MII ICU Puls", "translations": [{"language": "de-DE", "value": ""}, {"language": "en-US", "value": ""}]}, "module": "modul-icu", "url": "https://www.medizininformatik-initiative.de/fhir/ext/modul-icu/StructureDefinition/puls", "leaf": true, "selectable": true}, {"id": "610c3727-49b7-4e7d-9b10-34d44adfb1e7", "name": "SD_MII_ICU_Linksventrikulaeres_Schlagvolumen_Durch_Indikatorverduennung", "display": {"original": "SD MII ICU Linksventrikulaeres Schlagvolumen Durch Indikatorverduennung", "translations": [{"language": "de-DE", "value": ""}, {"language": "en-US", "value": ""}]}, "module": "modul-icu", "url": "https://www.medizininformatik-initiative.de/fhir/ext/modul-icu/StructureDefinition/linksventrikulaeres-schlagvolumen-durch-indikatorverduennung", "leaf": true, "selectable": true}, {"id": "3dbafae0-c5b2-4d50-9b01-6a4523e1b44a", "name": "SD_MII_ICU_Herzzeitvolumen", "display": {"original": "SD MII ICU Herzzeitvolumen", "translations": [{"language": "de-DE", "value": ""}, {"language": "en-US", "value": ""}]}, "module": "modul-icu", "url": "https://www.medizininformatik-initiative.de/fhir/ext/modul-icu/StructureDefinition/herzzeitvolumen", "leaf": true, "selectable": true}, {"id": "c17973d8-0452-41fa-b1ff-a485129ce72f", "name": "SD_MII_ICU_Intrakranieller_Druck_Icp", "display": {"original": "SD MII ICU Intrakranieller Druck ICP", "translations": [{"language": "de-DE", "value": ""}, {"language": "en-US", "value": ""}]}, "module": "modul-icu", "url": "https://www.medizininformatik-initiative.de/fhir/ext/modul-icu/StructureDefinition/intrakranieller-druck-icp", "leaf": true, "selectable": true}, {"id": "ab6170fc-15a3-4cba-8f90-619804401f01", "name": "SD_MII_ICU_Koerpergewicht_Percentil_Altersabhaengig", "display": {"original": "SD MII ICU Koerpergewicht Percentil Altersabhaengig", "translations": [{"language": "de-DE", "value": ""}, {"language": "en-US", "value": ""}]}, "module": "modul-icu", "url": "https://www.medizininformatik-initiative.de/fhir/ext/modul-icu/StructureDefinition/koerpergewicht-percentil-altersabhaengig", "leaf": true, "selectable": true}, {"id": "46a21b9d-2d0d-484d-ba8b-05f62d26d6c8", "name": "SD_MII_ICU_Zentralvenoeser_Blutdruck", "display": {"original": "SD MII ICU Zentralvenoeser Blutdruck", "translations": [{"language": "de-DE", "value": ""}, {"language": "en-US", "value": ""}]}, "module": "modul-icu", "url": "https://www.medizininformatik-initiative.de/fhir/ext/modul-icu/StructureDefinition/zentralvenoeser-blutdruck", "leaf": true, "selectable": true}, {"id": "966f1b69-c54f-4f01-ab68-111c53646b64", "name": "SD_MII_ICU_Ideales_Koerpergewicht", "display": {"original": "SD MII ICU Ideales Koerpergewicht", "translations": [{"language": "de-DE", "value": ""}, {"language": "en-US", "value": ""}]}, "module": "modul-icu", "url": "https://www.medizininformatik-initiative.de/fhir/ext/modul-icu/StructureDefinition/ideales-koerpergewicht", "leaf": true, "selectable": true}, {"id": "7dbabf5f-1f39-4367-8faf-0316a4132ff9", "name": "SD_MII_ICU_Koerpergroesse_Percentil", "display": {"original": "SD MII ICU Koerpergroesse Percentil", "translations": [{"language": "de-DE", "value": ""}, {"language": "en-US", "value": ""}]}, "module": "modul-icu", "url": "https://www.medizininformatik-initiative.de/fhir/ext/modul-icu/StructureDefinition/koerpergroesse-percentil", "leaf": true, "selectable": true}, {"id": "eaf22d52-959a-43e7-8fb0-f42a78069d49", "name": "SD_MII_ICU_Pulmonalvaskulaerer_Widerstandsindex", "display": {"original": "SD MII ICU Pulmonalvaskulaerer Widerstandsindex", "translations": [{"language": "de-DE", "value": ""}, {"language": "en-US", "value": ""}]}, "module": "modul-icu", "url": "https://www.medizininformatik-initiative.de/fhir/ext/modul-icu/StructureDefinition/pulmonalvaskulaerer-widerstandsindex", "leaf": true, "selectable": true}, {"id": "8412d2c0-6efb-41fa-9ea7-f3732def7d46", "name": "SD_MII_ICU_Linksventrikulaeres_Schlagvolumen", "display": {"original": "SD MII ICU Linksventrikulaeres Schlagvolumen", "translations": [{"language": "de-DE", "value": ""}, {"language": "en-US", "value": ""}]}, "module": "modul-icu", "url": "https://www.medizininformatik-initiative.de/fhir/ext/modul-icu/StructureDefinition/linksventrikulaeres-schlagvolumen", "leaf": true, "selectable": true}]}, {"id": "80358443-6206-4f65-a5c2-45d078590533", "name": "SD_MII_ICU_Sonstige_Pulsatile_Druecke_Generisch", "display": {"original": "SD MII ICU Sonstige pulsatile Druecke Generisch", "translations": [{"language": "de-DE", "value": ""}, {"language": "en-US", "value": ""}]}, "module": "modul-icu", "url": "https://www.medizininformatik-initiative.de/fhir/ext/modul-icu/StructureDefinition/sonstige-pulsatile-druecke-generisch", "leaf": false, "selectable": false, "children": [{"id": "ca1eb20b-8f5f-4fb8-8791-220bc7bb3e71", "name": "SD_MII_ICU_Linksventrikulaerer_Druck", "display": {"original": "SD MII ICU Linksventrikulaerer Druck", "translations": [{"language": "de-DE", "value": ""}, {"language": "en-US", "value": ""}]}, "module": "modul-icu", "url": "https://www.medizininformatik-initiative.de/fhir/ext/modul-icu/StructureDefinition/linksventrikulaerer-druck", "leaf": true, "selectable": true}, {"id": "7146797a-174a-40d3-9262-63a36681a41d", "name": "SD_MII_ICU_Linksatrialer_Druck", "display": {"original": "SD MII ICU Linksatrialer Druck", "translations": [{"language": "de-DE", "value": ""}, {"language": "en-US", "value": ""}]}, "module": "modul-icu", "url": "https://www.medizininformatik-initiative.de/fhir/ext/modul-icu/StructureDefinition/linksatrialer-druck", "leaf": true, "selectable": true}, {"id": "fa9f9cfd-dc65-4818-8f91-a68bea66b631", "name": "SD_MII_ICU_Rechtsatrialer_Druck", "display": {"original": "SD MII ICU Rechtsatrialer Druck", "translations": [{"language": "de-DE", "value": ""}, {"language": "en-US", "value": ""}]}, "module": "modul-icu", "url": "https://www.medizininformatik-initiative.de/fhir/ext/modul-icu/StructureDefinition/rechtsatrialer-druck", "leaf": true, "selectable": true}, {"id": "8ce588e1-e940-4b95-a79d-c21cc279dcc8", "name": "SD_MII_ICU_Rechtsventrikulaerer_Druck", "display": {"original": "SD MII ICU Rechtsventrikulaerer Druck", "translations": [{"language": "de-DE", "value": ""}, {"language": "en-US", "value": ""}]}, "module": "modul-icu", "url": "https://www.medizininformatik-initiative.de/fhir/ext/modul-icu/StructureDefinition/rechtsventrikulaerer-druck", "leaf": true, "selectable": true}, {"id": "2cdee613-c892-4016-a729-f67a1f1d6978", "name": "SD_MII_ICU_Pulmonalarterieller_Blutdruck", "display": {"original": "SD MII ICU Pulmonalarterieller Blutdruck", "translations": [{"language": "de-DE", "value": ""}, {"language": "en-US", "value": ""}]}, "module": "modul-icu", "url": "https://www.medizininformatik-initiative.de/fhir/ext/modul-icu/StructureDefinition/pulmonalarterieller-blutdruck", "leaf": true, "selectable": true}]}, {"id": "7d7d9804-cad6-4dec-8f39-90869ad2218e", "name": "SD_MII_ICU_Parameter_Von_Beatmung", "display": {"original": "SD MII ICU Parameter von Beatmung", "translations": [{"language": "de-DE", "value": ""}, {"language": "en-US", "value": ""}]}, "module": "modul-icu", "url": "https://www.medizininformatik-initiative.de/fhir/ext/modul-icu/StructureDefinition/parameter-von-beatmung", "leaf": false, "selectable": false, "children": [{"id": "45e997ef-d064-4b63-91ea-ef21a9e2fd4c", "name": "SD_MII_ICU_Maximaler_Beatmungsdruck", "display": {"original": "SD MII ICU Maximaler Beatmungsdruck", "translations": [{"language": "de-DE", "value": ""}, {"language": "en-US", "value": ""}]}, "module": "modul-icu", "url": "https://www.medizininformatik-initiative.de/fhir/ext/modul-icu/StructureDefinition/maximaler-beatmungsdruck", "leaf": true, "selectable": true}, {"id": "4bef5de0-e8b4-419b-82b8-d40c7cde53b0", "name": "SD_MII_ICU_Beatmungszeit_Hohem_Druck", "display": {"original": "SD MII ICU Beatmungszeit Hohem Druck", "translations": [{"language": "de-DE", "value": ""}, {"language": "en-US", "value": ""}]}, "module": "modul-icu", "url": "https://www.medizininformatik-initiative.de/fhir/ext/modul-icu/StructureDefinition/beatmungszeit-hohem-druck", "leaf": true, "selectable": true}, {"id": "ad60f977-52a7-4c29-99c1-32c018305065", "name": "SD_MII_ICU_Atemzugvolumen_Einstellung", "display": {"original": "SD MII ICU Atemzugvolumen Einstellung", "translations": [{"language": "de-DE", "value": ""}, {"language": "en-US", "value": ""}]}, "module": "modul-icu", "url": "https://www.medizininformatik-initiative.de/fhir/ext/modul-icu/StructureDefinition/atemzugvolumen-einstellung", "leaf": true, "selectable": true}, {"id": "97bdc187-bc66-4dfe-ac6b-93271c381de4", "name": "SD_MII_ICU_Einstellung_Einatmungszeit_Beatmung", "display": {"original": "SD MII ICU Einstellung Einatmungszeit Beatmung", "translations": [{"language": "de-DE", "value": ""}, {"language": "en-US", "value": ""}]}, "module": "modul-icu", "url": "https://www.medizininformatik-initiative.de/fhir/ext/modul-icu/StructureDefinition/einstellung-einatmungszeit-beatmung", "leaf": true, "selectable": true}, {"id": "e6c53267-5c62-44d7-b67e-1685a7a00810", "name": "SD_MII_ICU_Inspiratorischer_Gasfluss", "display": {"original": "SD MII ICU Inspiratorischer Gasfluss", "translations": [{"language": "de-DE", "value": ""}, {"language": "en-US", "value": ""}]}, "module": "modul-icu", "url": "https://www.medizininformatik-initiative.de/fhir/ext/modul-icu/StructureDefinition/inspiratorischer-gasfluss", "leaf": true, "selectable": true}, {"id": "1a8423f1-dad8-4570-aecb-2beb3b89d30a", "name": "SD_MII_ICU_Spontane_Atemfrequenz_Beatmet", "display": {"original": "SD MII ICU Spontane Atemfrequenz Beatmet", "translations": [{"language": "de-DE", "value": ""}, {"language": "en-US", "value": ""}]}, "module": "modul-icu", "url": "https://www.medizininformatik-initiative.de/fhir/ext/modul-icu/StructureDefinition/spontane-atemfrequenz-beatmet", "leaf": true, "selectable": true}, {"id": "3db1d0a9-a7b5-48a5-a2ee-13fe11e21891", "name": "SD_MII_ICU_Mittlerer_Beatmungsdruck", "display": {"original": "SD MII ICU Mittlerer Beatmungsdruck", "translations": [{"language": "de-DE", "value": ""}, {"language": "en-US", "value": ""}]}, "module": "modul-icu", "url": "https://www.medizininformatik-initiative.de/fhir/ext/modul-icu/StructureDefinition/mittlerer-beatmungsdruck", "leaf": true, "selectable": true}, {"id": "fc71530d-3359-4189-a87b-cfb555dad6aa", "name": "SD_MII_ICU_Atemwegsdruck_Bei_Mittlerem_Expiratorischem_Gasfluss", "display": {"original": "SD MII ICU Atemwegsdruck Bei Mittlerem Expiratorischem Gasfluss", "translations": [{"language": "de-DE", "value": ""}, {"language": "en-US", "value": ""}]}, "module": "modul-icu", "url": "https://www.medizininformatik-initiative.de/fhir/ext/modul-icu/StructureDefinition/atemwegsdruck-bei-mittlerem-expiratorischem-gasfluss", "leaf": true, "selectable": true}, {"id": "79202d97-2145-43d5-9537-8c56eeb716fd", "name": "SD_MII_ICU_Zeitverhaeltnis_Ein_Ausatmung", "display": {"original": "SD MII ICU Zeitverhaeltnis Ein Ausatmung", "translations": [{"language": "de-DE", "value": ""}, {"language": "en-US", "value": ""}]}, "module": "modul-icu", "url": "https://www.medizininformatik-initiative.de/fhir/ext/modul-icu/StructureDefinition/zeitverhaeltnis-ein-ausatmung", "leaf": true, "selectable": true}, {"id": "3a39ce8e-4919-43fd-b9ec-c21532c5e830", "name": "SD_MII_ICU_Spontanes_Atemzugvolumen", "display": {"original": "SD MII ICU Spontanes Atemzugvolumen", "translations": [{"language": "de-DE", "value": ""}, {"language": "en-US", "value": ""}]}, "module": "modul-icu", "url": "https://www.medizininformatik-initiative.de/fhir/ext/modul-icu/StructureDefinition/spontanes-atemzugvolumen", "leaf": true, "selectable": true}, {"id": "a9cadb24-5344-49fb-8bca-fd4e88d48279", "name": "SD_MII_ICU_Beatmungszeit_Niedrigem_Druck", "display": {"original": "SD MII ICU Beatmungszeit Niedrigem Druck", "translations": [{"language": "de-DE", "value": ""}, {"language": "en-US", "value": ""}]}, "module": "modul-icu", "url": "https://www.medizininformatik-initiative.de/fhir/ext/modul-icu/StructureDefinition/beatmungszeit-niedrigem-druck", "leaf": true, "selectable": true}, {"id": "6bad08e8-7fad-4dd3-8fa0-6de45fcb9975", "name": "SD_MII_ICU_Atemzugvolumen_Waehrend_Beatmung", "display": {"original": "SD MII ICU Atemzugvolumen Waehrend Beatmung", "translations": [{"language": "de-DE", "value": ""}, {"language": "en-US", "value": ""}]}, "module": "modul-icu", "url": "https://www.medizininformatik-initiative.de/fhir/ext/modul-icu/StructureDefinition/atemzugvolumen-waehrend-beatmung", "leaf": true, "selectable": true}, {"id": "5d39dfe9-281b-4468-8b72-c39f31a0d6f7", "name": "SD_MII_ICU_Eingestellter_Inspiratorischer_Gasfluss", "display": {"original": "SD MII ICU Eingestellter Inspiratorischer Gasfluss", "translations": [{"language": "de-DE", "value": ""}, {"language": "en-US", "value": ""}]}, "module": "modul-icu", "url": "https://www.medizininformatik-initiative.de/fhir/ext/modul-icu/StructureDefinition/eingestellter-inspiratorischer-gasfluss", "leaf": true, "selectable": true}, {"id": "2f921b28-8f73-48eb-8009-5e87c04ab3af", "name": "SD_MII_ICU_Druckdifferenz_Beatmung", "display": {"original": "SD MII ICU Druckdifferenz Beatmung", "translations": [{"language": "de-DE", "value": ""}, {"language": "en-US", "value": ""}]}, "module": "modul-icu", "url": "https://www.medizininformatik-initiative.de/fhir/ext/modul-icu/StructureDefinition/druckdifferenz-beatmung", "leaf": true, "selectable": true}, {"id": "2af10bfd-0c82-4523-8c33-c0c772c80224", "name": "SD_MII_ICU_Endexpiratorischer_Kohlendioxidpartialdruck", "display": {"original": "SD MII ICU Endexpiratorischer Kohlendioxidpartialdruck", "translations": [{"language": "de-DE", "value": ""}, {"language": "en-US", "value": ""}]}, "module": "modul-icu", "url": "https://www.medizininformatik-initiative.de/fhir/ext/modul-icu/StructureDefinition/endexpiratorischer-kohlendioxidpartialdruck", "leaf": true, "selectable": true}, {"id": "98945acf-3c53-4481-9478-44362230ab6f", "name": "SD_MII_ICU_Inspiratorische_Sauerstofffraktion_Gemessen", "display": {"original": "SD MII ICU Inspiratorische Sauerstofffraktion Gemessen", "translations": [{"language": "de-DE", "value": ""}, {"language": "en-US", "value": ""}]}, "module": "modul-icu", "url": "https://www.medizininformatik-initiative.de/fhir/ext/modul-icu/StructureDefinition/inspiratorische-sauerstofffraktion-gemessen", "leaf": true, "selectable": true}, {"id": "3955e9a7-cffe-4cc4-aded-33c403542dfc", "name": "SD_MII_ICU_Beatmungsvolumen_Pro_Minute_Maschineller_Beatmung", "display": {"original": "SD MII ICU Beatmungsvolumen Pro Minute Maschineller Beatmung", "translations": [{"language": "de-DE", "value": ""}, {"language": "en-US", "value": ""}]}, "module": "modul-icu", "url": "https://www.medizininformatik-initiative.de/fhir/ext/modul-icu/StructureDefinition/beatmungsvolumen-pro-minute-maschineller-beatmung", "leaf": true, "selectable": true}, {"id": "0d2297ef-f2dc-4430-8f4a-67a449342a5e", "name": "SD_MII_ICU_Spontane_Mechanische_Atemfrequenz_Beatmet", "display": {"original": "SD MII ICU Spontane Mechanische Atemfrequenz Beatmet", "translations": [{"language": "de-DE", "value": ""}, {"language": "en-US", "value": ""}]}, "module": "modul-icu", "url": "https://www.medizininformatik-initiative.de/fhir/ext/modul-icu/StructureDefinition/spontane-mechanische-atemfrequenz-beatmet", "leaf": true, "selectable": true}, {"id": "788bdde8-a153-4bc0-a081-2e59c90bf78a", "name": "SD_MII_ICU_Inspiratorische_Sauerstofffraktion_Eingestellt", "display": {"original": "SD MII ICU Inspiratorische Sauerstofffraktion Eingestellt", "translations": [{"language": "de-DE", "value": ""}, {"language": "en-US", "value": ""}]}, "module": "modul-icu", "url": "https://www.medizininformatik-initiative.de/fhir/ext/modul-icu/StructureDefinition/inspiratorische-sauerstofffraktion-eingestellt", "leaf": true, "selectable": true}, {"id": "473147e6-6c35-46c7-b3ca-b3de3becd010", "name": "SD_MII_ICU_Horowitz_In_Arteriellem_Blut", "display": {"original": "SD MII ICU Horowitz In Arteriellem Blut", "translations": [{"language": "de-DE", "value": ""}, {"language": "en-US", "value": ""}]}, "module": "modul-icu", "url": "https://www.medizininformatik-initiative.de/fhir/ext/modul-icu/StructureDefinition/horowitz-in-arteriellem-blut", "leaf": true, "selectable": true}, {"id": "2d9f92db-2eeb-4099-8763-6322ea9d5450", "name": "SD_MII_ICU_Exspiratorischer_Gasfluss", "display": {"original": "SD MII ICU Exspiratorischer Gasfluss", "translations": [{"language": "de-DE", "value": ""}, {"language": "en-US", "value": ""}]}, "module": "modul-icu", "url": "https://www.medizininformatik-initiative.de/fhir/ext/modul-icu/StructureDefinition/exspiratorischer-gasfluss", "leaf": true, "selectable": true}, {"id": "a5a7f5e7-1176-45e9-9fb2-87bd527041ef", "name": "SD_MII_ICU_Mechanische_Atemfrequenz_Beatmet", "display": {"original": "SD MII ICU Mechanische Atemfrequenz Beatmet", "translations": [{"language": "de-DE", "value": ""}, {"language": "en-US", "value": ""}]}, "module": "modul-icu", "url": "https://www.medizininformatik-initiative.de/fhir/ext/modul-icu/StructureDefinition/mechanische-atemfrequenz-beatmet", "leaf": true, "selectable": true}, {"id": "1f94657a-32e6-4b70-89f5-9d120258d1bd", "name": "SD_MII_ICU_Exspiratorischer_Sauerstoffpartialdruck", "display": {"original": "SD MII ICU Exspiratorischer Sauerstoffpartialdruck", "translations": [{"language": "de-DE", "value": ""}, {"language": "en-US", "value": ""}]}, "module": "modul-icu", "url": "https://www.medizininformatik-initiative.de/fhir/ext/modul-icu/StructureDefinition/exspiratorischer-sauerstoffpartialdruck", "leaf": true, "selectable": true}, {"id": "bca35d86-67df-4952-9317-51ef3db17cda", "name": "SD_MII_ICU_Einstellung_Ausatmungszeit_Beatmung", "display": {"original": "SD MII ICU Einstellung Ausatmungszeit Beatmung", "translations": [{"language": "de-DE", "value": ""}, {"language": "en-US", "value": ""}]}, "module": "modul-icu", "url": "https://www.medizininformatik-initiative.de/fhir/ext/modul-icu/StructureDefinition/einstellung-ausatmungszeit-beatmung", "leaf": true, "selectable": true}, {"id": "eb4c47cc-5d79-4a1f-a015-4d9c49fa4518", "name": "SD_MII_ICU_Atemwegsdruck_Bei_Null_Expiratorischem_Gasfluss", "display": {"original": "SD MII ICU Atemwegsdruck Bei Null Expiratorischem Gasfluss", "translations": [{"language": "de-DE", "value": ""}, {"language": "en-US", "value": ""}]}, "module": "modul-icu", "url": "https://www.medizininformatik-initiative.de/fhir/ext/modul-icu/StructureDefinition/atemwegsdruck-bei-null-expiratorischem-gasfluss", "leaf": true, "selectable": true}, {"id": "789cf83d-a91a-4527-9497-38c65d984f5b", "name": "SD_MII_ICU_Positiv_Endexpiratorischer_Druck", "display": {"original": "SD MII ICU Positiv Endexpiratorischer Druck", "translations": [{"language": "de-DE", "value": ""}, {"language": "en-US", "value": ""}]}, "module": "modul-icu", "url": "https://www.medizininformatik-initiative.de/fhir/ext/modul-icu/StructureDefinition/positiv-endexpiratorischer-druck", "leaf": true, "selectable": true}, {"id": "603a42db-6ed1-4c5a-9c67-c4d086484e42", "name": "SD_MII_ICU_Spontanes_Mechanisches_Atemzugvolumen_Waehrend_Beatmung", "display": {"original": "SD MII ICU Spontanes Mechanisches Atemzugvolumen Waehrend Beatmung", "translations": [{"language": "de-DE", "value": ""}, {"language": "en-US", "value": ""}]}, "module": "modul-icu", "url": "https://www.medizininformatik-initiative.de/fhir/ext/modul-icu/StructureDefinition/spontanes-mechanisches-atemzugvolumen-waehrend-beatmung", "leaf": true, "selectable": true}, {"id": "0b971443-e4ec-463a-9a06-ef4fa78cd2b9", "name": "SD_MII_ICU_Unterstuezungsdruck_Beatmung", "display": {"original": "SD MII ICU Unterstuezungsdruck Beatmung", "translations": [{"language": "de-DE", "value": ""}, {"language": "en-US", "value": ""}]}, "module": "modul-icu", "url": "https://www.medizininformatik-initiative.de/fhir/ext/modul-icu/StructureDefinition/unterstuetzungsdruck-beatmung", "leaf": true, "selectable": true}]}, {"id": "99e42f5e-bba8-4243-b532-eb01a6ef0156", "name": "SD_MII_ICU_Parameter_Von_Extrakorporalen_Verfahren", "display": {"original": "SD MII ICU Parameter von Extrakorporalen Verfahren", "translations": [{"language": "de-DE", "value": ""}, {"language": "en-US", "value": ""}]}, "module": "modul-icu", "url": "https://www.medizininformatik-initiative.de/fhir/ext/modul-icu/StructureDefinition/parameter-von-extrakorporalen-verfahren", "leaf": false, "selectable": false, "children": [{"id": "50cd4dc1-a67d-4fad-acd2-4bdaee640d48", "name": "SD_MII_ICU_Venoeser_Druck", "display": {"original": "SD MII ICU Venoeser Druck", "translations": [{"language": "de-DE", "value": ""}, {"language": "en-US", "value": ""}]}, "module": "modul-icu", "url": "https://www.medizininformatik-initiative.de/fhir/ext/modul-icu/StructureDefinition/venoeser-druck", "leaf": true, "selectable": true}, {"id": "05b34c84-5732-4f17-9092-2e780d37272e", "name": "SD_MII_ICU_Substituatvolumen", "display": {"original": "SD MII ICU Substituatvolumen", "translations": [{"language": "de-DE", "value": ""}, {"language": "en-US", "value": ""}]}, "module": "modul-icu", "url": "https://www.medizininformatik-initiative.de/fhir/ext/modul-icu/StructureDefinition/substituatvolumen", "leaf": true, "selectable": true}, {"id": "194ce840-1e84-4808-9211-34ba2c84756e", "name": "SD_MII_ICU_Sauerstoffgasfluss", "display": {"original": "SD MII ICU Sauerstoffgasfluss", "translations": [{"language": "de-DE", "value": ""}, {"language": "en-US", "value": ""}]}, "module": "modul-icu", "url": "https://www.medizininformatik-initiative.de/fhir/ext/modul-icu/StructureDefinition/sauerstoffgasfluss", "leaf": true, "selectable": true}, {"id": "52428f78-3e71-4f26-bb51-12f75a934eda", "name": "SD_MII_ICU_Dauer_Extrakorporaler_Gasaustausch", "display": {"original": "SD MII ICU Dauer Extrakorporaler Gasaustausch", "translations": [{"language": "de-DE", "value": ""}, {"language": "en-US", "value": ""}]}, "module": "modul-icu", "url": "https://www.medizininformatik-initiative.de/fhir/ext/modul-icu/StructureDefinition/dauer-extrakorporaler-gasaustausch", "leaf": true, "selectable": true}, {"id": "7f8cc98f-eb92-493d-8521-2da87ce5987e", "name": "SD_MII_ICU_Blutfluss_Extrakorporaler_Gasaustausch", "display": {"original": "SD MII ICU Blutfluss Extrakorporaler Gasaustausch", "translations": [{"language": "de-DE", "value": ""}, {"language": "en-US", "value": ""}]}, "module": "modul-icu", "url": "https://www.medizininformatik-initiative.de/fhir/ext/modul-icu/StructureDefinition/blutfluss-extrakorporaler-gasaustausch", "leaf": true, "selectable": true}, {"id": "418c6078-36eb-4743-87d4-dfc8d9c927d8", "name": "SD_MII_ICU_Haemodialyse_Blutfluss", "display": {"original": "SD MII ICU Haemodialyse Blutfluss", "translations": [{"language": "de-DE", "value": ""}, {"language": "en-US", "value": ""}]}, "module": "modul-icu", "url": "https://www.medizininformatik-initiative.de/fhir/ext/modul-icu/StructureDefinition/haemodialyse-blutfluss", "leaf": true, "selectable": true}, {"id": "f855264a-8b78-4ef0-b1ed-f994e269f058", "name": "SD_MII_ICU_Blutfluss_Cardiovasculaeres_Geraet", "display": {"original": "SD MII ICU Blutfluss Cardiovasculaeres Geraet", "translations": [{"language": "de-DE", "value": ""}, {"language": "en-US", "value": ""}]}, "module": "modul-icu", "url": "https://www.medizininformatik-initiative.de/fhir/ext/modul-icu/StructureDefinition/blutfluss-cardiovasculaeres-geraet", "leaf": true, "selectable": true}, {"id": "46e7a940-e3e0-4ab6-b3f6-8f8c90532041", "name": "SD_MII_ICU_Ionisiertes_Kalzium_Nierenersatzverfahren", "display": {"original": "SD MII ICU Ionisiertes Kalzium Nierenersatzverfahren", "translations": [{"language": "de-DE", "value": ""}, {"language": "en-US", "value": ""}]}, "module": "modul-icu", "url": "https://www.medizininformatik-initiative.de/fhir/ext/modul-icu/StructureDefinition/ionisiertes-kalzium-nierenersatzverfahren", "leaf": true, "selectable": true}, {"id": "93a2f934-277f-421a-af59-314eada937ee", "name": "SD_MII_ICU_Dauer_Haemodialysesitzung", "display": {"original": "SD MII ICU Dauer Haemodialysesitzung", "translations": [{"language": "de-DE", "value": ""}, {"language": "en-US", "value": ""}]}, "module": "modul-icu", "url": "https://www.medizininformatik-initiative.de/fhir/ext/modul-icu/StructureDefinition/dauer-haemodialysesitzung", "leaf": true, "selectable": true}, {"id": "b30297e7-7d6c-414f-b2b8-924e956f3a83", "name": "SD_MII_ICU_Arterieller_Druck", "display": {"original": "SD MII ICU Arterieller Druck", "translations": [{"language": "de-DE", "value": ""}, {"language": "en-US", "value": ""}]}, "module": "modul-icu", "url": "https://www.medizininformatik-initiative.de/fhir/ext/modul-icu/StructureDefinition/arterieller-druck", "leaf": true, "selectable": true}, {"id": "3711059a-6750-463c-b7ac-887a1927fbb4", "name": "SD_MII_ICU_Blutflussindex_Extrakorporaler_Gasaustausch", "display": {"original": "SD MII ICU Blutflussindex Extrakorporaler Gasaustausch", "translations": [{"language": "de-DE", "value": ""}, {"language": "en-US", "value": ""}]}, "module": "modul-icu", "url": "https://www.medizininformatik-initiative.de/fhir/ext/modul-icu/StructureDefinition/blutflussindex-extrakorporaler-gasaustausch", "leaf": true, "selectable": true}, {"id": "addecd71-1715-463c-9a8d-86f0e9a5af61", "name": "SD_MII_ICU_Substituatfluss", "display": {"original": "SD MII ICU Substituatfluss", "translations": [{"language": "de-DE", "value": ""}, {"language": "en-US", "value": ""}]}, "module": "modul-icu", "url": "https://www.medizininformatik-initiative.de/fhir/ext/modul-icu/StructureDefinition/substituatfluss", "leaf": true, "selectable": true}]}, {"id": "3d3baf8b-57be-4cc5-ac21-9d4b0394865c", "name": "SD_MII_ICU_Icu_Device", "display": {"original": "SD MII ICU ICU Device", "translations": [{"language": "de-DE", "value": ""}, {"language": "en-US", "value": ""}]}, "module": "modul-icu", "url": "https://www.medizininformatik-initiative.de/fhir/ext/modul-icu/StructureDefinition/icu-device", "leaf": true, "selectable": true}, {"id": "458e52df-a88c-4f49-a72d-43f7a0365925", "name": "SD_MII_ICU_Devicemetric_Eingestellte_Gemessene_Parameter_Extrakorporale_Verfahren", "display": {"original": "SD MII ICU DeviceMetric Eingestellte Gemessene Parameter Extrakorporale Verfahren", "translations": [{"language": "de-DE", "value": ""}, {"language": "en-US", "value": ""}]}, "module": "modul-icu", "url": "https://www.medizininformatik-initiative.de/fhir/ext/modul-icu/StructureDefinition/devicemetric-eingestellte-gemessene-parameter-extrakorporale-verfahren", "leaf": true, "selectable": true}]}, {"id": "8ecca23e-da8d-4f27-b24a-df39d1c87809", "name": "modul-molgen", "display": {"original": "modul-molgen", "translations": [{"language": "de-DE", "value": "modul-molgen"}, {"language": "en-US", "value": "modul-molgen"}]}, "url": "modul-molgen", "module": "modul-molgen", "selectable": false, "leaf": false, "children": [{"id": "c523affe-d374-49e1-a8ab-196b81f082dd", "name": "MII_PR_MolGen_Genotyp", "display": {"original": "MII PR MolGen Genotyp", "translations": [{"language": "de-DE", "value": ""}, {"language": "en-US", "value": ""}]}, "module": "modul-molgen", "url": "https://www.medizininformatik-initiative.de/fhir/ext/modul-molgen/StructureDefinition/genotyp", "leaf": true, "selectable": true}, {"id": "4b93ebae-5cb0-4872-bb27-bdd058bbabe6", "name": "MII_PR_MolGen_Medikationsempfehlung", "display": {"original": "MII PR MolGen Medikationsempfehlung", "translations": [{"language": "de-DE", "value": ""}, {"language": "en-US", "value": ""}]}, "module": "modul-molgen", "url": "https://www.medizininformatik-initiative.de/fhir/ext/modul-molgen/StructureDefinition/medikationsempfehlung", "leaf": true, "selectable": true}, {"id": "32d6781c-8edd-415a-8758-3f85f5a26fee", "name": "MII_PR_MolGen_EmpfohleneFolgemassnahme", "display": {"original": "MII PR MolGen Empfohlene Folgema\u00dfnahme", "translations": [{"language": "de-DE", "value": ""}, {"language": "en-US", "value": ""}]}, "module": "modul-molgen", "url": "https://www.medizininformatik-initiative.de/fhir/ext/modul-molgen/StructureDefinition/empfohlene-folgemassnahme", "leaf": true, "selectable": true}, {"id": "876b5206-e86e-4aa3-8e8d-a6277ac13948", "name": "MII_PR_MolGen_Familienanamnese", "display": {"original": "MII PR MolGen Familienanamnese", "translations": [{"language": "de-DE", "value": ""}, {"language": "en-US", "value": ""}]}, "module": "modul-molgen", "url": "https://www.medizininformatik-initiative.de/fhir/ext/modul-molgen/StructureDefinition/familienanamnese", "leaf": true, "selectable": true}, {"id": "258d6694-a4b2-401d-9382-6194a9dacd49", "name": "MII_PR_MolGen_ErgebnisZusammenfassung", "display": {"original": "MII PR MolGen Ergebnis Zusammenfassung", "translations": [{"language": "de-DE", "value": ""}, {"language": "en-US", "value": ""}]}, "module": "modul-molgen", "url": "https://www.medizininformatik-initiative.de/fhir/ext/modul-molgen/StructureDefinition/ergebnis-zusammenfassung", "leaf": true, "selectable": true}, {"id": "cd383ecc-ebf3-47ca-9d78-9d42da378e9f", "name": "MII_PR_MolGen_MolekulargenetischerBefundbericht", "display": {"original": "MII PR MolGen Molekulargenetischer Befundbericht", "translations": [{"language": "de-DE", "value": ""}, {"language": "en-US", "value": ""}]}, "module": "modul-molgen", "url": "https://www.medizininformatik-initiative.de/fhir/ext/modul-molgen/StructureDefinition/molekulargenetischer-befundbericht", "leaf": true, "selectable": true}, {"id": "83bb21b3-fe8f-4a0e-a2d0-0e2e0e5f076a", "name": "MII_PR_MolGen_DiagnostischeImplikation", "display": {"original": "MII PR MolGen Diagnostische Implikation", "translations": [{"language": "de-DE", "value": ""}, {"language": "en-US", "value": ""}]}, "module": "modul-molgen", "url": "https://www.medizininformatik-initiative.de/fhir/ext/modul-molgen/StructureDefinition/diagnostische-implikation", "leaf": true, "selectable": true}, {"id": "8d4d25e1-e21d-4b5e-b11e-3cc0176e53d3", "name": "MII_PR_MolGen_AnforderungGenetischerTest", "display": {"original": "MII PR MolGen Anforderung genetischer Test", "translations": [{"language": "de-DE", "value": ""}, {"language": "en-US", "value": ""}]}, "module": "modul-molgen", "url": "https://www.medizininformatik-initiative.de/fhir/ext/modul-molgen/StructureDefinition/anforderung-genetischer-test", "leaf": true, "selectable": true}, {"id": "123a0923-e4b7-47c6-946b-2858e544af37", "name": "MII_PR_MolGen_Mikrosatelliteninstabilitaet", "display": {"original": "MII PR MolGen Mikrosatelliteninstabilit\u00e4t", "translations": [{"language": "de-DE", "value": ""}, {"language": "en-US", "value": ""}]}, "module": "modul-molgen", "url": "https://www.medizininformatik-initiative.de/fhir/ext/modul-molgen/StructureDefinition/mikrosatelliteninstabilitaet", "leaf": true, "selectable": true}, {"id": "ab51e1bd-e912-4061-9cee-38e9a9953c4a", "name": "MII_PR_MolGen_Mutationslast", "display": {"original": "MII PR MolGen Mutationslast", "translations": [{"language": "de-DE", "value": ""}, {"language": "en-US", "value": ""}]}, "module": "modul-molgen", "url": "https://www.medizininformatik-initiative.de/fhir/ext/modul-molgen/StructureDefinition/mutationslast", "leaf": true, "selectable": true}, {"id": "0882192a-5bc4-4896-8c8d-40306685eaab", "name": "MII_PR_MolGen_Variante", "display": {"original": "MII PR MolGen Variante", "translations": [{"language": "de-DE", "value": ""}, {"language": "en-US", "value": ""}]}, "module": "modul-molgen", "url": "https://www.medizininformatik-initiative.de/fhir/ext/modul-molgen/StructureDefinition/variante", "leaf": true, "selectable": true}, {"id": "eb488b33-69c8-4f36-b7c4-92ee7213bb3f", "name": "MII_PR_MolGen_TherapeutischeImplikation", "display": {"original": "MII PR MolGen Therapeutische Implikation", "translations": [{"language": "de-DE", "value": ""}, {"language": "en-US", "value": ""}]}, "module": "modul-molgen", "url": "https://www.medizininformatik-initiative.de/fhir/ext/modul-molgen/StructureDefinition/therapeutische-implikation", "leaf": true, "selectable": true}, {"id": "0e15fae4-625c-454f-8963-4ed847319385", "name": "MII_PR_MolGen_UntersuchteRegion", "display": {"original": "MII PR MolGen Untersuchte Region", "translations": [{"language": "de-DE", "value": ""}, {"language": "en-US", "value": ""}]}, "module": "modul-molgen", "url": "https://www.medizininformatik-initiative.de/fhir/ext/modul-molgen/StructureDefinition/untersuchte-region", "leaf": true, "selectable": true}, {"id": "d9e19c9d-e989-47f8-8ad4-69ca5b5d2714", "name": "MII_PR_MolGen_PolygenerRisikoScore", "display": {"original": "MII PR MolGen Polygener Risiko Score", "translations": [{"language": "de-DE", "value": ""}, {"language": "en-US", "value": ""}]}, "module": "modul-molgen", "url": "https://www.medizininformatik-initiative.de/fhir/ext/modul-molgen/StructureDefinition/polygener-risiko-score", "leaf": true, "selectable": true}]}], "selectable": false}