{"name": "Root", "module": "no-module", "url": "no-url", "children": [{"id": "ca690535-71bc-4a41-919d-5c8ea12c71df", "name": "modul-diagnose", "display": {"original": "Diagnose", "translations": [{"language": "de-DE", "value": "Diagnose"}, {"language": "en-US", "value": "Diagnosis"}]}, "url": "modul-diagnose", "module": "modul-diagnose", "selectable": false, "leaf": false, "children": [{"id": "ecc0aee8-0d37-4e64-8150-17a554df9f2a", "name": "MII_PR_Diagnose_Condition", "display": {"original": "MII PR Diagnose Condition", "translations": [{"language": "de-DE", "value": ""}, {"language": "en-US", "value": ""}]}, "module": "modul-diagnose", "url": "https://www.medizininformatik-initiative.de/fhir/core/modul-diagnose/StructureDefinition/Diagnose", "leaf": true, "selectable": true}]}, {"id": "99e8ec88-7ddd-40a1-9ddd-62ac05864327", "name": "modul-prozedur", "display": {"original": "Prozedur", "translations": [{"language": "de-DE", "value": "Prozedur"}, {"language": "en-US", "value": "Procedure"}]}, "url": "modul-prozedur", "module": "modul-prozedur", "selectable": false, "leaf": false, "children": [{"id": "ea89aaf5-54f8-4a0b-938e-39bb0038ce51", "name": "MII_PR_Prozedur_Procedure", "display": {"original": "MII PR Prozedur Procedure", "translations": [{"language": "de-DE", "value": ""}, {"language": "en-US", "value": ""}]}, "module": "modul-prozedur", "url": "https://www.medizininformatik-initiative.de/fhir/core/modul-prozedur/StructureDefinition/Procedure", "leaf": true, "selectable": true}]}, {"id": "3c6cfcdd-9ba9-40db-96ee-07c5b41cde2d", "name": "modul-person", "display": {"original": "Person", "translations": [{"language": "de-DE", "value": "Person"}, {"language": "en-US", "value": "Person"}]}, "url": "modul-person", "module": "modul-person", "selectable": false, "leaf": false, "children": [{"id": "8c231dcf-fee3-4334-859f-15434e783c15", "name": "MII_PR_Person_Patient", "display": {"original": "MII PR Person Patient", "translations": [{"language": "de-DE", "value": ""}, {"language": "en-US", "value": ""}]}, "module": "modul-person", "url": "https://www.medizininformatik-initiative.de/fhir/core/modul-person/StructureDefinition/Patient", "leaf": true, "selectable": true}, {"id": "95ab473a-019a-40ee-8144-0dd33f129001", "name": "MII_PR_Person_Proband", "display": {"original": "MII PR Person Proband", "translations": [{"language": "de-DE", "value": ""}, {"language": "en-US", "value": ""}]}, "module": "modul-person", "url": "https://www.medizininformatik-initiative.de/fhir/core/modul-person/StructureDefinition/ResearchSubject", "leaf": true, "selectable": true}, {"id": "a82d8249-942a-4de7-978f-ca01ca2f4922", "name": "MII_PR_Person_Vitalstatus", "display": {"original": "MII PR Person Vitalstatus", "translations": [{"language": "de-DE", "value": ""}, {"language": "en-US", "value": ""}]}, "module": "modul-person", "url": "https://www.medizininformatik-initiative.de/fhir/core/modul-person/StructureDefinition/Vitalstatus", "leaf": true, "selectable": true}, {"id": "ca75350e-57b4-463d-80cf-9bb047978959", "name": "MII_PR_Person_Todesursache", "display": {"original": "MII PR Person Todesursache", "translations": [{"language": "de-DE", "value": ""}, {"language": "en-US", "value": ""}]}, "module": "modul-person", "url": "https://www.medizininformatik-initiative.de/fhir/core/modul-person/StructureDefinition/Todesursache", "leaf": true, "selectable": true}, {"id": "3dedac1d-42e3-4a17-ae87-ac41eb911c3c", "name": "MII_PR_Person_PatientPseudonymisiert", "display": {"original": "MII PR Person Patient (Pseudonymisiert)", "translations": [{"language": "de-DE", "value": ""}, {"language": "en-US", "value": ""}]}, "module": "modul-person", "url": "https://www.medizininformatik-initiative.de/fhir/core/modul-person/StructureDefinition/PatientPseudonymisiert", "leaf": true, "selectable": true}]}, {"id": "330a4845-ce11-40e4-83f6-175ed8376a96", "name": "modul-labor", "display": {"original": "Labor", "translations": [{"language": "de-DE", "value": "Labor"}, {"language": "en-US", "value": "Laboratory"}]}, "url": "modul-labor", "module": "modul-labor", "selectable": false, "leaf": false, "children": [{"id": "b3cbd132-4774-43b3-bfd4-6c209ac1dc4e", "name": "ProfileObservationLaboruntersuchung", "display": {"original": "Profile - Observation - Laboruntersuchung", "translations": [{"language": "de-DE", "value": ""}, {"language": "en-US", "value": ""}]}, "module": "modul-labor", "url": "https://www.medizininformatik-initiative.de/fhir/core/modul-labor/StructureDefinition/ObservationLab", "leaf": true, "selectable": true}, {"id": "27754e68-dd85-48ef-ac29-f43c5410d568", "name": "ProfileServiceRequestLaboranforderung", "display": {"original": "Profile - ServiceRequest - Laboranforderung", "translations": [{"language": "de-DE", "value": ""}, {"language": "en-US", "value": ""}]}, "module": "modul-labor", "url": "https://www.medizininformatik-initiative.de/fhir/core/modul-labor/StructureDefinition/ServiceRequestLab", "leaf": true, "selectable": true}, {"id": "0b181032-2516-4d1c-a359-c764db129a6c", "name": "ProfileDiagnosticReportLaborbefund", "display": {"original": "Profile - DiagnosticReport - Laborbefund", "translations": [{"language": "de-DE", "value": ""}, {"language": "en-US", "value": ""}]}, "module": "modul-labor", "url": "https://www.medizininformatik-initiative.de/fhir/core/modul-labor/StructureDefinition/DiagnosticReportLab", "leaf": true, "selectable": true}]}, {"id": "16217ee9-270c-4cd1-a375-2ab3fd181288", "name": "modul-medikation", "display": {"original": "Medikation", "translations": [{"language": "de-DE", "value": "Medikation"}, {"language": "en-US", "value": "Medication"}]}, "url": "modul-medikation", "module": "modul-medikation", "selectable": false, "leaf": false, "children": [{"id": "1fe62517-9f8a-45a4-b326-ef5a809b9afc", "name": "MII_PR_Medikation_Medication", "display": {"original": "MII PR Medikation Medication", "translations": [{"language": "de-DE", "value": ""}, {"language": "en-US", "value": "MII PR Medikation Medication"}]}, "module": "modul-medikation", "url": "https://www.medizininformatik-initiative.de/fhir/core/modul-medikation/StructureDefinition/Medication", "leaf": true, "selectable": true}, {"id": "159d52eb-2ee9-4c12-bd31-539821836402", "name": "MII_PR_Medikation_Medikationsliste", "display": {"original": "MII PR Medikation Medikationsliste", "translations": [{"language": "de-DE", "value": ""}, {"language": "en-US", "value": "MII PR Medikation Medicationlist"}]}, "module": "modul-medikation", "url": "https://www.medizininformatik-initiative.de/fhir/core/modul-medikation/StructureDefinition/medikationsliste", "leaf": true, "selectable": true}, {"id": "c931785b-c912-410f-87df-94068ee1f4fd", "name": "MII_PR_Medikation_MedicationRequest", "display": {"original": "MII PR Medikation MedicationRequest", "translations": [{"language": "de-DE", "value": ""}, {"language": "en-US", "value": "MII PR Medikation MedicationRequest"}]}, "module": "modul-medikation", "url": "https://www.medizininformatik-initiative.de/fhir/core/modul-medikation/StructureDefinition/MedicationRequest", "leaf": true, "selectable": true}, {"id": "c8fd92e5-01ea-480e-ba29-b2c391ddcbda", "name": "MII_PR_Medikation_MedicationStatement", "display": {"original": "MII PR Medikation MedicationStatement", "translations": [{"language": "de-DE", "value": ""}, {"language": "en-US", "value": "MII PR Medikation MedicationStatement"}]}, "module": "modul-medikation", "url": "https://www.medizininformatik-initiative.de/fhir/core/modul-medikation/StructureDefinition/MedicationStatement", "leaf": true, "selectable": true}, {"id": "8b433559-015b-4f2d-8969-ff4b9afbdc05", "name": "MII_PR_Medikation_MedicationAdministration", "display": {"original": "MII PR Medikation MedicationAdministration", "translations": [{"language": "de-DE", "value": ""}, {"language": "en-US", "value": "MII PR Medikation MedicationAdministration"}]}, "module": "modul-medikation", "url": "https://www.medizininformatik-initiative.de/fhir/core/modul-medikation/StructureDefinition/MedicationAdministration", "leaf": true, "selectable": true}]}, {"id": "fff3b17b-54d7-44b6-bd0e-a17d771a6173", "name": "modul-fall", "display": {"original": "Fall", "translations": [{"language": "de-DE", "value": "Fall"}, {"language": "en-US", "value": "Case"}]}, "url": "modul-fall", "module": "modul-fall", "selectable": false, "leaf": false, "children": [{"id": "f16d6cdd-75d7-4b15-a962-7991d1b24201", "name": "MII_PR_Fall_KontaktGesundheitseinrichtung", "display": {"original": "MII PR Fall Kontakt mit einer Gesundheitseinrichtung", "translations": [{"language": "de-DE", "value": "Fall - Kontakt mit einer Gesundheitseinrichtung"}, {"language": "en-US", "value": "Treatment case - Encounter with Health Care Facility"}]}, "module": "modul-fall", "url": "https://www.medizininformatik-initiative.de/fhir/core/modul-fall/StructureDefinition/KontaktGesundheitseinrichtung", "leaf": true, "selectable": true}]}, {"id": "e7a03731-dd2f-4956-92e4-83606c7983ba", "name": "modul-biobank", "display": {"original": "Biobank", "translations": [{"language": "de-DE", "value": "Biobank"}, {"language": "en-US", "value": "Biobank"}]}, "url": "modul-biobank", "module": "modul-biobank", "selectable": false, "leaf": false, "children": [{"id": "29b8e55e-51e7-4cf1-b888-a3ac38e7ce9a", "name": "ProfileSpecimenBioprobeCore", "display": {"original": "Profile - Specimen - Bioprobe - Core", "translations": [{"language": "de-DE", "value": ""}, {"language": "en-US", "value": ""}]}, "module": "modul-biobank", "url": "https://www.medizininformatik-initiative.de/fhir/ext/modul-biobank/StructureDefinition/SpecimenCore", "leaf": false, "selectable": false, "children": [{"id": "43a8bf1f-60c9-4b15-a54b-1f85037fa701", "name": "ProfileSpecimenBioprobe", "display": {"original": "Profile - Specimen - Bioprobe", "translations": [{"language": "de-DE", "value": ""}, {"language": "en-US", "value": ""}]}, "module": "modul-biobank", "url": "https://www.medizininformatik-initiative.de/fhir/ext/modul-biobank/StructureDefinition/Specimen", "leaf": true, "selectable": true}]}, {"id": "904635ff-5ad4-4a33-a7bd-f71e48092da8", "name": "ProfileSubstanceAdditiv", "display": {"original": "Profile - Substance - Additiv", "translations": [{"language": "de-DE", "value": ""}, {"language": "en-US", "value": ""}]}, "module": "modul-biobank", "url": "https://www.medizininformatik-initiative.de/fhir/ext/modul-biobank/StructureDefinition/Substance", "leaf": true, "selectable": true}, {"id": "33275f39-1e4a-4cdd-9d38-a87b4430b672", "name": "ProfileOrganizationSammlungBiobank", "display": {"original": "Profile - Organization - Sammlung/Biobank", "translations": [{"language": "de-DE", "value": ""}, {"language": "en-US", "value": ""}]}, "module": "modul-biobank", "url": "https://www.medizininformatik-initiative.de/fhir/ext/modul-biobank/StructureDefinition/Organization", "leaf": true, "selectable": true}]}, {"id": "2d8c338b-002e-4fce-84af-764657ececfe", "name": "modul-consent", "display": {"original": "Einwilligung", "translations": [{"language": "de-DE", "value": "Einwilligung"}, {"language": "en-US", "value": "Consent"}]}, "url": "modul-consent", "module": "modul-consent", "selectable": false, "leaf": false, "children": [{"id": "274ef903-5389-4cc3-8066-30d323941cd1", "name": "MII_PR_Consent_Provenance", "display": {"original": "Profile - MI-I - Consent - Provenance", "translations": [{"language": "de-DE", "value": ""}, {"language": "en-US", "value": ""}]}, "module": "modul-consent", "url": "https://www.medizininformatik-initiative.de/fhir/modul-consent/StructureDefinition/mii-pr-consent-provenance", "leaf": true, "selectable": true}, {"id": "2d5ca5b0-c887-433c-9273-6c6d244d1d14", "name": "MII_PR_Consent_Einwilligung", "display": {"original": "Profile - MI-I - Consent - Einwilligung", "translations": [{"language": "de-DE", "value": ""}, {"language": "en-US", "value": ""}]}, "module": "modul-consent", "url": "https://www.medizininformatik-initiative.de/fhir/modul-consent/StructureDefinition/mii-pr-consent-einwilligung", "leaf": true, "selectable": true}, {"id": "a3ba5f3c-1552-4303-be40-14ae0ffa9c0e", "name": "MII_PR_Consent_DocumentReference", "display": {"original": "Profile - MI-I - Consent - DocumentReference", "translations": [{"language": "de-DE", "value": ""}, {"language": "en-US", "value": ""}]}, "module": "modul-consent", "url": "https://www.medizininformatik-initiative.de/fhir/modul-consent/StructureDefinition/mii-pr-consent-documentreference", "leaf": true, "selectable": true}]}, {"id": "b009e6ed-06d1-4fd1-8ea7-47f3716f2ba4", "name": "modul-icu", "display": {"original": "modul-icu", "translations": [{"language": "de-DE", "value": "modul-icu"}, {"language": "en-US", "value": "modul-icu"}]}, "url": "modul-icu", "module": "modul-icu", "selectable": false, "leaf": false, "children": [{"id": "4feb5338-80e3-4830-ac46-7ea9e9d5fffd", "name": "SD_MII_ICU_Monitoring_Und_Vitaldaten", "display": {"original": "SD MII ICU Monitoring und Vitaldaten", "translations": [{"language": "de-DE", "value": ""}, {"language": "en-US", "value": ""}]}, "module": "modul-icu", "url": "https://www.medizininformatik-initiative.de/fhir/ext/modul-icu/StructureDefinition/monitoring-und-vitaldaten", "leaf": false, "selectable": false, "children": [{"id": "6a8c81ab-02c6-4c44-89bf-3fc6bacf5bf7", "name": "SD_MII_ICU_Puls", "display": {"original": "SD MII ICU Puls", "translations": [{"language": "de-DE", "value": ""}, {"language": "en-US", "value": ""}]}, "module": "modul-icu", "url": "https://www.medizininformatik-initiative.de/fhir/ext/modul-icu/StructureDefinition/puls", "leaf": true, "selectable": true}, {"id": "adfe3ae9-f629-4691-961d-9e8b86e44288", "name": "SD_MII_ICU_Herzfrequenz", "display": {"original": "SD MII ICU Herzfrequenz", "translations": [{"language": "de-DE", "value": ""}, {"language": "en-US", "value": ""}]}, "module": "modul-icu", "url": "https://www.medizininformatik-initiative.de/fhir/ext/modul-icu/StructureDefinition/herzfrequenz", "leaf": true, "selectable": true}, {"id": "4d4b910a-a2e4-4c59-a9aa-9be226bf77a0", "name": "SD_MII_ICU_Herzzeitvolumen", "display": {"original": "SD MII ICU Herzzeitvolumen", "translations": [{"language": "de-DE", "value": ""}, {"language": "en-US", "value": ""}]}, "module": "modul-icu", "url": "https://www.medizininformatik-initiative.de/fhir/ext/modul-icu/StructureDefinition/herzzeitvolumen", "leaf": true, "selectable": true}, {"id": "1d9a37cc-eff4-44a1-9657-e26930288f88", "name": "SD_MII_ICU_Ideales_Koerpergewicht", "display": {"original": "SD MII ICU Ideales Koerpergewicht", "translations": [{"language": "de-DE", "value": ""}, {"language": "en-US", "value": ""}]}, "module": "modul-icu", "url": "https://www.medizininformatik-initiative.de/fhir/ext/modul-icu/StructureDefinition/ideales-koerpergewicht", "leaf": true, "selectable": true}, {"id": "d824631b-0bd5-4d53-bedb-7bc6bd01cace", "name": "SD_MII_ICU_Koerpertemperatur_Generisch", "display": {"original": "SD MII ICU Koerpertemperatur Generisch", "translations": [{"language": "de-DE", "value": ""}, {"language": "en-US", "value": ""}]}, "module": "modul-icu", "url": "https://www.medizininformatik-initiative.de/fhir/ext/modul-icu/StructureDefinition/koerpertemperatur-generisch", "leaf": false, "selectable": false, "children": [{"id": "f17ae770-8430-4a4f-86aa-2bfd2d35d927", "name": "SD_MII_ICU_Koerpertemperatur_Blut", "display": {"original": "SD MII ICU Koerpertemperatur Blut", "translations": [{"language": "de-DE", "value": ""}, {"language": "en-US", "value": ""}]}, "module": "modul-icu", "url": "https://www.medizininformatik-initiative.de/fhir/ext/modul-icu/StructureDefinition/koerpertemperatur-blut", "leaf": true, "selectable": true}, {"id": "c128f562-b3ab-45bb-9326-15cd3879a095", "name": "SD_MII_ICU_Koerpertemperatur_Kern", "display": {"original": "SD MII ICU Koerpertemperatur Kern", "translations": [{"language": "de-DE", "value": ""}, {"language": "en-US", "value": ""}]}, "module": "modul-icu", "url": "https://www.medizininformatik-initiative.de/fhir/ext/modul-icu/StructureDefinition/koerpertemperatur-kern", "leaf": true, "selectable": true}, {"id": "547fb617-c2c7-4df2-9a7e-9e93a32bf4ee", "name": "SD_MII_ICU_Koerpertemperatur_Brust", "display": {"original": "SD MII ICU Koerpertemperatur Brust", "translations": [{"language": "de-DE", "value": ""}, {"language": "en-US", "value": ""}]}, "module": "modul-icu", "url": "https://www.medizininformatik-initiative.de/fhir/ext/modul-icu/StructureDefinition/koerpertemperatur-brust", "leaf": true, "selectable": true}, {"id": "28f35afb-55b0-40fb-8074-b926c2550761", "name": "SD_MII_ICU_Koerpertemperatur_Nasal", "display": {"original": "SD MII ICU Koerpertemperatur nasal", "translations": [{"language": "de-DE", "value": ""}, {"language": "en-US", "value": ""}]}, "module": "modul-icu", "url": "https://www.medizininformatik-initiative.de/fhir/ext/modul-icu/StructureDefinition/koerpertemperatur-nasal", "leaf": true, "selectable": true}, {"id": "a7440a81-41ed-4ec8-969c-5a4a6f1a9843", "name": "SD_MII_ICU_Koerpertemperatur_Stirn", "display": {"original": "SD MII ICU Koerpertemperatur Stirn", "translations": [{"language": "de-DE", "value": ""}, {"language": "en-US", "value": ""}]}, "module": "modul-icu", "url": "https://www.medizininformatik-initiative.de/fhir/ext/modul-icu/StructureDefinition/koerpertemperatur-stirn", "leaf": true, "selectable": true}, {"id": "38b8e4ad-d953-4f02-a5d1-9db1f2f60e86", "name": "SD_MII_ICU_Koerpertemperatur_Achsel", "display": {"original": "SD MII ICU Koerpertemperatur Achsel", "translations": [{"language": "de-DE", "value": ""}, {"language": "en-US", "value": ""}]}, "module": "modul-icu", "url": "https://www.medizininformatik-initiative.de/fhir/ext/modul-icu/StructureDefinition/koerpertemperatur-achsel", "leaf": true, "selectable": true}, {"id": "7364a026-e5bf-4366-b2e8-1c3246e32bc8", "name": "SD_MII_ICU_Koerpertemperatur_Leiste", "display": {"original": "SD MII ICU Koerpertemperatur Leiste", "translations": [{"language": "de-DE", "value": ""}, {"language": "en-US", "value": ""}]}, "module": "modul-icu", "url": "https://www.medizininformatik-initiative.de/fhir/ext/modul-icu/StructureDefinition/koerpertemperatur-leiste", "leaf": true, "selectable": true}, {"id": "69121464-73bf-4379-ad27-ef09a403beb8", "name": "SD_MII_ICU_Koerpertemperatur_Rektal", "display": {"original": "SD MII ICU Koerpertemperatur rektal", "translations": [{"language": "de-DE", "value": ""}, {"language": "en-US", "value": ""}]}, "module": "modul-icu", "url": "https://www.medizininformatik-initiative.de/fhir/ext/modul-icu/StructureDefinition/koerpertemperatur-rektal", "leaf": true, "selectable": true}, {"id": "a3273086-b6ce-4c8c-8084-db044cd885b1", "name": "SD_MII_ICU_Koerpertemperatur_Vaginal", "display": {"original": "SD MII ICU Koerpertemperatur vaginal", "translations": [{"language": "de-DE", "value": ""}, {"language": "en-US", "value": ""}]}, "module": "modul-icu", "url": "https://www.medizininformatik-initiative.de/fhir/ext/modul-icu/StructureDefinition/koerpertemperatur-vaginal", "leaf": true, "selectable": true}, {"id": "e75b4622-19c2-4f1f-978f-b9e959de13c8", "name": "SD_MII_ICU_Koerpertemperatur_Atemwege", "display": {"original": "SD MII ICU Koerpertemperatur Atemwege", "translations": [{"language": "de-DE", "value": ""}, {"language": "en-US", "value": ""}]}, "module": "modul-icu", "url": "https://www.medizininformatik-initiative.de/fhir/ext/modul-icu/StructureDefinition/koerpertemperatur-atemwege", "leaf": true, "selectable": true}, {"id": "9135ea06-0aba-4a1b-ab08-b31b23a08407", "name": "SD_MII_ICU_Koerpertemperatur_Harnblase", "display": {"original": "SD MII ICU Koerpertemperatur Harnblase", "translations": [{"language": "de-DE", "value": ""}, {"language": "en-US", "value": ""}]}, "module": "modul-icu", "url": "https://www.medizininformatik-initiative.de/fhir/ext/modul-icu/StructureDefinition/koerpertemperatur-harnblase", "leaf": true, "selectable": true}, {"id": "3f6b1ebd-7491-42bd-be2d-8edbb088d5b8", "name": "SD_MII_ICU_Koerpertemperatur_Trommelfell", "display": {"original": "SD MII ICU Koerpertemperatur Trommelfell", "translations": [{"language": "de-DE", "value": ""}, {"language": "en-US", "value": ""}]}, "module": "modul-icu", "url": "https://www.medizininformatik-initiative.de/fhir/ext/modul-icu/StructureDefinition/koerpertemperatur-trommelfell", "leaf": true, "selectable": true}, {"id": "09601172-5090-422e-9e24-ad44067afc48", "name": "SD_MII_ICU_Koerpertemperatur_Speiseroehre", "display": {"original": "SD MII ICU Koerpertemperatur Speiseroehre", "translations": [{"language": "de-DE", "value": ""}, {"language": "en-US", "value": ""}]}, "module": "modul-icu", "url": "https://www.medizininformatik-initiative.de/fhir/ext/modul-icu/StructureDefinition/koerpertemperatur-speiseroehre", "leaf": true, "selectable": true}, {"id": "0229efd6-505d-45eb-a1b9-c13305895e5f", "name": "SD_MII_ICU_Koerpertemperatur_Unter_Der_Zunge", "display": {"original": "SD MII ICU Koerpertemperatur unter der Zunge", "translations": [{"language": "de-DE", "value": ""}, {"language": "en-US", "value": ""}]}, "module": "modul-icu", "url": "https://www.medizininformatik-initiative.de/fhir/ext/modul-icu/StructureDefinition/koerpertemperatur-unter-der-zunge", "leaf": true, "selectable": true}, {"id": "55f187a4-c50c-4185-9d30-a9f006511ccc", "name": "SD_MII_ICU_Koerpertemperatur_Halswirbelsaeule", "display": {"original": "SD MII ICU Koerpertemperatur Halswirbelsaeule", "translations": [{"language": "de-DE", "value": ""}, {"language": "en-US", "value": ""}]}, "module": "modul-icu", "url": "https://www.medizininformatik-initiative.de/fhir/ext/modul-icu/StructureDefinition/koerpertemperatur-halswirbelsaeule", "leaf": true, "selectable": true}, {"id": "2a0de6ce-4e83-4d90-8149-a2f6ce2ea3af", "name": "SD_MII_ICU_Koerpertemperatur_Brustwirbelsaeule", "display": {"original": "SD MII ICU Koerpertemperatur Brustwirbelsaeule", "translations": [{"language": "de-DE", "value": ""}, {"language": "en-US", "value": ""}]}, "module": "modul-icu", "url": "https://www.medizininformatik-initiative.de/fhir/ext/modul-icu/StructureDefinition/koerpertemperatur-brustwirbelsaeule", "leaf": true, "selectable": true}, {"id": "66b65e78-b3a4-4723-9a63-54df710c47c9", "name": "SD_MII_ICU_Koerpertemperatur_Nasen_Rachen_Raum", "display": {"original": "SD MII ICU Koerpertemperatur Nasen-Rachen-Raum", "translations": [{"language": "de-DE", "value": ""}, {"language": "en-US", "value": ""}]}, "module": "modul-icu", "url": "https://www.medizininformatik-initiative.de/fhir/ext/modul-icu/StructureDefinition/koerpertemperatur-nasen-rachen-raum", "leaf": true, "selectable": true}, {"id": "12bb5d38-4531-434f-b9af-245057a9d187", "name": "SD_MII_ICU_Koerpertemperatur_Lendenwirbelsaeule", "display": {"original": "SD MII ICU Koerpertemperatur Lendenwirbelsaeule", "translations": [{"language": "de-DE", "value": ""}, {"language": "en-US", "value": ""}]}, "module": "modul-icu", "url": "https://www.medizininformatik-initiative.de/fhir/ext/modul-icu/StructureDefinition/koerpertemperatur-lendenwirbelsaeule", "leaf": true, "selectable": true}]}, {"id": "e25d1189-74cd-4d5d-b079-ba36c5b91e8e", "name": "SD_MII_ICU_Koerpergroesse_Percentil", "display": {"original": "SD MII ICU Koerpergroesse Percentil", "translations": [{"language": "de-DE", "value": ""}, {"language": "en-US", "value": ""}]}, "module": "modul-icu", "url": "https://www.medizininformatik-initiative.de/fhir/ext/modul-icu/StructureDefinition/koerpergroesse-percentil", "leaf": true, "selectable": true}, {"id": "7b2589ef-6082-4944-856f-77edfd4bbd1f", "name": "SD_MII_ICU_Intrakranieller_Druck_Icp", "display": {"original": "SD MII ICU Intrakranieller Druck ICP", "translations": [{"language": "de-DE", "value": ""}, {"language": "en-US", "value": ""}]}, "module": "modul-icu", "url": "https://www.medizininformatik-initiative.de/fhir/ext/modul-icu/StructureDefinition/intrakranieller-druck-icp", "leaf": true, "selectable": true}, {"id": "880f6a21-694f-41a7-8fd4-e983cc9531cd", "name": "SD_MII_ICU_Zentralvenoeser_Blutdruck", "display": {"original": "SD MII ICU Zentralvenoeser Blutdruck", "translations": [{"language": "de-DE", "value": ""}, {"language": "en-US", "value": ""}]}, "module": "modul-icu", "url": "https://www.medizininformatik-initiative.de/fhir/ext/modul-icu/StructureDefinition/zentralvenoeser-blutdruck", "leaf": true, "selectable": true}, {"id": "7c8408b6-eb64-48a0-9775-5a7aaae67765", "name": "SD_MII_ICU_Linksventrikulaerer_Herzindex", "display": {"original": "SD MII ICU Linksventrikulaerer Herzindex", "translations": [{"language": "de-DE", "value": ""}, {"language": "en-US", "value": ""}]}, "module": "modul-icu", "url": "https://www.medizininformatik-initiative.de/fhir/ext/modul-icu/StructureDefinition/linksventrikulaerer-herzindex", "leaf": true, "selectable": true}, {"id": "d960491d-a4bd-429d-a3f6-c06b7b30bc72", "name": "SD_MII_ICU_Pulmonalarterieller_Wedge_Druck", "display": {"original": "SD MII ICU Pulmonalarterieller Wedge Druck", "translations": [{"language": "de-DE", "value": ""}, {"language": "en-US", "value": ""}]}, "module": "modul-icu", "url": "https://www.medizininformatik-initiative.de/fhir/ext/modul-icu/StructureDefinition/pulmonalarterieller-wedge-druck", "leaf": true, "selectable": true}, {"id": "e8ec8b5c-45b7-4523-b4bc-e58225846ee9", "name": "SD_MII_ICU_Linksventrikulaeres_Schlagvolumen", "display": {"original": "SD MII ICU Linksventrikulaeres Schlagvolumen", "translations": [{"language": "de-DE", "value": ""}, {"language": "en-US", "value": ""}]}, "module": "modul-icu", "url": "https://www.medizininformatik-initiative.de/fhir/ext/modul-icu/StructureDefinition/linksventrikulaeres-schlagvolumen", "leaf": true, "selectable": true}, {"id": "514556ab-3017-409b-af65-ee073bd635e7", "name": "SD_MII_ICU_Pulmonalvaskulaerer_Widerstandsindex", "display": {"original": "SD MII ICU Pulmonalvaskulaerer Widerstandsindex", "translations": [{"language": "de-DE", "value": ""}, {"language": "en-US", "value": ""}]}, "module": "modul-icu", "url": "https://www.medizininformatik-initiative.de/fhir/ext/modul-icu/StructureDefinition/pulmonalvaskulaerer-widerstandsindex", "leaf": true, "selectable": true}, {"id": "beb14268-c170-4207-aaa6-31e2493db1ac", "name": "SD_MII_ICU_Linksventrikulaeres_Schlagvolumenindex", "display": {"original": "SD MII ICU Linksventrikulaeres Schlagvolumenindex", "translations": [{"language": "de-DE", "value": ""}, {"language": "en-US", "value": ""}]}, "module": "modul-icu", "url": "https://www.medizininformatik-initiative.de/fhir/ext/modul-icu/StructureDefinition/linksventrikulaeres-schlagvolumenindex", "leaf": true, "selectable": true}, {"id": "746fdc45-006f-4207-bc80-06176e95cf86", "name": "SD_MII_ICU_Koerpergewicht_Percentil_Altersabhaengig", "display": {"original": "SD MII ICU Koerpergewicht Percentil Altersabhaengig", "translations": [{"language": "de-DE", "value": ""}, {"language": "en-US", "value": ""}]}, "module": "modul-icu", "url": "https://www.medizininformatik-initiative.de/fhir/ext/modul-icu/StructureDefinition/koerpergewicht-percentil-altersabhaengig", "leaf": true, "selectable": true}, {"id": "c51e8a74-6b83-46ce-a2a1-fa2abe9c8997", "name": "SD_MII_ICU_Systemischer_Vaskulaerer_Widerstandsindex", "display": {"original": "SD MII ICU Systemischer Vaskulaerer Widerstandsindex", "translations": [{"language": "de-DE", "value": ""}, {"language": "en-US", "value": ""}]}, "module": "modul-icu", "url": "https://www.medizininformatik-initiative.de/fhir/ext/modul-icu/StructureDefinition/systemischer-vaskulaerer-widerstandsindex", "leaf": true, "selectable": true}, {"id": "e66ec1f1-0d82-4fbe-aadb-529f2c9a170d", "name": "SD_MII_ICU_Linksventrikulaeres_Herzzeitvolumen_Durch_Indikatorverduennung", "display": {"original": "SD MII ICU Linksventrikulaeres Herzzeitvolumen Durch Indikatorverduennung", "translations": [{"language": "de-DE", "value": ""}, {"language": "en-US", "value": ""}]}, "module": "modul-icu", "url": "https://www.medizininformatik-initiative.de/fhir/ext/modul-icu/StructureDefinition/linksventrikulaeres-herzzeitvolumen-durch-indikatorverduennung", "leaf": true, "selectable": true}, {"id": "dcfc9ec5-23cd-4769-a25b-2aa49803d93d", "name": "SD_MII_ICU_Linksventrikulaerer_Herzindex_Durch_Indikatorverduennung", "display": {"original": "SD MII ICU Linksventrikulaerer Herzindex durch Indikatorverduennung", "translations": [{"language": "de-DE", "value": ""}, {"language": "en-US", "value": ""}]}, "module": "modul-icu", "url": "https://www.medizininformatik-initiative.de/fhir/ext/modul-icu/StructureDefinition/linksventrikulaerer-herzindex-durch-indikatorverduennung", "leaf": true, "selectable": true}, {"id": "b89fb561-5fcc-4156-8a0d-f8eba9a6207c", "name": "SD_MII_ICU_Linksventrikulaerer_Schlagvolumenindex_Durch_Indikatorverduennung", "display": {"original": "SD MII ICU Linksventrikulaerer Schlagvolumenindex Durch Indikatorverduennung", "translations": [{"language": "de-DE", "value": ""}, {"language": "en-US", "value": ""}]}, "module": "modul-icu", "url": "https://www.medizininformatik-initiative.de/fhir/ext/modul-icu/StructureDefinition/linksventrikulaerer-schlagvolumenindex-durch-indikatorverduennung", "leaf": true, "selectable": true}, {"id": "5e4cdcd3-85a9-419e-8d1b-ce66dabf2b68", "name": "SD_MII_ICU_Sauerstoffsaettigung_Im_Blut_Preduktal_Durch_Pulsoxymetrie", "display": {"original": "SD MII ICU Sauerstoffsaettigung Im Blut Preduktal Durch Pulsoxymetrie", "translations": [{"language": "de-DE", "value": ""}, {"language": "en-US", "value": ""}]}, "module": "modul-icu", "url": "https://www.medizininformatik-initiative.de/fhir/ext/modul-icu/StructureDefinition/sauerstoffsaettigung-im-blut-preduktal-durch-pulsoxymetrie", "leaf": true, "selectable": true}, {"id": "de8ae192-7115-468d-abf9-44910b36d7da", "name": "SD_MII_ICU_Sauerstoffsaettigung_Im_Blut_Postduktal_Durch_Pulsoxymetrie", "display": {"original": "SD MII ICU Sauerstoffsaettigung Im Blut Postduktal Durch Pulsoxymetrie", "translations": [{"language": "de-DE", "value": ""}, {"language": "en-US", "value": ""}]}, "module": "modul-icu", "url": "https://www.medizininformatik-initiative.de/fhir/ext/modul-icu/StructureDefinition/sauerstoffsaettigung-im-blut-postduktal-durch-pulsoxymetrie", "leaf": true, "selectable": true}, {"id": "4818ee9c-19bb-4d7e-93fd-36c4c5302baa", "name": "SD_MII_ICU_Linksventrikulaeres_Schlagvolumen_Durch_Indikatorverduennung", "display": {"original": "SD MII ICU Linksventrikulaeres Schlagvolumen Durch Indikatorverduennung", "translations": [{"language": "de-DE", "value": ""}, {"language": "en-US", "value": ""}]}, "module": "modul-icu", "url": "https://www.medizininformatik-initiative.de/fhir/ext/modul-icu/StructureDefinition/linksventrikulaeres-schlagvolumen-durch-indikatorverduennung", "leaf": true, "selectable": true}, {"id": "4651d29f-ee6d-4764-84eb-8616027e4aee", "name": "SD_MII_ICU_Sauerstoffsaettigung_Im_Arteriellen_Blut_Durch_Pulsoxymetrie", "display": {"original": "SD MII ICU Sauerstoffsaettigung Im Arteriellen Blut Durch Pulsoxymetrie", "translations": [{"language": "de-DE", "value": ""}, {"language": "en-US", "value": ""}]}, "module": "modul-icu", "url": "https://www.medizininformatik-initiative.de/fhir/ext/modul-icu/StructureDefinition/sauerstoffsaettigung-im-arteriellen-blut-durch-pulsoxymetrie", "leaf": true, "selectable": true}]}, {"id": "7a00eefb-570b-48ce-8f38-294ab0203bc7", "name": "SD_MII_ICU_Icu_Device", "display": {"original": "SD MII ICU ICU Device", "translations": [{"language": "de-DE", "value": ""}, {"language": "en-US", "value": ""}]}, "module": "modul-icu", "url": "https://www.medizininformatik-initiative.de/fhir/ext/modul-icu/StructureDefinition/icu-device", "leaf": true, "selectable": true}, {"id": "2cc3ac2e-57f3-46b0-a723-e6413995ecdc", "name": "SD_MII_ICU_Parameter_Von_Extrakorporalen_Verfahren", "display": {"original": "SD MII ICU Parameter von Extrakorporalen Verfahren", "translations": [{"language": "de-DE", "value": ""}, {"language": "en-US", "value": ""}]}, "module": "modul-icu", "url": "https://www.medizininformatik-initiative.de/fhir/ext/modul-icu/StructureDefinition/parameter-von-extrakorporalen-verfahren", "leaf": false, "selectable": false, "children": [{"id": "a09fb0f9-93b1-4d0d-9f7d-f0124b28e696", "name": "SD_MII_ICU_Venoeser_Druck", "display": {"original": "SD MII ICU Venoeser Druck", "translations": [{"language": "de-DE", "value": ""}, {"language": "en-US", "value": ""}]}, "module": "modul-icu", "url": "https://www.medizininformatik-initiative.de/fhir/ext/modul-icu/StructureDefinition/venoeser-druck", "leaf": true, "selectable": true}, {"id": "e78315f0-29ee-4bf5-b899-897c0886956d", "name": "SD_MII_ICU_Substituatfluss", "display": {"original": "SD MII ICU Substituatfluss", "translations": [{"language": "de-DE", "value": ""}, {"language": "en-US", "value": ""}]}, "module": "modul-icu", "url": "https://www.medizininformatik-initiative.de/fhir/ext/modul-icu/StructureDefinition/substituatfluss", "leaf": true, "selectable": true}, {"id": "30c657fc-51cb-4767-872d-7b5cb6c8b4ec", "name": "SD_MII_ICU_Arterieller_Druck", "display": {"original": "SD MII ICU Arterieller Druck", "translations": [{"language": "de-DE", "value": ""}, {"language": "en-US", "value": ""}]}, "module": "modul-icu", "url": "https://www.medizininformatik-initiative.de/fhir/ext/modul-icu/StructureDefinition/arterieller-druck", "leaf": true, "selectable": true}, {"id": "57316b98-2dd4-4ee9-8e2a-03feddadd801", "name": "SD_MII_ICU_Substituatvolumen", "display": {"original": "SD MII ICU Substituatvolumen", "translations": [{"language": "de-DE", "value": ""}, {"language": "en-US", "value": ""}]}, "module": "modul-icu", "url": "https://www.medizininformatik-initiative.de/fhir/ext/modul-icu/StructureDefinition/substituatvolumen", "leaf": true, "selectable": true}, {"id": "e4cd0672-a136-418e-8bbb-086c4029b7af", "name": "SD_MII_ICU_Sauerstoffgasfluss", "display": {"original": "SD MII ICU Sauerstoffgasfluss", "translations": [{"language": "de-DE", "value": ""}, {"language": "en-US", "value": ""}]}, "module": "modul-icu", "url": "https://www.medizininformatik-initiative.de/fhir/ext/modul-icu/StructureDefinition/sauerstoffgasfluss", "leaf": true, "selectable": true}, {"id": "680cc658-750a-4f59-a335-149b3d8e5e43", "name": "SD_MII_ICU_Haemodialyse_Blutfluss", "display": {"original": "SD MII ICU Haemodialyse Blutfluss", "translations": [{"language": "de-DE", "value": ""}, {"language": "en-US", "value": ""}]}, "module": "modul-icu", "url": "https://www.medizininformatik-initiative.de/fhir/ext/modul-icu/StructureDefinition/haemodialyse-blutfluss", "leaf": true, "selectable": true}, {"id": "94b57aad-1f40-49ef-9c63-ed34d7683627", "name": "SD_MII_ICU_Dauer_Haemodialysesitzung", "display": {"original": "SD MII ICU Dauer Haemodialysesitzung", "translations": [{"language": "de-DE", "value": ""}, {"language": "en-US", "value": ""}]}, "module": "modul-icu", "url": "https://www.medizininformatik-initiative.de/fhir/ext/modul-icu/StructureDefinition/dauer-haemodialysesitzung", "leaf": true, "selectable": true}, {"id": "16af6673-6250-425e-a1bb-899c1e74dd56", "name": "SD_MII_ICU_Blutfluss_Cardiovasculaeres_Geraet", "display": {"original": "SD MII ICU Blutfluss Cardiovasculaeres Geraet", "translations": [{"language": "de-DE", "value": ""}, {"language": "en-US", "value": ""}]}, "module": "modul-icu", "url": "https://www.medizininformatik-initiative.de/fhir/ext/modul-icu/StructureDefinition/blutfluss-cardiovasculaeres-geraet", "leaf": true, "selectable": true}, {"id": "a7f555b1-7ff7-4306-8b69-9027d29c6025", "name": "SD_MII_ICU_Dauer_Extrakorporaler_Gasaustausch", "display": {"original": "SD MII ICU Dauer Extrakorporaler Gasaustausch", "translations": [{"language": "de-DE", "value": ""}, {"language": "en-US", "value": ""}]}, "module": "modul-icu", "url": "https://www.medizininformatik-initiative.de/fhir/ext/modul-icu/StructureDefinition/dauer-extrakorporaler-gasaustausch", "leaf": true, "selectable": true}, {"id": "a2eea63a-5045-4eee-8b09-2e7d60be18af", "name": "SD_MII_ICU_Blutfluss_Extrakorporaler_Gasaustausch", "display": {"original": "SD MII ICU Blutfluss Extrakorporaler Gasaustausch", "translations": [{"language": "de-DE", "value": ""}, {"language": "en-US", "value": ""}]}, "module": "modul-icu", "url": "https://www.medizininformatik-initiative.de/fhir/ext/modul-icu/StructureDefinition/blutfluss-extrakorporaler-gasaustausch", "leaf": true, "selectable": true}, {"id": "93504eff-78bb-4f4c-bef6-38e8c0ae44f3", "name": "SD_MII_ICU_Ionisiertes_Kalzium_Nierenersatzverfahren", "display": {"original": "SD MII ICU Ionisiertes Kalzium Nierenersatzverfahren", "translations": [{"language": "de-DE", "value": ""}, {"language": "en-US", "value": ""}]}, "module": "modul-icu", "url": "https://www.medizininformatik-initiative.de/fhir/ext/modul-icu/StructureDefinition/ionisiertes-kalzium-nierenersatzverfahren", "leaf": true, "selectable": true}, {"id": "4e33499b-2934-4f4f-87fc-6a32473ba880", "name": "SD_MII_ICU_Blutflussindex_Extrakorporaler_Gasaustausch", "display": {"original": "SD MII ICU Blutflussindex Extrakorporaler Gasaustausch", "translations": [{"language": "de-DE", "value": ""}, {"language": "en-US", "value": ""}]}, "module": "modul-icu", "url": "https://www.medizininformatik-initiative.de/fhir/ext/modul-icu/StructureDefinition/blutflussindex-extrakorporaler-gasaustausch", "leaf": true, "selectable": true}]}, {"id": "45d3012b-9ef0-44f8-815f-5992b9d17828", "name": "SD_MII_ICU_Sonstige_Pulsatile_Druecke_Generisch", "display": {"original": "SD MII ICU Sonstige pulsatile Druecke Generisch", "translations": [{"language": "de-DE", "value": ""}, {"language": "en-US", "value": ""}]}, "module": "modul-icu", "url": "https://www.medizininformatik-initiative.de/fhir/ext/modul-icu/StructureDefinition/sonstige-pulsatile-druecke-generisch", "leaf": false, "selectable": false, "children": [{"id": "1bf9f1f0-0570-40be-bf0e-e61e98730e37", "name": "SD_MII_ICU_Linksatrialer_Druck", "display": {"original": "SD MII ICU Linksatrialer Druck", "translations": [{"language": "de-DE", "value": ""}, {"language": "en-US", "value": ""}]}, "module": "modul-icu", "url": "https://www.medizininformatik-initiative.de/fhir/ext/modul-icu/StructureDefinition/linksatrialer-druck", "leaf": true, "selectable": true}, {"id": "a451d785-c91b-44f1-a83f-532da74f771a", "name": "SD_MII_ICU_Rechtsatrialer_Druck", "display": {"original": "SD MII ICU Rechtsatrialer Druck", "translations": [{"language": "de-DE", "value": ""}, {"language": "en-US", "value": ""}]}, "module": "modul-icu", "url": "https://www.medizininformatik-initiative.de/fhir/ext/modul-icu/StructureDefinition/rechtsatrialer-druck", "leaf": true, "selectable": true}, {"id": "41b8e0e8-120e-4db8-b6a4-404dc3708edc", "name": "SD_MII_ICU_Linksventrikulaerer_Druck", "display": {"original": "SD MII ICU Linksventrikulaerer Druck", "translations": [{"language": "de-DE", "value": ""}, {"language": "en-US", "value": ""}]}, "module": "modul-icu", "url": "https://www.medizininformatik-initiative.de/fhir/ext/modul-icu/StructureDefinition/linksventrikulaerer-druck", "leaf": true, "selectable": true}, {"id": "d47f1cce-6960-46b1-8b67-241431b8bfd4", "name": "SD_MII_ICU_Rechtsventrikulaerer_Druck", "display": {"original": "SD MII ICU Rechtsventrikulaerer Druck", "translations": [{"language": "de-DE", "value": ""}, {"language": "en-US", "value": ""}]}, "module": "modul-icu", "url": "https://www.medizininformatik-initiative.de/fhir/ext/modul-icu/StructureDefinition/rechtsventrikulaerer-druck", "leaf": true, "selectable": true}, {"id": "7269e772-58f4-4e23-b1eb-a939904b079f", "name": "SD_MII_ICU_Pulmonalarterieller_Blutdruck", "display": {"original": "SD MII ICU Pulmonalarterieller Blutdruck", "translations": [{"language": "de-DE", "value": ""}, {"language": "en-US", "value": ""}]}, "module": "modul-icu", "url": "https://www.medizininformatik-initiative.de/fhir/ext/modul-icu/StructureDefinition/pulmonalarterieller-blutdruck", "leaf": true, "selectable": true}]}, {"id": "43be185d-0f69-4b22-a1d5-ae6241e3659b", "name": "SD_MII_ICU_Parameter_Von_Beatmung", "display": {"original": "SD MII ICU Parameter von Beatmung", "translations": [{"language": "de-DE", "value": ""}, {"language": "en-US", "value": ""}]}, "module": "modul-icu", "url": "https://www.medizininformatik-initiative.de/fhir/ext/modul-icu/StructureDefinition/parameter-von-beatmung", "leaf": true, "selectable": true, "children": [{"id": "484bdc55-bf36-40af-bfaf-06b309c5c518", "name": "SD_MII_ICU_Druckdifferenz_Beatmung", "display": {"original": "SD MII ICU Druckdifferenz Beatmung", "translations": [{"language": "de-DE", "value": ""}, {"language": "en-US", "value": ""}]}, "module": "modul-icu", "url": "https://www.medizininformatik-initiative.de/fhir/ext/modul-icu/StructureDefinition/druckdifferenz-beatmung", "leaf": true, "selectable": true}, {"id": "d1e3d21a-7c9a-41d8-ae84-a1f34278a1d6", "name": "SD_MII_ICU_Maximaler_Beatmungsdruck", "display": {"original": "SD MII ICU Maximaler Beatmungsdruck", "translations": [{"language": "de-DE", "value": ""}, {"language": "en-US", "value": ""}]}, "module": "modul-icu", "url": "https://www.medizininformatik-initiative.de/fhir/ext/modul-icu/StructureDefinition/maximaler-beatmungsdruck", "leaf": true, "selectable": true}, {"id": "1f83dab8-4be4-479d-b5ba-89d8f7cef30a", "name": "SD_MII_ICU_Mittlerer_Beatmungsdruck", "display": {"original": "SD MII ICU Mittlerer Beatmungsdruck", "translations": [{"language": "de-DE", "value": ""}, {"language": "en-US", "value": ""}]}, "module": "modul-icu", "url": "https://www.medizininformatik-initiative.de/fhir/ext/modul-icu/StructureDefinition/mittlerer-beatmungsdruck", "leaf": true, "selectable": true}, {"id": "45e2e8b4-2e21-424e-b2bc-ee6b0b58ac4d", "name": "SD_MII_ICU_Spontanes_Atemzugvolumen", "display": {"original": "SD MII ICU Spontanes Atemzugvolumen", "translations": [{"language": "de-DE", "value": ""}, {"language": "en-US", "value": ""}]}, "module": "modul-icu", "url": "https://www.medizininformatik-initiative.de/fhir/ext/modul-icu/StructureDefinition/spontanes-atemzugvolumen", "leaf": true, "selectable": true}, {"id": "45448c2e-31e3-43dc-a060-7b7c778d2f04", "name": "SD_MII_ICU_Beatmungszeit_Hohem_Druck", "display": {"original": "SD MII ICU Beatmungszeit Hohem Druck", "translations": [{"language": "de-DE", "value": ""}, {"language": "en-US", "value": ""}]}, "module": "modul-icu", "url": "https://www.medizininformatik-initiative.de/fhir/ext/modul-icu/StructureDefinition/beatmungszeit-hohem-druck", "leaf": true, "selectable": true}, {"id": "7a7221bc-95e7-421b-9204-e9cc6e8a0038", "name": "SD_MII_ICU_Exspiratorischer_Gasfluss", "display": {"original": "SD MII ICU Exspiratorischer Gasfluss", "translations": [{"language": "de-DE", "value": ""}, {"language": "en-US", "value": ""}]}, "module": "modul-icu", "url": "https://www.medizininformatik-initiative.de/fhir/ext/modul-icu/StructureDefinition/exspiratorischer-gasfluss", "leaf": true, "selectable": true}, {"id": "4ab6b637-b142-4791-b921-0216a810630b", "name": "SD_MII_ICU_Inspiratorischer_Gasfluss", "display": {"original": "SD MII ICU Inspiratorischer Gasfluss", "translations": [{"language": "de-DE", "value": ""}, {"language": "en-US", "value": ""}]}, "module": "modul-icu", "url": "https://www.medizininformatik-initiative.de/fhir/ext/modul-icu/StructureDefinition/inspiratorischer-gasfluss", "leaf": true, "selectable": true}, {"id": "08e5f214-30da-4afa-acc2-0b6bd1aca97b", "name": "SD_MII_ICU_Atemzugvolumen_Einstellung", "display": {"original": "SD MII ICU Atemzugvolumen Einstellung", "translations": [{"language": "de-DE", "value": ""}, {"language": "en-US", "value": ""}]}, "module": "modul-icu", "url": "https://www.medizininformatik-initiative.de/fhir/ext/modul-icu/StructureDefinition/atemzugvolumen-einstellung", "leaf": true, "selectable": true}, {"id": "b164a9db-d650-4c87-b9b9-b5d52eb03ea2", "name": "SD_MII_ICU_Horowitz_In_Arteriellem_Blut", "display": {"original": "SD MII ICU Horowitz In Arteriellem Blut", "translations": [{"language": "de-DE", "value": ""}, {"language": "en-US", "value": ""}]}, "module": "modul-icu", "url": "https://www.medizininformatik-initiative.de/fhir/ext/modul-icu/StructureDefinition/horowitz-in-arteriellem-blut", "leaf": true, "selectable": true}, {"id": "909568de-b2d6-49d6-ade3-d38cb10be20d", "name": "SD_MII_ICU_Unterstuezungsdruck_Beatmung", "display": {"original": "SD MII ICU Unterstuezungsdruck Beatmung", "translations": [{"language": "de-DE", "value": ""}, {"language": "en-US", "value": ""}]}, "module": "modul-icu", "url": "https://www.medizininformatik-initiative.de/fhir/ext/modul-icu/StructureDefinition/unterstuetzungsdruck-beatmung", "leaf": true, "selectable": true}, {"id": "1d1c89ac-b46a-4f5d-b9af-da0774a88327", "name": "SD_MII_ICU_Beatmungszeit_Niedrigem_Druck", "display": {"original": "SD MII ICU Beatmungszeit Niedrigem Druck", "translations": [{"language": "de-DE", "value": ""}, {"language": "en-US", "value": ""}]}, "module": "modul-icu", "url": "https://www.medizininformatik-initiative.de/fhir/ext/modul-icu/StructureDefinition/beatmungszeit-niedrigem-druck", "leaf": true, "selectable": true}, {"id": "8c068f5c-8e94-4a56-90fa-16d4690b7e0c", "name": "SD_MII_ICU_Spontane_Atemfrequenz_Beatmet", "display": {"original": "SD MII ICU Spontane Atemfrequenz Beatmet", "translations": [{"language": "de-DE", "value": ""}, {"language": "en-US", "value": ""}]}, "module": "modul-icu", "url": "https://www.medizininformatik-initiative.de/fhir/ext/modul-icu/StructureDefinition/spontane-atemfrequenz-beatmet", "leaf": true, "selectable": true}, {"id": "ea8aec01-c324-4bc9-bc2c-aaaded71f6e3", "name": "SD_MII_ICU_Zeitverhaeltnis_Ein_Ausatmung", "display": {"original": "SD MII ICU Zeitverhaeltnis Ein Ausatmung", "translations": [{"language": "de-DE", "value": ""}, {"language": "en-US", "value": ""}]}, "module": "modul-icu", "url": "https://www.medizininformatik-initiative.de/fhir/ext/modul-icu/StructureDefinition/zeitverhaeltnis-ein-ausatmung", "leaf": true, "selectable": true}, {"id": "758d7620-a3f6-4dde-960a-c6d7749eba84", "name": "SD_MII_ICU_Atemzugvolumen_Waehrend_Beatmung", "display": {"original": "SD MII ICU Atemzugvolumen Waehrend Beatmung", "translations": [{"language": "de-DE", "value": ""}, {"language": "en-US", "value": ""}]}, "module": "modul-icu", "url": "https://www.medizininformatik-initiative.de/fhir/ext/modul-icu/StructureDefinition/atemzugvolumen-waehrend-beatmung", "leaf": true, "selectable": true}, {"id": "02b06f7e-24e8-4c00-a039-3cc6be35d2d5", "name": "SD_MII_ICU_Mechanische_Atemfrequenz_Beatmet", "display": {"original": "SD MII ICU Mechanische Atemfrequenz Beatmet", "translations": [{"language": "de-DE", "value": ""}, {"language": "en-US", "value": ""}]}, "module": "modul-icu", "url": "https://www.medizininformatik-initiative.de/fhir/ext/modul-icu/StructureDefinition/mechanische-atemfrequenz-beatmet", "leaf": true, "selectable": true}, {"id": "79dc316b-c9b0-48a0-8294-834b03a3a68f", "name": "SD_MII_ICU_Positiv_Endexpiratorischer_Druck", "display": {"original": "SD MII ICU Positiv Endexpiratorischer Druck", "translations": [{"language": "de-DE", "value": ""}, {"language": "en-US", "value": ""}]}, "module": "modul-icu", "url": "https://www.medizininformatik-initiative.de/fhir/ext/modul-icu/StructureDefinition/positiv-endexpiratorischer-druck", "leaf": true, "selectable": true}, {"id": "44be8712-d3e5-4764-aab4-ff5051d2f572", "name": "SD_MII_ICU_Einstellung_Ausatmungszeit_Beatmung", "display": {"original": "SD MII ICU Einstellung Ausatmungszeit Beatmung", "translations": [{"language": "de-DE", "value": ""}, {"language": "en-US", "value": ""}]}, "module": "modul-icu", "url": "https://www.medizininformatik-initiative.de/fhir/ext/modul-icu/StructureDefinition/einstellung-ausatmungszeit-beatmung", "leaf": true, "selectable": true}, {"id": "456d6a57-7129-47c4-937c-d91fe1c4d70b", "name": "SD_MII_ICU_Einstellung_Einatmungszeit_Beatmung", "display": {"original": "SD MII ICU Einstellung Einatmungszeit Beatmung", "translations": [{"language": "de-DE", "value": ""}, {"language": "en-US", "value": ""}]}, "module": "modul-icu", "url": "https://www.medizininformatik-initiative.de/fhir/ext/modul-icu/StructureDefinition/einstellung-einatmungszeit-beatmung", "leaf": true, "selectable": true}, {"id": "2773b02b-8d1a-48ba-9036-2ade00d0ba83", "name": "SD_MII_ICU_Eingestellter_Inspiratorischer_Gasfluss", "display": {"original": "SD MII ICU Eingestellter Inspiratorischer Gasfluss", "translations": [{"language": "de-DE", "value": ""}, {"language": "en-US", "value": ""}]}, "module": "modul-icu", "url": "https://www.medizininformatik-initiative.de/fhir/ext/modul-icu/StructureDefinition/eingestellter-inspiratorischer-gasfluss", "leaf": true, "selectable": true}, {"id": "3b012e35-2018-4125-910c-fc14c46a0c7f", "name": "SD_MII_ICU_Exspiratorischer_Sauerstoffpartialdruck", "display": {"original": "SD MII ICU Exspiratorischer Sauerstoffpartialdruck", "translations": [{"language": "de-DE", "value": ""}, {"language": "en-US", "value": ""}]}, "module": "modul-icu", "url": "https://www.medizininformatik-initiative.de/fhir/ext/modul-icu/StructureDefinition/exspiratorischer-sauerstoffpartialdruck", "leaf": true, "selectable": true}, {"id": "b0673492-77ba-46af-a2ac-8e35f2de956c", "name": "SD_MII_ICU_Spontane_Mechanische_Atemfrequenz_Beatmet", "display": {"original": "SD MII ICU Spontane Mechanische Atemfrequenz Beatmet", "translations": [{"language": "de-DE", "value": ""}, {"language": "en-US", "value": ""}]}, "module": "modul-icu", "url": "https://www.medizininformatik-initiative.de/fhir/ext/modul-icu/StructureDefinition/spontane-mechanische-atemfrequenz-beatmet", "leaf": true, "selectable": true}, {"id": "e07cdbf1-bc07-4a08-8688-597a43907c80", "name": "SD_MII_ICU_Endexpiratorischer_Kohlendioxidpartialdruck", "display": {"original": "SD MII ICU Endexpiratorischer Kohlendioxidpartialdruck", "translations": [{"language": "de-DE", "value": ""}, {"language": "en-US", "value": ""}]}, "module": "modul-icu", "url": "https://www.medizininformatik-initiative.de/fhir/ext/modul-icu/StructureDefinition/endexpiratorischer-kohlendioxidpartialdruck", "leaf": true, "selectable": true}, {"id": "86d628ed-d648-43e6-99cb-0181c264dfb9", "name": "SD_MII_ICU_Inspiratorische_Sauerstofffraktion_Gemessen", "display": {"original": "SD MII ICU Inspiratorische Sauerstofffraktion Gemessen", "translations": [{"language": "de-DE", "value": ""}, {"language": "en-US", "value": ""}]}, "module": "modul-icu", "url": "https://www.medizininformatik-initiative.de/fhir/ext/modul-icu/StructureDefinition/inspiratorische-sauerstofffraktion-gemessen", "leaf": true, "selectable": true}, {"id": "e0b5a738-ef05-4eec-8920-beaa69f4c589", "name": "SD_MII_ICU_Inspiratorische_Sauerstofffraktion_Eingestellt", "display": {"original": "SD MII ICU Inspiratorische Sauerstofffraktion Eingestellt", "translations": [{"language": "de-DE", "value": ""}, {"language": "en-US", "value": ""}]}, "module": "modul-icu", "url": "https://www.medizininformatik-initiative.de/fhir/ext/modul-icu/StructureDefinition/inspiratorische-sauerstofffraktion-eingestellt", "leaf": true, "selectable": true}, {"id": "51ad1652-a2b1-48a6-ae65-576d3442fe00", "name": "SD_MII_ICU_Atemwegsdruck_Bei_Null_Expiratorischem_Gasfluss", "display": {"original": "SD MII ICU Atemwegsdruck Bei Null Expiratorischem Gasfluss", "translations": [{"language": "de-DE", "value": ""}, {"language": "en-US", "value": ""}]}, "module": "modul-icu", "url": "https://www.medizininformatik-initiative.de/fhir/ext/modul-icu/StructureDefinition/atemwegsdruck-bei-null-expiratorischem-gasfluss", "leaf": true, "selectable": true}, {"id": "c28a6efb-2143-4f85-a352-a791a28a7fbe", "name": "SD_MII_ICU_Beatmungsvolumen_Pro_Minute_Maschineller_Beatmung", "display": {"original": "SD MII ICU Beatmungsvolumen Pro Minute Maschineller Beatmung", "translations": [{"language": "de-DE", "value": ""}, {"language": "en-US", "value": ""}]}, "module": "modul-icu", "url": "https://www.medizininformatik-initiative.de/fhir/ext/modul-icu/StructureDefinition/beatmungsvolumen-pro-minute-maschineller-beatmung", "leaf": true, "selectable": true}, {"id": "04977c90-0bce-47f1-b270-53c5e85e9c96", "name": "SD_MII_ICU_Spontanes_Mechanisches_Atemzugvolumen_Waehrend_Beatmung", "display": {"original": "SD MII ICU Spontanes Mechanisches Atemzugvolumen Waehrend Beatmung", "translations": [{"language": "de-DE", "value": ""}, {"language": "en-US", "value": ""}]}, "module": "modul-icu", "url": "https://www.medizininformatik-initiative.de/fhir/ext/modul-icu/StructureDefinition/spontanes-mechanisches-atemzugvolumen-waehrend-beatmung", "leaf": true, "selectable": true}, {"id": "dbc101d0-7be3-4751-a96b-edc3c5442e06", "name": "SD_MII_ICU_Atemwegsdruck_Bei_Mittlerem_Expiratorischem_Gasfluss", "display": {"original": "SD MII ICU Atemwegsdruck Bei Mittlerem Expiratorischem Gasfluss", "translations": [{"language": "de-DE", "value": ""}, {"language": "en-US", "value": ""}]}, "module": "modul-icu", "url": "https://www.medizininformatik-initiative.de/fhir/ext/modul-icu/StructureDefinition/atemwegsdruck-bei-mittlerem-expiratorischem-gasfluss", "leaf": true, "selectable": true}]}, {"id": "0327fcf9-e1a3-4735-b4f5-ce16c1be02d6", "name": "SD_MII_ICU_Devicemetric_Eingestellte_Gemessene_Parameter_Beatmung", "display": {"original": "SD MII ICU DeviceMetric Eingestellte Gemessene Parameter Beatmung", "translations": [{"language": "de-DE", "value": ""}, {"language": "en-US", "value": ""}]}, "module": "modul-icu", "url": "https://www.medizininformatik-initiative.de/fhir/ext/modul-icu/StructureDefinition/devicemetric-eingestellte-gemessene-parameter-beatmung", "leaf": true, "selectable": true}, {"id": "3a6f809d-d270-4560-a52f-681fbc34acdf", "name": "SD_MII_ICU_Devicemetric_Eingestellte_Gemessene_Parameter_Extrakorporale_Verfahren", "display": {"original": "SD MII ICU DeviceMetric Eingestellte Gemessene Parameter Extrakorporale Verfahren", "translations": [{"language": "de-DE", "value": ""}, {"language": "en-US", "value": ""}]}, "module": "modul-icu", "url": "https://www.medizininformatik-initiative.de/fhir/ext/modul-icu/StructureDefinition/devicemetric-eingestellte-gemessene-parameter-extrakorporale-verfahren", "leaf": true, "selectable": true}]}, {"id": "a63ab550-4d7c-460d-9775-b22e584fd568", "name": "modul-molgen", "display": {"original": "modul-molgen", "translations": [{"language": "de-DE", "value": "modul-molgen"}, {"language": "en-US", "value": "modul-molgen"}]}, "url": "modul-molgen", "module": "modul-molgen", "selectable": false, "leaf": false, "children": [{"id": "20f27137-4c0d-4e97-b8c6-814c9656ac18", "name": "MII_PR_MolGen_Genotyp", "display": {"original": "MII PR MolGen Genotyp", "translations": [{"language": "de-DE", "value": ""}, {"language": "en-US", "value": ""}]}, "module": "modul-molgen", "url": "https://www.medizininformatik-initiative.de/fhir/ext/modul-molgen/StructureDefinition/genotyp", "leaf": true, "selectable": true}, {"id": "5218a5f0-dc88-419b-aa57-6db99ae2721c", "name": "MII_PR_MolGen_Variante", "display": {"original": "MII PR MolGen Variante", "translations": [{"language": "de-DE", "value": ""}, {"language": "en-US", "value": ""}]}, "module": "modul-molgen", "url": "https://www.medizininformatik-initiative.de/fhir/ext/modul-molgen/StructureDefinition/variante", "leaf": true, "selectable": true}, {"id": "9e12f04e-4afb-4404-a14a-ec365ca407f6", "name": "MII_PR_MolGen_Mutationslast", "display": {"original": "MII PR MolGen Mutationslast", "translations": [{"language": "de-DE", "value": ""}, {"language": "en-US", "value": ""}]}, "module": "modul-molgen", "url": "https://www.medizininformatik-initiative.de/fhir/ext/modul-molgen/StructureDefinition/mutationslast", "leaf": true, "selectable": true}, {"id": "14f9a342-db6b-4371-85d5-c3d07a97a932", "name": "MII_PR_MolGen_Familienanamnese", "display": {"original": "MII PR MolGen Familienanamnese", "translations": [{"language": "de-DE", "value": ""}, {"language": "en-US", "value": ""}]}, "module": "modul-molgen", "url": "https://www.medizininformatik-initiative.de/fhir/ext/modul-molgen/StructureDefinition/familienanamnese", "leaf": true, "selectable": true}, {"id": "b5e655d8-b612-4a5d-a6a1-b0bd844a8ccf", "name": "MII_PR_MolGen_UntersuchteRegion", "display": {"original": "MII PR MolGen Untersuchte Region", "translations": [{"language": "de-DE", "value": ""}, {"language": "en-US", "value": ""}]}, "module": "modul-molgen", "url": "https://www.medizininformatik-initiative.de/fhir/ext/modul-molgen/StructureDefinition/untersuchte-region", "leaf": true, "selectable": true}, {"id": "55229806-acd4-4b25-9a97-dacb99895e11", "name": "MII_PR_MolGen_Medikationsempfehlung", "display": {"original": "MII PR MolGen Medikationsempfehlung", "translations": [{"language": "de-DE", "value": ""}, {"language": "en-US", "value": ""}]}, "module": "modul-molgen", "url": "https://www.medizininformatik-initiative.de/fhir/ext/modul-molgen/StructureDefinition/medikationsempfehlung", "leaf": true, "selectable": true}, {"id": "165677ae-dfc2-4b96-ae6c-c4393b73b7b1", "name": "MII_PR_MolGen_PolygenerRisikoScore", "display": {"original": "MII PR MolGen Polygener Risiko Score", "translations": [{"language": "de-DE", "value": ""}, {"language": "en-US", "value": ""}]}, "module": "modul-molgen", "url": "https://www.medizininformatik-initiative.de/fhir/ext/modul-molgen/StructureDefinition/polygener-risiko-score", "leaf": true, "selectable": true}, {"id": "ba9db2a5-9600-4555-b494-75ddabfe6a59", "name": "MII_PR_MolGen_ErgebnisZusammenfassung", "display": {"original": "MII PR MolGen Ergebnis Zusammenfassung", "translations": [{"language": "de-DE", "value": ""}, {"language": "en-US", "value": ""}]}, "module": "modul-molgen", "url": "https://www.medizininformatik-initiative.de/fhir/ext/modul-molgen/StructureDefinition/ergebnis-zusammenfassung", "leaf": true, "selectable": true}, {"id": "e5545216-299f-4faf-b2ff-f1bf61543975", "name": "MII_PR_MolGen_DiagnostischeImplikation", "display": {"original": "MII PR MolGen Diagnostische Implikation", "translations": [{"language": "de-DE", "value": ""}, {"language": "en-US", "value": ""}]}, "module": "modul-molgen", "url": "https://www.medizininformatik-initiative.de/fhir/ext/modul-molgen/StructureDefinition/diagnostische-implikation", "leaf": true, "selectable": true}, {"id": "30381873-881d-4974-9e84-d51b49b6049a", "name": "MII_PR_MolGen_EmpfohleneFolgemassnahme", "display": {"original": "MII PR MolGen Empfohlene Folgema\u00c3\u009fnahme", "translations": [{"language": "de-DE", "value": ""}, {"language": "en-US", "value": ""}]}, "module": "modul-molgen", "url": "https://www.medizininformatik-initiative.de/fhir/ext/modul-molgen/StructureDefinition/empfohlene-folgemassnahme", "leaf": true, "selectable": true}, {"id": "91e01aa3-f4f3-4ed4-9795-cf239111e5df", "name": "MII_PR_MolGen_TherapeutischeImplikation", "display": {"original": "MII PR MolGen Therapeutische Implikation", "translations": [{"language": "de-DE", "value": ""}, {"language": "en-US", "value": ""}]}, "module": "modul-molgen", "url": "https://www.medizininformatik-initiative.de/fhir/ext/modul-molgen/StructureDefinition/therapeutische-implikation", "leaf": true, "selectable": true}, {"id": "7c8b5be6-93dd-453b-9d3b-00931c3ea94b", "name": "MII_PR_MolGen_AnforderungGenetischerTest", "display": {"original": "MII PR MolGen Anforderung genetischer Test", "translations": [{"language": "de-DE", "value": ""}, {"language": "en-US", "value": ""}]}, "module": "modul-molgen", "url": "https://www.medizininformatik-initiative.de/fhir/ext/modul-molgen/StructureDefinition/anforderung-genetischer-test", "leaf": true, "selectable": true}, {"id": "f8188e05-fa24-4e70-b8c8-33a58a078852", "name": "MII_PR_MolGen_Mikrosatelliteninstabilitaet", "display": {"original": "MII PR MolGen Mikrosatelliteninstabilit\u00c3\u00a4t", "translations": [{"language": "de-DE", "value": ""}, {"language": "en-US", "value": ""}]}, "module": "modul-molgen", "url": "https://www.medizininformatik-initiative.de/fhir/ext/modul-molgen/StructureDefinition/mikrosatelliteninstabilitaet", "leaf": true, "selectable": true}, {"id": "6641b3ed-8909-4294-88a1-e411cb1a34e6", "name": "MII_PR_MolGen_MolekulargenetischerBefundbericht", "display": {"original": "MII PR MolGen Molekulargenetischer Befundbericht", "translations": [{"language": "de-DE", "value": ""}, {"language": "en-US", "value": ""}]}, "module": "modul-molgen", "url": "https://www.medizininformatik-initiative.de/fhir/ext/modul-molgen/StructureDefinition/molekulargenetischer-befundbericht", "leaf": true, "selectable": true}]}], "selectable": false}