{"name": "Root", "module": "no-module", "url": "no-url", "children": [{"id": "dd9fc8f5-d085-4a09-b835-1229f0ca0490", "name": "modul-diagnose", "display": {"original": "Diagnose", "translations": [{"language": "de-DE", "value": "Diagnose"}, {"language": "en-US", "value": "Diagnosis"}]}, "url": "modul-diagnose", "module": "modul-diagnose", "selectable": false, "leaf": false, "children": [{"id": "76c5a2f4-9d16-4582-a10c-88d656af26b2", "name": "MII_PR_Diagnose_Condition", "display": {"original": "MII PR Diagnose Condition", "translations": [{"language": "de-DE", "value": ""}, {"language": "en-US", "value": ""}]}, "module": "modul-diagnose", "url": "https://www.medizininformatik-initiative.de/fhir/core/modul-diagnose/StructureDefinition/Diagnose", "leaf": true, "selectable": true}]}, {"id": "8d991f95-2d2c-42f0-bdb2-38fd5feaedc3", "name": "modul-prozedur", "display": {"original": "Prozedur", "translations": [{"language": "de-DE", "value": "Prozedur"}, {"language": "en-US", "value": "Procedure"}]}, "url": "modul-prozedur", "module": "modul-prozedur", "selectable": false, "leaf": false, "children": [{"id": "67f16af2-9d47-41f5-8409-ec191df5f1e6", "name": "MII_PR_Prozedur_Procedure", "display": {"original": "MII PR Prozedur Procedure", "translations": [{"language": "de-DE", "value": ""}, {"language": "en-US", "value": ""}]}, "module": "modul-prozedur", "url": "https://www.medizininformatik-initiative.de/fhir/core/modul-prozedur/StructureDefinition/Procedure", "leaf": true, "selectable": true}]}, {"id": "5415c699-9187-4de7-beb9-7824ea812022", "name": "modul-person", "display": {"original": "Person", "translations": [{"language": "de-DE", "value": "Person"}, {"language": "en-US", "value": "Person"}]}, "url": "modul-person", "module": "modul-person", "selectable": false, "leaf": false, "children": [{"id": "53405f44-e850-4d23-8400-ff602bb3a434", "name": "MII_PR_Person_Patient", "display": {"original": "MII PR Person Patient", "translations": [{"language": "de-DE", "value": ""}, {"language": "en-US", "value": ""}]}, "module": "modul-person", "url": "https://www.medizininformatik-initiative.de/fhir/core/modul-person/StructureDefinition/Patient", "leaf": true, "selectable": true}, {"id": "f59aa794-2c62-4030-828b-ae8e852110c8", "name": "MII_PR_Person_Proband", "display": {"original": "MII PR Person Proband", "translations": [{"language": "de-DE", "value": ""}, {"language": "en-US", "value": ""}]}, "module": "modul-person", "url": "https://www.medizininformatik-initiative.de/fhir/core/modul-person/StructureDefinition/ResearchSubject", "leaf": true, "selectable": true}, {"id": "b65b711e-1bf7-4777-8960-8a30686ca77e", "name": "MII_PR_Person_Vitalstatus", "display": {"original": "MII PR Person Vitalstatus", "translations": [{"language": "de-DE", "value": ""}, {"language": "en-US", "value": ""}]}, "module": "modul-person", "url": "https://www.medizininformatik-initiative.de/fhir/core/modul-person/StructureDefinition/Vitalstatus", "leaf": true, "selectable": true}, {"id": "830241ed-0182-40ba-9bd1-436f75310f60", "name": "MII_PR_Person_Todesursache", "display": {"original": "MII PR Person Todesursache", "translations": [{"language": "de-DE", "value": ""}, {"language": "en-US", "value": ""}]}, "module": "modul-person", "url": "https://www.medizininformatik-initiative.de/fhir/core/modul-person/StructureDefinition/Todesursache", "leaf": true, "selectable": true}, {"id": "80915c8d-f2a2-41a0-970a-fd9322dd3ea3", "name": "MII_PR_Person_PatientPseudonymisiert", "display": {"original": "MII PR Person Patient (Pseudonymisiert)", "translations": [{"language": "de-DE", "value": ""}, {"language": "en-US", "value": ""}]}, "module": "modul-person", "url": "https://www.medizininformatik-initiative.de/fhir/core/modul-person/StructureDefinition/PatientPseudonymisiert", "leaf": true, "selectable": true}]}, {"id": "6124d71a-8da7-4d91-beb4-7453bdf6348b", "name": "modul-labor", "display": {"original": "Labor", "translations": [{"language": "de-DE", "value": "Labor"}, {"language": "en-US", "value": "Laboratory"}]}, "url": "modul-labor", "module": "modul-labor", "selectable": false, "leaf": false, "children": [{"id": "cee2c9e1-4648-45bd-afa1-deec2a0147ca", "name": "ProfileObservationLaboruntersuchung", "display": {"original": "Profile - Observation - Laboruntersuchung", "translations": [{"language": "de-DE", "value": ""}, {"language": "en-US", "value": ""}]}, "module": "modul-labor", "url": "https://www.medizininformatik-initiative.de/fhir/core/modul-labor/StructureDefinition/ObservationLab", "leaf": true, "selectable": true}, {"id": "524187b3-5e0d-4846-9e6d-941cf7dab182", "name": "ProfileServiceRequestLaboranforderung", "display": {"original": "Profile - ServiceRequest - Laboranforderung", "translations": [{"language": "de-DE", "value": ""}, {"language": "en-US", "value": ""}]}, "module": "modul-labor", "url": "https://www.medizininformatik-initiative.de/fhir/core/modul-labor/StructureDefinition/ServiceRequestLab", "leaf": true, "selectable": true}, {"id": "bb9aa956-b1c8-4d44-ba9f-70462615957f", "name": "ProfileDiagnosticReportLaborbefund", "display": {"original": "Profile - DiagnosticReport - Laborbefund", "translations": [{"language": "de-DE", "value": ""}, {"language": "en-US", "value": ""}]}, "module": "modul-labor", "url": "https://www.medizininformatik-initiative.de/fhir/core/modul-labor/StructureDefinition/DiagnosticReportLab", "leaf": true, "selectable": true}]}, {"id": "174c527d-6e92-4dad-8893-e1d1879d89a5", "name": "modul-medikation", "display": {"original": "Medikation", "translations": [{"language": "de-DE", "value": "Medikation"}, {"language": "en-US", "value": "Medication"}]}, "url": "modul-medikation", "module": "modul-medikation", "selectable": false, "leaf": false, "children": [{"id": "de92d02a-c993-40bf-a4a8-e22b34f35954", "name": "MII_PR_Medikation_Medication", "display": {"original": "MII PR Medikation Medication", "translations": [{"language": "de-DE", "value": ""}, {"language": "en-US", "value": "MII PR Medikation Medication"}]}, "module": "modul-medikation", "url": "https://www.medizininformatik-initiative.de/fhir/core/modul-medikation/StructureDefinition/Medication", "leaf": true, "selectable": true}, {"id": "ef8522f4-bccc-4803-8014-8ca8336347b9", "name": "MII_PR_Medikation_Medikationsliste", "display": {"original": "MII PR Medikation Medikationsliste", "translations": [{"language": "de-DE", "value": ""}, {"language": "en-US", "value": "MII PR Medikation Medicationlist"}]}, "module": "modul-medikation", "url": "https://www.medizininformatik-initiative.de/fhir/core/modul-medikation/StructureDefinition/medikationsliste", "leaf": true, "selectable": true}, {"id": "8700fb15-d0b2-4a32-b2c8-1964ce7aba53", "name": "MII_PR_Medikation_MedicationRequest", "display": {"original": "MII PR Medikation MedicationRequest", "translations": [{"language": "de-DE", "value": ""}, {"language": "en-US", "value": "MII PR Medikation MedicationRequest"}]}, "module": "modul-medikation", "url": "https://www.medizininformatik-initiative.de/fhir/core/modul-medikation/StructureDefinition/MedicationRequest", "leaf": true, "selectable": true}, {"id": "6d1d3abc-555b-4981-b418-9bba92f69553", "name": "MII_PR_Medikation_MedicationStatement", "display": {"original": "MII PR Medikation MedicationStatement", "translations": [{"language": "de-DE", "value": ""}, {"language": "en-US", "value": "MII PR Medikation MedicationStatement"}]}, "module": "modul-medikation", "url": "https://www.medizininformatik-initiative.de/fhir/core/modul-medikation/StructureDefinition/MedicationStatement", "leaf": true, "selectable": true}, {"id": "1629e693-7101-44fd-9ddb-dfc20e5cce06", "name": "MII_PR_Medikation_MedicationAdministration", "display": {"original": "MII PR Medikation MedicationAdministration", "translations": [{"language": "de-DE", "value": ""}, {"language": "en-US", "value": "MII PR Medikation MedicationAdministration"}]}, "module": "modul-medikation", "url": "https://www.medizininformatik-initiative.de/fhir/core/modul-medikation/StructureDefinition/MedicationAdministration", "leaf": true, "selectable": true}]}, {"id": "cae0f475-5bc1-4972-8a29-ffe783149036", "name": "modul-fall", "display": {"original": "Fall", "translations": [{"language": "de-DE", "value": "Fall"}, {"language": "en-US", "value": "Case"}]}, "url": "modul-fall", "module": "modul-fall", "selectable": false, "leaf": false, "children": [{"id": "5de4172f-5094-400a-afab-fab47be5d850", "name": "MII_PR_Fall_KontaktGesundheitseinrichtung", "display": {"original": "MII PR Fall Kontakt mit einer Gesundheitseinrichtung", "translations": [{"language": "de-DE", "value": "Fall - Kontakt mit einer Gesundheitseinrichtung"}, {"language": "en-US", "value": "Treatment case - Encounter with Health Care Facility"}]}, "module": "modul-fall", "url": "https://www.medizininformatik-initiative.de/fhir/core/modul-fall/StructureDefinition/KontaktGesundheitseinrichtung", "leaf": true, "selectable": true}]}, {"id": "8e888a27-b057-4f52-885b-46bb6bd1e227", "name": "modul-biobank", "display": {"original": "Biobank", "translations": [{"language": "de-DE", "value": "Biobank"}, {"language": "en-US", "value": "Biobank"}]}, "url": "modul-biobank", "module": "modul-biobank", "selectable": false, "leaf": false, "children": [{"id": "2e0e80d7-cb55-47c2-85ea-74a55b2755a0", "name": "ProfileSpecimenBioprobeCore", "display": {"original": "Profile - Specimen - Bioprobe - Core", "translations": [{"language": "de-DE", "value": ""}, {"language": "en-US", "value": ""}]}, "module": "modul-biobank", "url": "https://www.medizininformatik-initiative.de/fhir/ext/modul-biobank/StructureDefinition/SpecimenCore", "leaf": false, "selectable": false, "children": [{"id": "db4aca90-913e-40da-b8bf-979d6aaa0e12", "name": "ProfileSpecimenBioprobe", "display": {"original": "Profile - Specimen - Bioprobe", "translations": [{"language": "de-DE", "value": ""}, {"language": "en-US", "value": ""}]}, "module": "modul-biobank", "url": "https://www.medizininformatik-initiative.de/fhir/ext/modul-biobank/StructureDefinition/Specimen", "leaf": true, "selectable": true}]}, {"id": "c1df5787-2c41-4dee-aa1d-53911d053e20", "name": "ProfileSubstanceAdditiv", "display": {"original": "Profile - Substance - Additiv", "translations": [{"language": "de-DE", "value": ""}, {"language": "en-US", "value": ""}]}, "module": "modul-biobank", "url": "https://www.medizininformatik-initiative.de/fhir/ext/modul-biobank/StructureDefinition/Substance", "leaf": true, "selectable": true}, {"id": "566413ca-ff58-4f03-ae49-14896a4bc81c", "name": "ProfileOrganizationSammlungBiobank", "display": {"original": "Profile - Organization - Sammlung/Biobank", "translations": [{"language": "de-DE", "value": ""}, {"language": "en-US", "value": ""}]}, "module": "modul-biobank", "url": "https://www.medizininformatik-initiative.de/fhir/ext/modul-biobank/StructureDefinition/Organization", "leaf": true, "selectable": true}]}, {"id": "ab74a8de-80bc-410d-9a09-9501e550c700", "name": "modul-consent", "display": {"original": "Einwilligung", "translations": [{"language": "de-DE", "value": "Einwilligung"}, {"language": "en-US", "value": "Consent"}]}, "url": "modul-consent", "module": "modul-consent", "selectable": false, "leaf": false, "children": [{"id": "cc367586-20a2-4af7-92eb-501c1181afed", "name": "MII_PR_Consent_Provenance", "display": {"original": "Profile - MI-I - Consent - Provenance", "translations": [{"language": "de-DE", "value": ""}, {"language": "en-US", "value": ""}]}, "module": "modul-consent", "url": "https://www.medizininformatik-initiative.de/fhir/modul-consent/StructureDefinition/mii-pr-consent-provenance", "leaf": true, "selectable": true}, {"id": "5cd58d43-0551-42c5-a445-20b87eefe010", "name": "MII_PR_Consent_Einwilligung", "display": {"original": "Profile - MI-I - Consent - Einwilligung", "translations": [{"language": "de-DE", "value": ""}, {"language": "en-US", "value": ""}]}, "module": "modul-consent", "url": "https://www.medizininformatik-initiative.de/fhir/modul-consent/StructureDefinition/mii-pr-consent-einwilligung", "leaf": true, "selectable": true}, {"id": "5a998317-1afc-4f97-ac81-f7715e3d833e", "name": "MII_PR_Consent_DocumentReference", "display": {"original": "Profile - MI-I - Consent - DocumentReference", "translations": [{"language": "de-DE", "value": ""}, {"language": "en-US", "value": ""}]}, "module": "modul-consent", "url": "https://www.medizininformatik-initiative.de/fhir/modul-consent/StructureDefinition/mii-pr-consent-documentreference", "leaf": true, "selectable": true}]}, {"id": "8d408a32-bf96-472d-9af6-bf8383a75c05", "name": "modul-icu", "display": {"original": "modul-icu", "translations": [{"language": "de-DE", "value": "modul-icu"}, {"language": "en-US", "value": "modul-icu"}]}, "url": "modul-icu", "module": "modul-icu", "selectable": false, "leaf": false, "children": [{"id": "a7646cd9-7990-46b0-badd-dc768c536303", "name": "SD_MII_ICU_Monitoring_Und_Vitaldaten", "display": {"original": "SD MII ICU Monitoring und Vitaldaten", "translations": [{"language": "de-DE", "value": ""}, {"language": "en-US", "value": ""}]}, "module": "modul-icu", "url": "https://www.medizininformatik-initiative.de/fhir/ext/modul-icu/StructureDefinition/monitoring-und-vitaldaten", "leaf": false, "selectable": false, "children": [{"id": "a37b165f-44a2-4e2f-b524-7f28e32d8030", "name": "SD_MII_ICU_Puls", "display": {"original": "SD MII ICU Puls", "translations": [{"language": "de-DE", "value": ""}, {"language": "en-US", "value": ""}]}, "module": "modul-icu", "url": "https://www.medizininformatik-initiative.de/fhir/ext/modul-icu/StructureDefinition/puls", "leaf": true, "selectable": true}, {"id": "62d37bc1-ae5d-4ac7-8776-b5f114fa0597", "name": "SD_MII_ICU_Herzfrequenz", "display": {"original": "SD MII ICU Herzfrequenz", "translations": [{"language": "de-DE", "value": ""}, {"language": "en-US", "value": ""}]}, "module": "modul-icu", "url": "https://www.medizininformatik-initiative.de/fhir/ext/modul-icu/StructureDefinition/herzfrequenz", "leaf": true, "selectable": true}, {"id": "1e65f839-72f6-4a2b-ac55-869c55752653", "name": "SD_MII_ICU_Herzzeitvolumen", "display": {"original": "SD MII ICU Herzzeitvolumen", "translations": [{"language": "de-DE", "value": ""}, {"language": "en-US", "value": ""}]}, "module": "modul-icu", "url": "https://www.medizininformatik-initiative.de/fhir/ext/modul-icu/StructureDefinition/herzzeitvolumen", "leaf": true, "selectable": true}, {"id": "7e533a99-cbe6-4e75-8946-3d5c20634126", "name": "SD_MII_ICU_Ideales_Koerpergewicht", "display": {"original": "SD MII ICU Ideales Koerpergewicht", "translations": [{"language": "de-DE", "value": ""}, {"language": "en-US", "value": ""}]}, "module": "modul-icu", "url": "https://www.medizininformatik-initiative.de/fhir/ext/modul-icu/StructureDefinition/ideales-koerpergewicht", "leaf": true, "selectable": true}, {"id": "20b6d3cb-330e-4138-8b80-557710c44094", "name": "SD_MII_ICU_Koerpertemperatur_Generisch", "display": {"original": "SD MII ICU Koerpertemperatur Generisch", "translations": [{"language": "de-DE", "value": ""}, {"language": "en-US", "value": ""}]}, "module": "modul-icu", "url": "https://www.medizininformatik-initiative.de/fhir/ext/modul-icu/StructureDefinition/koerpertemperatur-generisch", "leaf": false, "selectable": false, "children": [{"id": "9570463e-c9d0-439b-9b09-68a54f71b497", "name": "SD_MII_ICU_Koerpertemperatur_Blut", "display": {"original": "SD MII ICU Koerpertemperatur Blut", "translations": [{"language": "de-DE", "value": ""}, {"language": "en-US", "value": ""}]}, "module": "modul-icu", "url": "https://www.medizininformatik-initiative.de/fhir/ext/modul-icu/StructureDefinition/koerpertemperatur-blut", "leaf": true, "selectable": true}, {"id": "6f4fea7e-833f-455d-adec-1aa90effa26d", "name": "SD_MII_ICU_Koerpertemperatur_Kern", "display": {"original": "SD MII ICU Koerpertemperatur Kern", "translations": [{"language": "de-DE", "value": ""}, {"language": "en-US", "value": ""}]}, "module": "modul-icu", "url": "https://www.medizininformatik-initiative.de/fhir/ext/modul-icu/StructureDefinition/koerpertemperatur-kern", "leaf": true, "selectable": true}, {"id": "dc8d9854-f020-4cf6-b5bc-4482e67ef0f7", "name": "SD_MII_ICU_Koerpertemperatur_Brust", "display": {"original": "SD MII ICU Koerpertemperatur Brust", "translations": [{"language": "de-DE", "value": ""}, {"language": "en-US", "value": ""}]}, "module": "modul-icu", "url": "https://www.medizininformatik-initiative.de/fhir/ext/modul-icu/StructureDefinition/koerpertemperatur-brust", "leaf": true, "selectable": true}, {"id": "6bfb148c-d4c7-410f-a038-8e7855ac57fd", "name": "SD_MII_ICU_Koerpertemperatur_Nasal", "display": {"original": "SD MII ICU Koerpertemperatur nasal", "translations": [{"language": "de-DE", "value": ""}, {"language": "en-US", "value": ""}]}, "module": "modul-icu", "url": "https://www.medizininformatik-initiative.de/fhir/ext/modul-icu/StructureDefinition/koerpertemperatur-nasal", "leaf": true, "selectable": true}, {"id": "f1a6fd9a-ba8f-43ab-ba2b-600d3d0f0435", "name": "SD_MII_ICU_Koerpertemperatur_Stirn", "display": {"original": "SD MII ICU Koerpertemperatur Stirn", "translations": [{"language": "de-DE", "value": ""}, {"language": "en-US", "value": ""}]}, "module": "modul-icu", "url": "https://www.medizininformatik-initiative.de/fhir/ext/modul-icu/StructureDefinition/koerpertemperatur-stirn", "leaf": true, "selectable": true}, {"id": "f91e1a9d-013b-41d0-b813-7df510829439", "name": "SD_MII_ICU_Koerpertemperatur_Achsel", "display": {"original": "SD MII ICU Koerpertemperatur Achsel", "translations": [{"language": "de-DE", "value": ""}, {"language": "en-US", "value": ""}]}, "module": "modul-icu", "url": "https://www.medizininformatik-initiative.de/fhir/ext/modul-icu/StructureDefinition/koerpertemperatur-achsel", "leaf": true, "selectable": true}, {"id": "95c9c68b-1fec-4ac0-8fc7-7f65887ae438", "name": "SD_MII_ICU_Koerpertemperatur_Leiste", "display": {"original": "SD MII ICU Koerpertemperatur Leiste", "translations": [{"language": "de-DE", "value": ""}, {"language": "en-US", "value": ""}]}, "module": "modul-icu", "url": "https://www.medizininformatik-initiative.de/fhir/ext/modul-icu/StructureDefinition/koerpertemperatur-leiste", "leaf": true, "selectable": true}, {"id": "9dd7253e-736a-49e3-b8e4-8d2a8f24f7cf", "name": "SD_MII_ICU_Koerpertemperatur_Rektal", "display": {"original": "SD MII ICU Koerpertemperatur rektal", "translations": [{"language": "de-DE", "value": ""}, {"language": "en-US", "value": ""}]}, "module": "modul-icu", "url": "https://www.medizininformatik-initiative.de/fhir/ext/modul-icu/StructureDefinition/koerpertemperatur-rektal", "leaf": true, "selectable": true}, {"id": "59073c1e-c6ad-4d7a-af2d-46c235c04a37", "name": "SD_MII_ICU_Koerpertemperatur_Vaginal", "display": {"original": "SD MII ICU Koerpertemperatur vaginal", "translations": [{"language": "de-DE", "value": ""}, {"language": "en-US", "value": ""}]}, "module": "modul-icu", "url": "https://www.medizininformatik-initiative.de/fhir/ext/modul-icu/StructureDefinition/koerpertemperatur-vaginal", "leaf": true, "selectable": true}, {"id": "07f2dcbb-a0e7-4da1-8bef-c4ebe2508a77", "name": "SD_MII_ICU_Koerpertemperatur_Atemwege", "display": {"original": "SD MII ICU Koerpertemperatur Atemwege", "translations": [{"language": "de-DE", "value": ""}, {"language": "en-US", "value": ""}]}, "module": "modul-icu", "url": "https://www.medizininformatik-initiative.de/fhir/ext/modul-icu/StructureDefinition/koerpertemperatur-atemwege", "leaf": true, "selectable": true}, {"id": "72a02967-f0e1-45ee-b2a1-2405cbf2faae", "name": "SD_MII_ICU_Koerpertemperatur_Harnblase", "display": {"original": "SD MII ICU Koerpertemperatur Harnblase", "translations": [{"language": "de-DE", "value": ""}, {"language": "en-US", "value": ""}]}, "module": "modul-icu", "url": "https://www.medizininformatik-initiative.de/fhir/ext/modul-icu/StructureDefinition/koerpertemperatur-harnblase", "leaf": true, "selectable": true}, {"id": "12e4775f-b337-4373-84fa-341c66080d73", "name": "SD_MII_ICU_Koerpertemperatur_Trommelfell", "display": {"original": "SD MII ICU Koerpertemperatur Trommelfell", "translations": [{"language": "de-DE", "value": ""}, {"language": "en-US", "value": ""}]}, "module": "modul-icu", "url": "https://www.medizininformatik-initiative.de/fhir/ext/modul-icu/StructureDefinition/koerpertemperatur-trommelfell", "leaf": true, "selectable": true}, {"id": "4c48c383-c6a7-44ce-89c6-f9bf4fb7de44", "name": "SD_MII_ICU_Koerpertemperatur_Speiseroehre", "display": {"original": "SD MII ICU Koerpertemperatur Speiseroehre", "translations": [{"language": "de-DE", "value": ""}, {"language": "en-US", "value": ""}]}, "module": "modul-icu", "url": "https://www.medizininformatik-initiative.de/fhir/ext/modul-icu/StructureDefinition/koerpertemperatur-speiseroehre", "leaf": true, "selectable": true}, {"id": "f78e2594-eb43-4e38-9e80-3a8724061c66", "name": "SD_MII_ICU_Koerpertemperatur_Unter_Der_Zunge", "display": {"original": "SD MII ICU Koerpertemperatur unter der Zunge", "translations": [{"language": "de-DE", "value": ""}, {"language": "en-US", "value": ""}]}, "module": "modul-icu", "url": "https://www.medizininformatik-initiative.de/fhir/ext/modul-icu/StructureDefinition/koerpertemperatur-unter-der-zunge", "leaf": true, "selectable": true}, {"id": "4541f0c2-4316-4d41-9f3e-9835295352ea", "name": "SD_MII_ICU_Koerpertemperatur_Halswirbelsaeule", "display": {"original": "SD MII ICU Koerpertemperatur Halswirbelsaeule", "translations": [{"language": "de-DE", "value": ""}, {"language": "en-US", "value": ""}]}, "module": "modul-icu", "url": "https://www.medizininformatik-initiative.de/fhir/ext/modul-icu/StructureDefinition/koerpertemperatur-halswirbelsaeule", "leaf": true, "selectable": true}, {"id": "978c3d41-ffae-4806-b6de-bdcc534b3087", "name": "SD_MII_ICU_Koerpertemperatur_Brustwirbelsaeule", "display": {"original": "SD MII ICU Koerpertemperatur Brustwirbelsaeule", "translations": [{"language": "de-DE", "value": ""}, {"language": "en-US", "value": ""}]}, "module": "modul-icu", "url": "https://www.medizininformatik-initiative.de/fhir/ext/modul-icu/StructureDefinition/koerpertemperatur-brustwirbelsaeule", "leaf": true, "selectable": true}, {"id": "123b973d-509f-4522-a948-38299a28f5e9", "name": "SD_MII_ICU_Koerpertemperatur_Nasen_Rachen_Raum", "display": {"original": "SD MII ICU Koerpertemperatur Nasen-Rachen-Raum", "translations": [{"language": "de-DE", "value": ""}, {"language": "en-US", "value": ""}]}, "module": "modul-icu", "url": "https://www.medizininformatik-initiative.de/fhir/ext/modul-icu/StructureDefinition/koerpertemperatur-nasen-rachen-raum", "leaf": true, "selectable": true}, {"id": "009d24ec-551c-4a97-9e98-71422d3f2f92", "name": "SD_MII_ICU_Koerpertemperatur_Lendenwirbelsaeule", "display": {"original": "SD MII ICU Koerpertemperatur Lendenwirbelsaeule", "translations": [{"language": "de-DE", "value": ""}, {"language": "en-US", "value": ""}]}, "module": "modul-icu", "url": "https://www.medizininformatik-initiative.de/fhir/ext/modul-icu/StructureDefinition/koerpertemperatur-lendenwirbelsaeule", "leaf": true, "selectable": true}]}, {"id": "f6bf24dd-cd6e-416e-bf5b-eb1ef714aa84", "name": "SD_MII_ICU_Koerpergroesse_Percentil", "display": {"original": "SD MII ICU Koerpergroesse Percentil", "translations": [{"language": "de-DE", "value": ""}, {"language": "en-US", "value": ""}]}, "module": "modul-icu", "url": "https://www.medizininformatik-initiative.de/fhir/ext/modul-icu/StructureDefinition/koerpergroesse-percentil", "leaf": true, "selectable": true}, {"id": "cb93b0a8-7747-4492-8515-47778b0976eb", "name": "SD_MII_ICU_Intrakranieller_Druck_Icp", "display": {"original": "SD MII ICU Intrakranieller Druck ICP", "translations": [{"language": "de-DE", "value": ""}, {"language": "en-US", "value": ""}]}, "module": "modul-icu", "url": "https://www.medizininformatik-initiative.de/fhir/ext/modul-icu/StructureDefinition/intrakranieller-druck-icp", "leaf": true, "selectable": true}, {"id": "b65c42ef-65fd-477a-93c9-715813321e0b", "name": "SD_MII_ICU_Zentralvenoeser_Blutdruck", "display": {"original": "SD MII ICU Zentralvenoeser Blutdruck", "translations": [{"language": "de-DE", "value": ""}, {"language": "en-US", "value": ""}]}, "module": "modul-icu", "url": "https://www.medizininformatik-initiative.de/fhir/ext/modul-icu/StructureDefinition/zentralvenoeser-blutdruck", "leaf": true, "selectable": true}, {"id": "87146fc9-e546-42f1-9363-1ed49db4be0e", "name": "SD_MII_ICU_Linksventrikulaerer_Herzindex", "display": {"original": "SD MII ICU Linksventrikulaerer Herzindex", "translations": [{"language": "de-DE", "value": ""}, {"language": "en-US", "value": ""}]}, "module": "modul-icu", "url": "https://www.medizininformatik-initiative.de/fhir/ext/modul-icu/StructureDefinition/linksventrikulaerer-herzindex", "leaf": true, "selectable": true}, {"id": "1dbf6d6c-48d2-4180-94e9-b85088b0c484", "name": "SD_MII_ICU_Pulmonalarterieller_Wedge_Druck", "display": {"original": "SD MII ICU Pulmonalarterieller Wedge Druck", "translations": [{"language": "de-DE", "value": ""}, {"language": "en-US", "value": ""}]}, "module": "modul-icu", "url": "https://www.medizininformatik-initiative.de/fhir/ext/modul-icu/StructureDefinition/pulmonalarterieller-wedge-druck", "leaf": true, "selectable": true}, {"id": "5373eab1-fcfd-4e9b-b4f1-e7f0fa148054", "name": "SD_MII_ICU_Linksventrikulaeres_Schlagvolumen", "display": {"original": "SD MII ICU Linksventrikulaeres Schlagvolumen", "translations": [{"language": "de-DE", "value": ""}, {"language": "en-US", "value": ""}]}, "module": "modul-icu", "url": "https://www.medizininformatik-initiative.de/fhir/ext/modul-icu/StructureDefinition/linksventrikulaeres-schlagvolumen", "leaf": true, "selectable": true}, {"id": "0f4a2dc7-5f58-49de-96bd-75bdaa4846b4", "name": "SD_MII_ICU_Pulmonalvaskulaerer_Widerstandsindex", "display": {"original": "SD MII ICU Pulmonalvaskulaerer Widerstandsindex", "translations": [{"language": "de-DE", "value": ""}, {"language": "en-US", "value": ""}]}, "module": "modul-icu", "url": "https://www.medizininformatik-initiative.de/fhir/ext/modul-icu/StructureDefinition/pulmonalvaskulaerer-widerstandsindex", "leaf": true, "selectable": true}, {"id": "70bc3e04-fb7e-4ac0-985a-9a922776503c", "name": "SD_MII_ICU_Linksventrikulaeres_Schlagvolumenindex", "display": {"original": "SD MII ICU Linksventrikulaeres Schlagvolumenindex", "translations": [{"language": "de-DE", "value": ""}, {"language": "en-US", "value": ""}]}, "module": "modul-icu", "url": "https://www.medizininformatik-initiative.de/fhir/ext/modul-icu/StructureDefinition/linksventrikulaeres-schlagvolumenindex", "leaf": true, "selectable": true}, {"id": "39155b44-c598-444f-a974-cd0dfcbb2203", "name": "SD_MII_ICU_Koerpergewicht_Percentil_Altersabhaengig", "display": {"original": "SD MII ICU Koerpergewicht Percentil Altersabhaengig", "translations": [{"language": "de-DE", "value": ""}, {"language": "en-US", "value": ""}]}, "module": "modul-icu", "url": "https://www.medizininformatik-initiative.de/fhir/ext/modul-icu/StructureDefinition/koerpergewicht-percentil-altersabhaengig", "leaf": true, "selectable": true}, {"id": "9cbdb023-7622-42e2-8242-3ffe248b73eb", "name": "SD_MII_ICU_Systemischer_Vaskulaerer_Widerstandsindex", "display": {"original": "SD MII ICU Systemischer Vaskulaerer Widerstandsindex", "translations": [{"language": "de-DE", "value": ""}, {"language": "en-US", "value": ""}]}, "module": "modul-icu", "url": "https://www.medizininformatik-initiative.de/fhir/ext/modul-icu/StructureDefinition/systemischer-vaskulaerer-widerstandsindex", "leaf": true, "selectable": true}, {"id": "4c4f274e-0bf4-462a-ac9b-6f7c45961ad2", "name": "SD_MII_ICU_Linksventrikulaeres_Herzzeitvolumen_Durch_Indikatorverduennung", "display": {"original": "SD MII ICU Linksventrikulaeres Herzzeitvolumen Durch Indikatorverduennung", "translations": [{"language": "de-DE", "value": ""}, {"language": "en-US", "value": ""}]}, "module": "modul-icu", "url": "https://www.medizininformatik-initiative.de/fhir/ext/modul-icu/StructureDefinition/linksventrikulaeres-herzzeitvolumen-durch-indikatorverduennung", "leaf": true, "selectable": true}, {"id": "24614206-73c9-492e-929e-03a9482fc331", "name": "SD_MII_ICU_Linksventrikulaerer_Herzindex_Durch_Indikatorverduennung", "display": {"original": "SD MII ICU Linksventrikulaerer Herzindex durch Indikatorverduennung", "translations": [{"language": "de-DE", "value": ""}, {"language": "en-US", "value": ""}]}, "module": "modul-icu", "url": "https://www.medizininformatik-initiative.de/fhir/ext/modul-icu/StructureDefinition/linksventrikulaerer-herzindex-durch-indikatorverduennung", "leaf": true, "selectable": true}, {"id": "8aba6a2b-599a-4f93-8041-84eef4e135c9", "name": "SD_MII_ICU_Linksventrikulaerer_Schlagvolumenindex_Durch_Indikatorverduennung", "display": {"original": "SD MII ICU Linksventrikulaerer Schlagvolumenindex Durch Indikatorverduennung", "translations": [{"language": "de-DE", "value": ""}, {"language": "en-US", "value": ""}]}, "module": "modul-icu", "url": "https://www.medizininformatik-initiative.de/fhir/ext/modul-icu/StructureDefinition/linksventrikulaerer-schlagvolumenindex-durch-indikatorverduennung", "leaf": true, "selectable": true}, {"id": "9977545a-1a0f-4a69-a14c-bd24ba444bac", "name": "SD_MII_ICU_Sauerstoffsaettigung_Im_Blut_Preduktal_Durch_Pulsoxymetrie", "display": {"original": "SD MII ICU Sauerstoffsaettigung Im Blut Preduktal Durch Pulsoxymetrie", "translations": [{"language": "de-DE", "value": ""}, {"language": "en-US", "value": ""}]}, "module": "modul-icu", "url": "https://www.medizininformatik-initiative.de/fhir/ext/modul-icu/StructureDefinition/sauerstoffsaettigung-im-blut-preduktal-durch-pulsoxymetrie", "leaf": true, "selectable": true}, {"id": "a71aac71-73c8-4241-9b5e-8c0f349d3da0", "name": "SD_MII_ICU_Sauerstoffsaettigung_Im_Blut_Postduktal_Durch_Pulsoxymetrie", "display": {"original": "SD MII ICU Sauerstoffsaettigung Im Blut Postduktal Durch Pulsoxymetrie", "translations": [{"language": "de-DE", "value": ""}, {"language": "en-US", "value": ""}]}, "module": "modul-icu", "url": "https://www.medizininformatik-initiative.de/fhir/ext/modul-icu/StructureDefinition/sauerstoffsaettigung-im-blut-postduktal-durch-pulsoxymetrie", "leaf": true, "selectable": true}, {"id": "24de17fc-37b0-4e3a-a66b-82e51f5e4db3", "name": "SD_MII_ICU_Linksventrikulaeres_Schlagvolumen_Durch_Indikatorverduennung", "display": {"original": "SD MII ICU Linksventrikulaeres Schlagvolumen Durch Indikatorverduennung", "translations": [{"language": "de-DE", "value": ""}, {"language": "en-US", "value": ""}]}, "module": "modul-icu", "url": "https://www.medizininformatik-initiative.de/fhir/ext/modul-icu/StructureDefinition/linksventrikulaeres-schlagvolumen-durch-indikatorverduennung", "leaf": true, "selectable": true}, {"id": "da036f32-1642-4572-a64a-0a62cffed4e8", "name": "SD_MII_ICU_Sauerstoffsaettigung_Im_Arteriellen_Blut_Durch_Pulsoxymetrie", "display": {"original": "SD MII ICU Sauerstoffsaettigung Im Arteriellen Blut Durch Pulsoxymetrie", "translations": [{"language": "de-DE", "value": ""}, {"language": "en-US", "value": ""}]}, "module": "modul-icu", "url": "https://www.medizininformatik-initiative.de/fhir/ext/modul-icu/StructureDefinition/sauerstoffsaettigung-im-arteriellen-blut-durch-pulsoxymetrie", "leaf": true, "selectable": true}]}, {"id": "856736a5-aa58-42b8-963c-cbb895add924", "name": "SD_MII_ICU_Icu_Device", "display": {"original": "SD MII ICU ICU Device", "translations": [{"language": "de-DE", "value": ""}, {"language": "en-US", "value": ""}]}, "module": "modul-icu", "url": "https://www.medizininformatik-initiative.de/fhir/ext/modul-icu/StructureDefinition/icu-device", "leaf": true, "selectable": true}, {"id": "091c8217-f193-4a55-91fa-2c379d3a7798", "name": "SD_MII_ICU_Parameter_Von_Extrakorporalen_Verfahren", "display": {"original": "SD MII ICU Parameter von Extrakorporalen Verfahren", "translations": [{"language": "de-DE", "value": ""}, {"language": "en-US", "value": ""}]}, "module": "modul-icu", "url": "https://www.medizininformatik-initiative.de/fhir/ext/modul-icu/StructureDefinition/parameter-von-extrakorporalen-verfahren", "leaf": false, "selectable": false, "children": [{"id": "d4347d7c-ab58-44c1-838c-c0c6ae66b5bd", "name": "SD_MII_ICU_Venoeser_Druck", "display": {"original": "SD MII ICU Venoeser Druck", "translations": [{"language": "de-DE", "value": ""}, {"language": "en-US", "value": ""}]}, "module": "modul-icu", "url": "https://www.medizininformatik-initiative.de/fhir/ext/modul-icu/StructureDefinition/venoeser-druck", "leaf": true, "selectable": true}, {"id": "856fea99-7d49-4a5b-90a4-8494cfd8a393", "name": "SD_MII_ICU_Substituatfluss", "display": {"original": "SD MII ICU Substituatfluss", "translations": [{"language": "de-DE", "value": ""}, {"language": "en-US", "value": ""}]}, "module": "modul-icu", "url": "https://www.medizininformatik-initiative.de/fhir/ext/modul-icu/StructureDefinition/substituatfluss", "leaf": true, "selectable": true}, {"id": "60e48ee3-5d2d-433f-b1ba-f0a162f5464d", "name": "SD_MII_ICU_Arterieller_Druck", "display": {"original": "SD MII ICU Arterieller Druck", "translations": [{"language": "de-DE", "value": ""}, {"language": "en-US", "value": ""}]}, "module": "modul-icu", "url": "https://www.medizininformatik-initiative.de/fhir/ext/modul-icu/StructureDefinition/arterieller-druck", "leaf": true, "selectable": true}, {"id": "2dc84222-129f-483b-a5cc-d7c503fbee85", "name": "SD_MII_ICU_Substituatvolumen", "display": {"original": "SD MII ICU Substituatvolumen", "translations": [{"language": "de-DE", "value": ""}, {"language": "en-US", "value": ""}]}, "module": "modul-icu", "url": "https://www.medizininformatik-initiative.de/fhir/ext/modul-icu/StructureDefinition/substituatvolumen", "leaf": true, "selectable": true}, {"id": "66f6566a-ab62-4fa5-bf36-0e471b63f470", "name": "SD_MII_ICU_Sauerstoffgasfluss", "display": {"original": "SD MII ICU Sauerstoffgasfluss", "translations": [{"language": "de-DE", "value": ""}, {"language": "en-US", "value": ""}]}, "module": "modul-icu", "url": "https://www.medizininformatik-initiative.de/fhir/ext/modul-icu/StructureDefinition/sauerstoffgasfluss", "leaf": true, "selectable": true}, {"id": "bb72ae66-8f71-42b1-b1f6-d9a51c6c4594", "name": "SD_MII_ICU_Haemodialyse_Blutfluss", "display": {"original": "SD MII ICU Haemodialyse Blutfluss", "translations": [{"language": "de-DE", "value": ""}, {"language": "en-US", "value": ""}]}, "module": "modul-icu", "url": "https://www.medizininformatik-initiative.de/fhir/ext/modul-icu/StructureDefinition/haemodialyse-blutfluss", "leaf": true, "selectable": true}, {"id": "4476c776-576f-485d-8ead-28dc5faf588e", "name": "SD_MII_ICU_Dauer_Haemodialysesitzung", "display": {"original": "SD MII ICU Dauer Haemodialysesitzung", "translations": [{"language": "de-DE", "value": ""}, {"language": "en-US", "value": ""}]}, "module": "modul-icu", "url": "https://www.medizininformatik-initiative.de/fhir/ext/modul-icu/StructureDefinition/dauer-haemodialysesitzung", "leaf": true, "selectable": true}, {"id": "f37805c9-463d-4475-a20e-cd88de627be3", "name": "SD_MII_ICU_Blutfluss_Cardiovasculaeres_Geraet", "display": {"original": "SD MII ICU Blutfluss Cardiovasculaeres Geraet", "translations": [{"language": "de-DE", "value": ""}, {"language": "en-US", "value": ""}]}, "module": "modul-icu", "url": "https://www.medizininformatik-initiative.de/fhir/ext/modul-icu/StructureDefinition/blutfluss-cardiovasculaeres-geraet", "leaf": true, "selectable": true}, {"id": "59d6a313-5ac9-4db9-945c-c3018669c29e", "name": "SD_MII_ICU_Dauer_Extrakorporaler_Gasaustausch", "display": {"original": "SD MII ICU Dauer Extrakorporaler Gasaustausch", "translations": [{"language": "de-DE", "value": ""}, {"language": "en-US", "value": ""}]}, "module": "modul-icu", "url": "https://www.medizininformatik-initiative.de/fhir/ext/modul-icu/StructureDefinition/dauer-extrakorporaler-gasaustausch", "leaf": true, "selectable": true}, {"id": "f9ab6d0c-03ce-45b6-be6a-bc537dccb95f", "name": "SD_MII_ICU_Blutfluss_Extrakorporaler_Gasaustausch", "display": {"original": "SD MII ICU Blutfluss Extrakorporaler Gasaustausch", "translations": [{"language": "de-DE", "value": ""}, {"language": "en-US", "value": ""}]}, "module": "modul-icu", "url": "https://www.medizininformatik-initiative.de/fhir/ext/modul-icu/StructureDefinition/blutfluss-extrakorporaler-gasaustausch", "leaf": true, "selectable": true}, {"id": "1716cb58-b008-4ddc-abed-bdfd4bd0fee3", "name": "SD_MII_ICU_Ionisiertes_Kalzium_Nierenersatzverfahren", "display": {"original": "SD MII ICU Ionisiertes Kalzium Nierenersatzverfahren", "translations": [{"language": "de-DE", "value": ""}, {"language": "en-US", "value": ""}]}, "module": "modul-icu", "url": "https://www.medizininformatik-initiative.de/fhir/ext/modul-icu/StructureDefinition/ionisiertes-kalzium-nierenersatzverfahren", "leaf": true, "selectable": true}, {"id": "a94e3cbb-38e3-4499-bf53-0783582aba84", "name": "SD_MII_ICU_Blutflussindex_Extrakorporaler_Gasaustausch", "display": {"original": "SD MII ICU Blutflussindex Extrakorporaler Gasaustausch", "translations": [{"language": "de-DE", "value": ""}, {"language": "en-US", "value": ""}]}, "module": "modul-icu", "url": "https://www.medizininformatik-initiative.de/fhir/ext/modul-icu/StructureDefinition/blutflussindex-extrakorporaler-gasaustausch", "leaf": true, "selectable": true}]}, {"id": "b1f183a1-6416-4ba4-b002-90b2c5a97478", "name": "SD_MII_ICU_Sonstige_Pulsatile_Druecke_Generisch", "display": {"original": "SD MII ICU Sonstige pulsatile Druecke Generisch", "translations": [{"language": "de-DE", "value": ""}, {"language": "en-US", "value": ""}]}, "module": "modul-icu", "url": "https://www.medizininformatik-initiative.de/fhir/ext/modul-icu/StructureDefinition/sonstige-pulsatile-druecke-generisch", "leaf": false, "selectable": false, "children": [{"id": "17ee3e4d-1b5b-4955-94e1-2fe1f4979d01", "name": "SD_MII_ICU_Linksatrialer_Druck", "display": {"original": "SD MII ICU Linksatrialer Druck", "translations": [{"language": "de-DE", "value": ""}, {"language": "en-US", "value": ""}]}, "module": "modul-icu", "url": "https://www.medizininformatik-initiative.de/fhir/ext/modul-icu/StructureDefinition/linksatrialer-druck", "leaf": true, "selectable": true}, {"id": "ddc830a4-859b-452e-993f-43dd02d3a22d", "name": "SD_MII_ICU_Rechtsatrialer_Druck", "display": {"original": "SD MII ICU Rechtsatrialer Druck", "translations": [{"language": "de-DE", "value": ""}, {"language": "en-US", "value": ""}]}, "module": "modul-icu", "url": "https://www.medizininformatik-initiative.de/fhir/ext/modul-icu/StructureDefinition/rechtsatrialer-druck", "leaf": true, "selectable": true}, {"id": "3d01a740-1b63-473d-a721-bb9b3af64405", "name": "SD_MII_ICU_Linksventrikulaerer_Druck", "display": {"original": "SD MII ICU Linksventrikulaerer Druck", "translations": [{"language": "de-DE", "value": ""}, {"language": "en-US", "value": ""}]}, "module": "modul-icu", "url": "https://www.medizininformatik-initiative.de/fhir/ext/modul-icu/StructureDefinition/linksventrikulaerer-druck", "leaf": true, "selectable": true}, {"id": "69131acc-6cf4-4c82-8364-563acca971d5", "name": "SD_MII_ICU_Rechtsventrikulaerer_Druck", "display": {"original": "SD MII ICU Rechtsventrikulaerer Druck", "translations": [{"language": "de-DE", "value": ""}, {"language": "en-US", "value": ""}]}, "module": "modul-icu", "url": "https://www.medizininformatik-initiative.de/fhir/ext/modul-icu/StructureDefinition/rechtsventrikulaerer-druck", "leaf": true, "selectable": true}, {"id": "7d8f8ee0-8e55-4dac-a5e8-b4b7477ea048", "name": "SD_MII_ICU_Pulmonalarterieller_Blutdruck", "display": {"original": "SD MII ICU Pulmonalarterieller Blutdruck", "translations": [{"language": "de-DE", "value": ""}, {"language": "en-US", "value": ""}]}, "module": "modul-icu", "url": "https://www.medizininformatik-initiative.de/fhir/ext/modul-icu/StructureDefinition/pulmonalarterieller-blutdruck", "leaf": true, "selectable": true}]}, {"id": "c3a306da-da74-4300-8857-8d924572aade", "name": "SD_MII_ICU_Parameter_Von_Beatmung", "display": {"original": "SD MII ICU Parameter von Beatmung", "translations": [{"language": "de-DE", "value": ""}, {"language": "en-US", "value": ""}]}, "module": "modul-icu", "url": "https://www.medizininformatik-initiative.de/fhir/ext/modul-icu/StructureDefinition/parameter-von-beatmung", "leaf": true, "selectable": true, "children": [{"id": "a340c345-d483-4920-81fe-dbcec9c71a69", "name": "SD_MII_ICU_Druckdifferenz_Beatmung", "display": {"original": "SD MII ICU Druckdifferenz Beatmung", "translations": [{"language": "de-DE", "value": ""}, {"language": "en-US", "value": ""}]}, "module": "modul-icu", "url": "https://www.medizininformatik-initiative.de/fhir/ext/modul-icu/StructureDefinition/druckdifferenz-beatmung", "leaf": true, "selectable": true}, {"id": "393cfa18-dec9-4836-9b89-ea7669fd7030", "name": "SD_MII_ICU_Maximaler_Beatmungsdruck", "display": {"original": "SD MII ICU Maximaler Beatmungsdruck", "translations": [{"language": "de-DE", "value": ""}, {"language": "en-US", "value": ""}]}, "module": "modul-icu", "url": "https://www.medizininformatik-initiative.de/fhir/ext/modul-icu/StructureDefinition/maximaler-beatmungsdruck", "leaf": true, "selectable": true}, {"id": "ad504e08-09f6-4b58-bc1f-8c2847c14357", "name": "SD_MII_ICU_Mittlerer_Beatmungsdruck", "display": {"original": "SD MII ICU Mittlerer Beatmungsdruck", "translations": [{"language": "de-DE", "value": ""}, {"language": "en-US", "value": ""}]}, "module": "modul-icu", "url": "https://www.medizininformatik-initiative.de/fhir/ext/modul-icu/StructureDefinition/mittlerer-beatmungsdruck", "leaf": true, "selectable": true}, {"id": "91e80186-840d-44d7-a382-7a646ebc1eb5", "name": "SD_MII_ICU_Spontanes_Atemzugvolumen", "display": {"original": "SD MII ICU Spontanes Atemzugvolumen", "translations": [{"language": "de-DE", "value": ""}, {"language": "en-US", "value": ""}]}, "module": "modul-icu", "url": "https://www.medizininformatik-initiative.de/fhir/ext/modul-icu/StructureDefinition/spontanes-atemzugvolumen", "leaf": true, "selectable": true}, {"id": "8eaa7c7a-5152-4424-bf5f-cd5db364ea84", "name": "SD_MII_ICU_Beatmungszeit_Hohem_Druck", "display": {"original": "SD MII ICU Beatmungszeit Hohem Druck", "translations": [{"language": "de-DE", "value": ""}, {"language": "en-US", "value": ""}]}, "module": "modul-icu", "url": "https://www.medizininformatik-initiative.de/fhir/ext/modul-icu/StructureDefinition/beatmungszeit-hohem-druck", "leaf": true, "selectable": true}, {"id": "5db2dcf5-f02c-4e1f-83e0-7065924dea92", "name": "SD_MII_ICU_Exspiratorischer_Gasfluss", "display": {"original": "SD MII ICU Exspiratorischer Gasfluss", "translations": [{"language": "de-DE", "value": ""}, {"language": "en-US", "value": ""}]}, "module": "modul-icu", "url": "https://www.medizininformatik-initiative.de/fhir/ext/modul-icu/StructureDefinition/exspiratorischer-gasfluss", "leaf": true, "selectable": true}, {"id": "ea4228d0-12f2-4668-b8d2-2d4c451f3a4d", "name": "SD_MII_ICU_Inspiratorischer_Gasfluss", "display": {"original": "SD MII ICU Inspiratorischer Gasfluss", "translations": [{"language": "de-DE", "value": ""}, {"language": "en-US", "value": ""}]}, "module": "modul-icu", "url": "https://www.medizininformatik-initiative.de/fhir/ext/modul-icu/StructureDefinition/inspiratorischer-gasfluss", "leaf": true, "selectable": true}, {"id": "7a32577f-7a86-42ae-b323-9a6161ce33f8", "name": "SD_MII_ICU_Atemzugvolumen_Einstellung", "display": {"original": "SD MII ICU Atemzugvolumen Einstellung", "translations": [{"language": "de-DE", "value": ""}, {"language": "en-US", "value": ""}]}, "module": "modul-icu", "url": "https://www.medizininformatik-initiative.de/fhir/ext/modul-icu/StructureDefinition/atemzugvolumen-einstellung", "leaf": true, "selectable": true}, {"id": "768281e8-abd2-460b-8060-a4f4b583b1ff", "name": "SD_MII_ICU_Horowitz_In_Arteriellem_Blut", "display": {"original": "SD MII ICU Horowitz In Arteriellem Blut", "translations": [{"language": "de-DE", "value": ""}, {"language": "en-US", "value": ""}]}, "module": "modul-icu", "url": "https://www.medizininformatik-initiative.de/fhir/ext/modul-icu/StructureDefinition/horowitz-in-arteriellem-blut", "leaf": true, "selectable": true}, {"id": "c49bddc0-6aa9-4782-9021-64bd116e3d8b", "name": "SD_MII_ICU_Unterstuezungsdruck_Beatmung", "display": {"original": "SD MII ICU Unterstuezungsdruck Beatmung", "translations": [{"language": "de-DE", "value": ""}, {"language": "en-US", "value": ""}]}, "module": "modul-icu", "url": "https://www.medizininformatik-initiative.de/fhir/ext/modul-icu/StructureDefinition/unterstuetzungsdruck-beatmung", "leaf": true, "selectable": true}, {"id": "fd3d2dc7-6086-481c-914e-e2231157edbb", "name": "SD_MII_ICU_Beatmungszeit_Niedrigem_Druck", "display": {"original": "SD MII ICU Beatmungszeit Niedrigem Druck", "translations": [{"language": "de-DE", "value": ""}, {"language": "en-US", "value": ""}]}, "module": "modul-icu", "url": "https://www.medizininformatik-initiative.de/fhir/ext/modul-icu/StructureDefinition/beatmungszeit-niedrigem-druck", "leaf": true, "selectable": true}, {"id": "f35f86ae-7c0c-4183-87e0-c008ef486b53", "name": "SD_MII_ICU_Spontane_Atemfrequenz_Beatmet", "display": {"original": "SD MII ICU Spontane Atemfrequenz Beatmet", "translations": [{"language": "de-DE", "value": ""}, {"language": "en-US", "value": ""}]}, "module": "modul-icu", "url": "https://www.medizininformatik-initiative.de/fhir/ext/modul-icu/StructureDefinition/spontane-atemfrequenz-beatmet", "leaf": true, "selectable": true}, {"id": "ab314359-0494-4719-b6a9-35df31e05f68", "name": "SD_MII_ICU_Zeitverhaeltnis_Ein_Ausatmung", "display": {"original": "SD MII ICU Zeitverhaeltnis Ein Ausatmung", "translations": [{"language": "de-DE", "value": ""}, {"language": "en-US", "value": ""}]}, "module": "modul-icu", "url": "https://www.medizininformatik-initiative.de/fhir/ext/modul-icu/StructureDefinition/zeitverhaeltnis-ein-ausatmung", "leaf": true, "selectable": true}, {"id": "4fc24036-5c89-49a7-9698-ff385579d901", "name": "SD_MII_ICU_Atemzugvolumen_Waehrend_Beatmung", "display": {"original": "SD MII ICU Atemzugvolumen Waehrend Beatmung", "translations": [{"language": "de-DE", "value": ""}, {"language": "en-US", "value": ""}]}, "module": "modul-icu", "url": "https://www.medizininformatik-initiative.de/fhir/ext/modul-icu/StructureDefinition/atemzugvolumen-waehrend-beatmung", "leaf": true, "selectable": true}, {"id": "7c33a3d7-eff6-4bc8-85da-a87c4ed64df6", "name": "SD_MII_ICU_Mechanische_Atemfrequenz_Beatmet", "display": {"original": "SD MII ICU Mechanische Atemfrequenz Beatmet", "translations": [{"language": "de-DE", "value": ""}, {"language": "en-US", "value": ""}]}, "module": "modul-icu", "url": "https://www.medizininformatik-initiative.de/fhir/ext/modul-icu/StructureDefinition/mechanische-atemfrequenz-beatmet", "leaf": true, "selectable": true}, {"id": "831024d5-6aaf-4389-bf03-49772fc69b90", "name": "SD_MII_ICU_Positiv_Endexpiratorischer_Druck", "display": {"original": "SD MII ICU Positiv Endexpiratorischer Druck", "translations": [{"language": "de-DE", "value": ""}, {"language": "en-US", "value": ""}]}, "module": "modul-icu", "url": "https://www.medizininformatik-initiative.de/fhir/ext/modul-icu/StructureDefinition/positiv-endexpiratorischer-druck", "leaf": true, "selectable": true}, {"id": "988f4b9c-5fb3-4981-9b1e-74347c5493a5", "name": "SD_MII_ICU_Einstellung_Ausatmungszeit_Beatmung", "display": {"original": "SD MII ICU Einstellung Ausatmungszeit Beatmung", "translations": [{"language": "de-DE", "value": ""}, {"language": "en-US", "value": ""}]}, "module": "modul-icu", "url": "https://www.medizininformatik-initiative.de/fhir/ext/modul-icu/StructureDefinition/einstellung-ausatmungszeit-beatmung", "leaf": true, "selectable": true}, {"id": "6b7b9b95-4702-478d-9a06-322e39d51e16", "name": "SD_MII_ICU_Einstellung_Einatmungszeit_Beatmung", "display": {"original": "SD MII ICU Einstellung Einatmungszeit Beatmung", "translations": [{"language": "de-DE", "value": ""}, {"language": "en-US", "value": ""}]}, "module": "modul-icu", "url": "https://www.medizininformatik-initiative.de/fhir/ext/modul-icu/StructureDefinition/einstellung-einatmungszeit-beatmung", "leaf": true, "selectable": true}, {"id": "abf9713f-212d-454a-a708-f7f9bcb15ebe", "name": "SD_MII_ICU_Eingestellter_Inspiratorischer_Gasfluss", "display": {"original": "SD MII ICU Eingestellter Inspiratorischer Gasfluss", "translations": [{"language": "de-DE", "value": ""}, {"language": "en-US", "value": ""}]}, "module": "modul-icu", "url": "https://www.medizininformatik-initiative.de/fhir/ext/modul-icu/StructureDefinition/eingestellter-inspiratorischer-gasfluss", "leaf": true, "selectable": true}, {"id": "8b426690-b81d-4019-a6cd-f99be1602f20", "name": "SD_MII_ICU_Exspiratorischer_Sauerstoffpartialdruck", "display": {"original": "SD MII ICU Exspiratorischer Sauerstoffpartialdruck", "translations": [{"language": "de-DE", "value": ""}, {"language": "en-US", "value": ""}]}, "module": "modul-icu", "url": "https://www.medizininformatik-initiative.de/fhir/ext/modul-icu/StructureDefinition/exspiratorischer-sauerstoffpartialdruck", "leaf": true, "selectable": true}, {"id": "6c9b6296-2c18-48b0-b618-55536cd55d81", "name": "SD_MII_ICU_Spontane_Mechanische_Atemfrequenz_Beatmet", "display": {"original": "SD MII ICU Spontane Mechanische Atemfrequenz Beatmet", "translations": [{"language": "de-DE", "value": ""}, {"language": "en-US", "value": ""}]}, "module": "modul-icu", "url": "https://www.medizininformatik-initiative.de/fhir/ext/modul-icu/StructureDefinition/spontane-mechanische-atemfrequenz-beatmet", "leaf": true, "selectable": true}, {"id": "79a6576f-de7e-4c32-b47f-251c164b5fa1", "name": "SD_MII_ICU_Endexpiratorischer_Kohlendioxidpartialdruck", "display": {"original": "SD MII ICU Endexpiratorischer Kohlendioxidpartialdruck", "translations": [{"language": "de-DE", "value": ""}, {"language": "en-US", "value": ""}]}, "module": "modul-icu", "url": "https://www.medizininformatik-initiative.de/fhir/ext/modul-icu/StructureDefinition/endexpiratorischer-kohlendioxidpartialdruck", "leaf": true, "selectable": true}, {"id": "4dc1441a-7a0e-4a3a-9564-688f98b1d217", "name": "SD_MII_ICU_Inspiratorische_Sauerstofffraktion_Gemessen", "display": {"original": "SD MII ICU Inspiratorische Sauerstofffraktion Gemessen", "translations": [{"language": "de-DE", "value": ""}, {"language": "en-US", "value": ""}]}, "module": "modul-icu", "url": "https://www.medizininformatik-initiative.de/fhir/ext/modul-icu/StructureDefinition/inspiratorische-sauerstofffraktion-gemessen", "leaf": true, "selectable": true}, {"id": "59dfdb8f-5e28-4277-812a-a7612acace3f", "name": "SD_MII_ICU_Inspiratorische_Sauerstofffraktion_Eingestellt", "display": {"original": "SD MII ICU Inspiratorische Sauerstofffraktion Eingestellt", "translations": [{"language": "de-DE", "value": ""}, {"language": "en-US", "value": ""}]}, "module": "modul-icu", "url": "https://www.medizininformatik-initiative.de/fhir/ext/modul-icu/StructureDefinition/inspiratorische-sauerstofffraktion-eingestellt", "leaf": true, "selectable": true}, {"id": "1c18d152-5d10-4517-8c76-9b8b968d23ba", "name": "SD_MII_ICU_Atemwegsdruck_Bei_Null_Expiratorischem_Gasfluss", "display": {"original": "SD MII ICU Atemwegsdruck Bei Null Expiratorischem Gasfluss", "translations": [{"language": "de-DE", "value": ""}, {"language": "en-US", "value": ""}]}, "module": "modul-icu", "url": "https://www.medizininformatik-initiative.de/fhir/ext/modul-icu/StructureDefinition/atemwegsdruck-bei-null-expiratorischem-gasfluss", "leaf": true, "selectable": true}, {"id": "ea73490d-adaf-4ca9-a462-17a967cd3a46", "name": "SD_MII_ICU_Beatmungsvolumen_Pro_Minute_Maschineller_Beatmung", "display": {"original": "SD MII ICU Beatmungsvolumen Pro Minute Maschineller Beatmung", "translations": [{"language": "de-DE", "value": ""}, {"language": "en-US", "value": ""}]}, "module": "modul-icu", "url": "https://www.medizininformatik-initiative.de/fhir/ext/modul-icu/StructureDefinition/beatmungsvolumen-pro-minute-maschineller-beatmung", "leaf": true, "selectable": true}, {"id": "f5f7669a-4ac1-4143-9a1f-fb3e664c161a", "name": "SD_MII_ICU_Spontanes_Mechanisches_Atemzugvolumen_Waehrend_Beatmung", "display": {"original": "SD MII ICU Spontanes Mechanisches Atemzugvolumen Waehrend Beatmung", "translations": [{"language": "de-DE", "value": ""}, {"language": "en-US", "value": ""}]}, "module": "modul-icu", "url": "https://www.medizininformatik-initiative.de/fhir/ext/modul-icu/StructureDefinition/spontanes-mechanisches-atemzugvolumen-waehrend-beatmung", "leaf": true, "selectable": true}, {"id": "38981d4f-4c40-4cf9-8613-d8322f6b5024", "name": "SD_MII_ICU_Atemwegsdruck_Bei_Mittlerem_Expiratorischem_Gasfluss", "display": {"original": "SD MII ICU Atemwegsdruck Bei Mittlerem Expiratorischem Gasfluss", "translations": [{"language": "de-DE", "value": ""}, {"language": "en-US", "value": ""}]}, "module": "modul-icu", "url": "https://www.medizininformatik-initiative.de/fhir/ext/modul-icu/StructureDefinition/atemwegsdruck-bei-mittlerem-expiratorischem-gasfluss", "leaf": true, "selectable": true}]}, {"id": "86bfbb75-81f4-4fc6-89d8-d8aa41a5cb4a", "name": "SD_MII_ICU_Devicemetric_Eingestellte_Gemessene_Parameter_Beatmung", "display": {"original": "SD MII ICU DeviceMetric Eingestellte Gemessene Parameter Beatmung", "translations": [{"language": "de-DE", "value": ""}, {"language": "en-US", "value": ""}]}, "module": "modul-icu", "url": "https://www.medizininformatik-initiative.de/fhir/ext/modul-icu/StructureDefinition/devicemetric-eingestellte-gemessene-parameter-beatmung", "leaf": true, "selectable": true}, {"id": "23a83ba6-fc78-43cb-8051-9ad6d34acf86", "name": "SD_MII_ICU_Devicemetric_Eingestellte_Gemessene_Parameter_Extrakorporale_Verfahren", "display": {"original": "SD MII ICU DeviceMetric Eingestellte Gemessene Parameter Extrakorporale Verfahren", "translations": [{"language": "de-DE", "value": ""}, {"language": "en-US", "value": ""}]}, "module": "modul-icu", "url": "https://www.medizininformatik-initiative.de/fhir/ext/modul-icu/StructureDefinition/devicemetric-eingestellte-gemessene-parameter-extrakorporale-verfahren", "leaf": true, "selectable": true}]}, {"id": "614e2e74-99ae-4ced-ac2f-e8ec9f3cbb30", "name": "modul-molgen", "display": {"original": "modul-molgen", "translations": [{"language": "de-DE", "value": "modul-molgen"}, {"language": "en-US", "value": "modul-molgen"}]}, "url": "modul-molgen", "module": "modul-molgen", "selectable": false, "leaf": false, "children": [{"id": "cb756005-14f6-475b-ad56-66408ab3f8b5", "name": "MII_PR_MolGen_Genotyp", "display": {"original": "MII PR MolGen Genotyp", "translations": [{"language": "de-DE", "value": ""}, {"language": "en-US", "value": ""}]}, "module": "modul-molgen", "url": "https://www.medizininformatik-initiative.de/fhir/ext/modul-molgen/StructureDefinition/genotyp", "leaf": true, "selectable": true}, {"id": "fcdc6137-9631-4240-844a-4471f27a6675", "name": "MII_PR_MolGen_Variante", "display": {"original": "MII PR MolGen Variante", "translations": [{"language": "de-DE", "value": ""}, {"language": "en-US", "value": ""}]}, "module": "modul-molgen", "url": "https://www.medizininformatik-initiative.de/fhir/ext/modul-molgen/StructureDefinition/variante", "leaf": true, "selectable": true}, {"id": "491f7a75-8901-45f4-aeae-1fa5157ea22d", "name": "MII_PR_MolGen_Mutationslast", "display": {"original": "MII PR MolGen Mutationslast", "translations": [{"language": "de-DE", "value": ""}, {"language": "en-US", "value": ""}]}, "module": "modul-molgen", "url": "https://www.medizininformatik-initiative.de/fhir/ext/modul-molgen/StructureDefinition/mutationslast", "leaf": true, "selectable": true}, {"id": "94af2f13-7007-4cb7-b4ed-1a945f9ece31", "name": "MII_PR_MolGen_Familienanamnese", "display": {"original": "MII PR MolGen Familienanamnese", "translations": [{"language": "de-DE", "value": ""}, {"language": "en-US", "value": ""}]}, "module": "modul-molgen", "url": "https://www.medizininformatik-initiative.de/fhir/ext/modul-molgen/StructureDefinition/familienanamnese", "leaf": true, "selectable": true}, {"id": "95bf0fbe-b42f-429c-8c27-d3eed12100e8", "name": "MII_PR_MolGen_UntersuchteRegion", "display": {"original": "MII PR MolGen Untersuchte Region", "translations": [{"language": "de-DE", "value": ""}, {"language": "en-US", "value": ""}]}, "module": "modul-molgen", "url": "https://www.medizininformatik-initiative.de/fhir/ext/modul-molgen/StructureDefinition/untersuchte-region", "leaf": true, "selectable": true}, {"id": "dae57414-f146-4693-847b-55d6d3aa68da", "name": "MII_PR_MolGen_Medikationsempfehlung", "display": {"original": "MII PR MolGen Medikationsempfehlung", "translations": [{"language": "de-DE", "value": ""}, {"language": "en-US", "value": ""}]}, "module": "modul-molgen", "url": "https://www.medizininformatik-initiative.de/fhir/ext/modul-molgen/StructureDefinition/medikationsempfehlung", "leaf": true, "selectable": true}, {"id": "bc88198a-e016-4ef4-b8a7-a93ecd9b0f1c", "name": "MII_PR_MolGen_PolygenerRisikoScore", "display": {"original": "MII PR MolGen Polygener Risiko Score", "translations": [{"language": "de-DE", "value": ""}, {"language": "en-US", "value": ""}]}, "module": "modul-molgen", "url": "https://www.medizininformatik-initiative.de/fhir/ext/modul-molgen/StructureDefinition/polygener-risiko-score", "leaf": true, "selectable": true}, {"id": "28a2ada8-4b73-4a86-8ee4-4d18f6f2b2ef", "name": "MII_PR_MolGen_ErgebnisZusammenfassung", "display": {"original": "MII PR MolGen Ergebnis Zusammenfassung", "translations": [{"language": "de-DE", "value": ""}, {"language": "en-US", "value": ""}]}, "module": "modul-molgen", "url": "https://www.medizininformatik-initiative.de/fhir/ext/modul-molgen/StructureDefinition/ergebnis-zusammenfassung", "leaf": true, "selectable": true}, {"id": "410e60a3-d6ba-4ef3-abdc-3a28be0caeea", "name": "MII_PR_MolGen_DiagnostischeImplikation", "display": {"original": "MII PR MolGen Diagnostische Implikation", "translations": [{"language": "de-DE", "value": ""}, {"language": "en-US", "value": ""}]}, "module": "modul-molgen", "url": "https://www.medizininformatik-initiative.de/fhir/ext/modul-molgen/StructureDefinition/diagnostische-implikation", "leaf": true, "selectable": true}, {"id": "e640731e-ad13-4b78-8945-dc450cc181f3", "name": "MII_PR_MolGen_EmpfohleneFolgemassnahme", "display": {"original": "MII PR MolGen Empfohlene Folgema\u00c3\u009fnahme", "translations": [{"language": "de-DE", "value": ""}, {"language": "en-US", "value": ""}]}, "module": "modul-molgen", "url": "https://www.medizininformatik-initiative.de/fhir/ext/modul-molgen/StructureDefinition/empfohlene-folgemassnahme", "leaf": true, "selectable": true}, {"id": "759af8d2-f363-489b-a3b7-c22297a2bec3", "name": "MII_PR_MolGen_TherapeutischeImplikation", "display": {"original": "MII PR MolGen Therapeutische Implikation", "translations": [{"language": "de-DE", "value": ""}, {"language": "en-US", "value": ""}]}, "module": "modul-molgen", "url": "https://www.medizininformatik-initiative.de/fhir/ext/modul-molgen/StructureDefinition/therapeutische-implikation", "leaf": true, "selectable": true}, {"id": "4fe2582e-c83e-4880-979b-a537374581d9", "name": "MII_PR_MolGen_AnforderungGenetischerTest", "display": {"original": "MII PR MolGen Anforderung genetischer Test", "translations": [{"language": "de-DE", "value": ""}, {"language": "en-US", "value": ""}]}, "module": "modul-molgen", "url": "https://www.medizininformatik-initiative.de/fhir/ext/modul-molgen/StructureDefinition/anforderung-genetischer-test", "leaf": true, "selectable": true}, {"id": "7898484b-774b-445e-a52f-388a39e4170b", "name": "MII_PR_MolGen_Mikrosatelliteninstabilitaet", "display": {"original": "MII PR MolGen Mikrosatelliteninstabilit\u00c3\u00a4t", "translations": [{"language": "de-DE", "value": ""}, {"language": "en-US", "value": ""}]}, "module": "modul-molgen", "url": "https://www.medizininformatik-initiative.de/fhir/ext/modul-molgen/StructureDefinition/mikrosatelliteninstabilitaet", "leaf": true, "selectable": true}, {"id": "bb9e0dc4-dd1b-4f66-aee3-62f3c03afd0d", "name": "MII_PR_MolGen_MolekulargenetischerBefundbericht", "display": {"original": "MII PR MolGen Molekulargenetischer Befundbericht", "translations": [{"language": "de-DE", "value": ""}, {"language": "en-US", "value": ""}]}, "module": "modul-molgen", "url": "https://www.medizininformatik-initiative.de/fhir/ext/modul-molgen/StructureDefinition/molekulargenetischer-befundbericht", "leaf": true, "selectable": true}]}], "selectable": false}