{"name": "Root", "module": "no-module", "url": "no-url", "children": [{"id": "cc9fb73f-af6c-4e81-876c-302c8b1bcdcd", "name": "modul-diagnose", "display": "Diagnose", "url": "modul-diagnose", "module": "modul-diagnose", "selectable": false, "leaf": false, "children": [{"id": "927ba360-01eb-4c75-906f-56ef3e78e1cf", "name": "MII_PR_Diagnose_Condition", "display": "MII PR Diagnose Condition", "module": "modul-diagnose", "url": "https://www.medizininformatik-initiative.de/fhir/core/modul-diagnose/StructureDefinition/Diagnose", "leaf": true, "selectable": true}]}, {"id": "b78bfc7d-6c54-4722-9cf1-10b55bbedc2f", "name": "modul-prozedur", "display": "Prozedur", "url": "modul-prozedur", "module": "modul-prozedur", "selectable": false, "leaf": false, "children": [{"id": "f276cc75-8e74-40ad-83bf-13e237fb5310", "name": "MII_PR_Prozedur_Procedure", "display": "MII PR Prozedur Procedure", "module": "modul-prozedur", "url": "https://www.medizininformatik-initiative.de/fhir/core/modul-prozedur/StructureDefinition/Procedure", "leaf": true, "selectable": true}]}, {"id": "e8d1f01d-c12e-458c-a408-5b670a20fc78", "name": "modul-person", "display": "Person", "url": "modul-person", "module": "modul-person", "selectable": false, "leaf": false, "children": [{"id": "17d2031d-11da-492a-b9c9-3c2074e7cf76", "name": "MII_PR_Person_Vitalstatus", "display": "MII PR Person Vitalstatus", "module": "modul-person", "url": "https://www.medizininformatik-initiative.de/fhir/core/modul-person/StructureDefinition/Vitalstatus", "leaf": true, "selectable": true}, {"id": "36f5b9fc-5cc7-4508-8427-dcb7a5d991a5", "name": "MII_PR_Person_PatientPseudonymisiert", "display": "MII PR Person Patient (Pseudonymisiert)", "module": "modul-person", "url": "https://www.medizininformatik-initiative.de/fhir/core/modul-person/StructureDefinition/PatientPseudonymisiert", "leaf": true, "selectable": true}, {"id": "d2bae31f-819c-4dc9-8c03-5c1bf179eb3f", "name": "MII_PR_Person_Proband", "display": "MII PR Person Proband", "module": "modul-person", "url": "https://www.medizininformatik-initiative.de/fhir/core/modul-person/StructureDefinition/ResearchSubject", "leaf": true, "selectable": true}, {"id": "fa0c14a0-1b5d-4fad-b77f-9f65b2b33a3b", "name": "MII_PR_Person_Patient", "display": "MII PR Person Patient", "module": "modul-person", "url": "https://www.medizininformatik-initiative.de/fhir/core/modul-person/StructureDefinition/Patient", "leaf": true, "selectable": true}, {"id": "61b2a019-9385-4db9-b1eb-64f364168d3e", "name": "MII_PR_Person_Todesursache", "display": "MII PR Person Todesursache", "module": "modul-person", "url": "https://www.medizininformatik-initiative.de/fhir/core/modul-person/StructureDefinition/Todesursache", "leaf": true, "selectable": true}]}, {"id": "114a16b3-014c-4849-83d1-b4b59a08f641", "name": "modul-labor", "display": "Labor", "url": "modul-labor", "module": "modul-labor", "selectable": false, "leaf": false, "children": [{"id": "d0865049-bc93-4e0d-b989-4221632bf5c2", "name": "ProfileObservationLaboruntersuchung", "display": "Profile - Observation - Laboruntersuchung", "module": "modul-labor", "url": "https://www.medizininformatik-initiative.de/fhir/core/modul-labor/StructureDefinition/ObservationLab", "leaf": true, "selectable": true}, {"id": "55d455b5-24df-4237-8e78-909f82f77c0c", "name": "ProfileServiceRequestLaboranforderung", "display": "Profile - ServiceRequest - Laboranforderung", "module": "modul-labor", "url": "https://www.medizininformatik-initiative.de/fhir/core/modul-labor/StructureDefinition/ServiceRequestLab", "leaf": true, "selectable": true}, {"id": "5f96f73a-19e1-492a-b560-f5a9567306ae", "name": "ProfileDiagnosticReportLaborbefund", "display": "Profile - DiagnosticReport - Laborbefund", "module": "modul-labor", "url": "https://www.medizininformatik-initiative.de/fhir/core/modul-labor/StructureDefinition/DiagnosticReportLab", "leaf": true, "selectable": true}]}, {"id": "054c5582-f7e6-483f-948b-14a1d6a69571", "name": "modul-medikation", "display": "Medikation", "url": "modul-medikation", "module": "modul-medikation", "selectable": false, "leaf": false, "children": [{"id": "121e27ec-64e2-4c26-bf11-ef0ec2bd1c7e", "name": "MII_PR_Medikation_MedicationStatement", "display": "MII PR Medikation MedicationStatement", "module": "modul-medikation", "url": "https://www.medizininformatik-initiative.de/fhir/core/modul-medikation/StructureDefinition/MedicationStatement", "leaf": true, "selectable": true}, {"id": "a01babd4-2791-48fd-b584-7f936a9a4293", "name": "MII_PR_Medikation_Medikationsliste", "display": "MII PR Medikation Medikationsliste", "module": "modul-medikation", "url": "https://www.medizininformatik-initiative.de/fhir/core/modul-medikation/StructureDefinition/medikationsliste", "leaf": true, "selectable": true}, {"id": "93ea4847-3070-4898-bfaa-86ff49635b06", "name": "MII_PR_Medikation_MedicationRequest", "display": "MII PR Medikation MedicationRequest", "module": "modul-medikation", "url": "https://www.medizininformatik-initiative.de/fhir/core/modul-medikation/StructureDefinition/MedicationRequest", "leaf": true, "selectable": true}, {"id": "deed494f-e25e-4059-8597-3f92052d1e32", "name": "MII_PR_Medikation_Medication", "display": "MII PR Medikation Medication", "module": "modul-medikation", "url": "https://www.medizininformatik-initiative.de/fhir/core/modul-medikation/StructureDefinition/Medication", "leaf": true, "selectable": true}, {"id": "890e70e6-5bb2-42a7-a725-fe45813c6683", "name": "MII_PR_Medikation_MedicationAdministration", "display": "MII PR Medikation MedicationAdministration", "module": "modul-medikation", "url": "https://www.medizininformatik-initiative.de/fhir/core/modul-medikation/StructureDefinition/MedicationAdministration", "leaf": true, "selectable": true}]}, {"id": "cf48fed9-f2cc-49a8-a8a4-7c6fd212fe25", "name": "modul-fall", "display": "Fall", "url": "modul-fall", "module": "modul-fall", "selectable": false, "leaf": false, "children": [{"id": "36788732-ce13-4a23-8f39-248d599ae4d5", "name": "MII_PR_Fall_KontaktGesundheitseinrichtung", "display": "MII PR Fall Kontakt mit einer Gesundheitseinrichtung", "module": "modul-fall", "url": "https://www.medizininformatik-initiative.de/fhir/core/modul-fall/StructureDefinition/KontaktGesundheitseinrichtung", "leaf": true, "selectable": true}]}, {"id": "864dcabe-ea2d-4b1b-aaa6-b54cfedc10f6", "name": "modul-biobank", "display": "Biobank", "url": "modul-biobank", "module": "modul-biobank", "selectable": false, "leaf": false, "children": [{"id": "2eb11d58-cfd1-4023-bca9-14e33fd6a815", "name": "ProfileSubstanceAdditiv", "display": "Profile - Substance - Additiv", "module": "modul-biobank", "url": "https://www.medizininformatik-initiative.de/fhir/ext/modul-biobank/StructureDefinition/Substance", "leaf": true, "selectable": true}, {"id": "e51e7eb7-2d22-4eec-be81-378b1dfc372d", "name": "ProfileOrganizationSammlungBiobank", "display": "Profile - Organization - Sammlung/Biobank", "module": "modul-biobank", "url": "https://www.medizininformatik-initiative.de/fhir/ext/modul-biobank/StructureDefinition/Organization", "leaf": true, "selectable": true}, {"id": "57b8baed-55e1-4dee-8984-db5f381091e3", "name": "ProfileSpecimenBioprobeCore", "display": "Profile - Specimen - Bioprobe - Core", "module": "modul-biobank", "url": "https://www.medizininformatik-initiative.de/fhir/ext/modul-biobank/StructureDefinition/SpecimenCore", "leaf": false, "selectable": false, "children": [{"id": "b42a496e-dfa8-4491-872c-2ef000077104", "name": "ProfileSpecimenBioprobe", "display": "Profile - Specimen - Bioprobe", "module": "modul-biobank", "url": "https://www.medizininformatik-initiative.de/fhir/ext/modul-biobank/StructureDefinition/Specimen", "leaf": true, "selectable": true}]}]}, {"id": "a9cebf52-9bca-446e-ab26-9d74d486c1bc", "name": "modul-consent", "display": "Consent", "url": "modul-consent", "module": "modul-consent", "selectable": false, "leaf": false, "children": [{"id": "2ba7b6d2-f859-441f-985c-fc82f1c13fb2", "name": "MII_PR_Consent_Provenance", "display": "Profile - MI-I - Consent - Provenance", "module": "modul-consent", "url": "https://www.medizininformatik-initiative.de/fhir/modul-consent/StructureDefinition/mii-pr-consent-provenance", "leaf": true, "selectable": true}, {"id": "5d534dd1-bc2d-483b-9597-7711fdb6ed63", "name": "MII_PR_Consent_Einwilligung", "display": "Profile - MI-I - Consent - Einwilligung", "module": "modul-consent", "url": "https://www.medizininformatik-initiative.de/fhir/modul-consent/StructureDefinition/mii-pr-consent-einwilligung", "leaf": true, "selectable": true}, {"id": "94ea0304-67b5-4c33-a0b8-397fffb0f30d", "name": "MII_PR_Consent_DocumentReference", "display": "Profile - MI-I - Consent - DocumentReference", "module": "modul-consent", "url": "https://www.medizininformatik-initiative.de/fhir/modul-consent/StructureDefinition/mii-pr-consent-documentreference", "leaf": true, "selectable": true}]}, {"id": "383ac117-b286-453f-a194-98043bfa4592", "name": "modul-icu", "display": "Icu", "url": "modul-icu", "module": "modul-icu", "selectable": false, "leaf": false, "children": [{"id": "a71fbcde-dd6c-45e1-9c26-26cff92bf013", "name": "SD_MII_ICU_Devicemetric_Eingestellte_Gemessene_Parameter_Beatmung", "display": "SD MII ICU DeviceMetric Eingestellte Gemessene Parameter Beatmung", "module": "modul-icu", "url": "https://www.medizininformatik-initiative.de/fhir/ext/modul-icu/StructureDefinition/devicemetric-eingestellte-gemessene-parameter-beatmung", "leaf": true, "selectable": true}, {"id": "206a111d-f3f3-4b36-b35e-738e5f1c8fe3", "name": "SD_MII_ICU_Monitoring_Und_Vitaldaten", "display": "SD MII ICU Monitoring und Vitaldaten", "module": "modul-icu", "url": "https://www.medizininformatik-initiative.de/fhir/ext/modul-icu/StructureDefinition/monitoring-und-vitaldaten", "leaf": false, "selectable": false, "children": [{"id": "2a846fc9-32ab-4ddc-8f5c-f0243b7f39dc", "name": "SD_MII_ICU_Linksventrikulaeres_Herzzeitvolumen_Durch_Indikatorverduennung", "display": "SD MII ICU Linksventrikulaeres Herzzeitvolumen Durch Indikatorverduennung", "module": "modul-icu", "url": "https://www.medizininformatik-initiative.de/fhir/ext/modul-icu/StructureDefinition/linksventrikulaeres-herzzeitvolumen-durch-indikatorverduennung", "leaf": true, "selectable": true}, {"id": "8542bf37-0804-4350-80b3-a143ae29a800", "name": "SD_MII_ICU_Sauerstoffsaettigung_Im_Blut_Preduktal_Durch_Pulsoxymetrie", "display": "SD MII ICU Sauerstoffsaettigung Im Blut Preduktal Durch Pulsoxymetrie", "module": "modul-icu", "url": "https://www.medizininformatik-initiative.de/fhir/ext/modul-icu/StructureDefinition/sauerstoffsaettigung-im-blut-preduktal-durch-pulsoxymetrie", "leaf": true, "selectable": true}, {"id": "79f5f364-2c44-4f57-8975-6af6f55b9d0f", "name": "SD_MII_ICU_Koerpertemperatur_Generisch", "display": "SD MII ICU Koerpertemperatur Generisch", "module": "modul-icu", "url": "https://www.medizininformatik-initiative.de/fhir/ext/modul-icu/StructureDefinition/koerpertemperatur-generisch", "leaf": false, "selectable": false, "children": [{"id": "109eb4d0-7dad-496e-bec4-e2f9d8c7347e", "name": "SD_MII_ICU_Koerpertemperatur_Brust", "display": "SD MII ICU Koerpertemperatur Brust", "module": "modul-icu", "url": "https://www.medizininformatik-initiative.de/fhir/ext/modul-icu/StructureDefinition/koerpertemperatur-brust", "leaf": true, "selectable": true}, {"id": "c72db009-9cf2-4aa6-b1ea-c9ecdb5189ca", "name": "SD_MII_ICU_Koerpertemperatur_Nasal", "display": "SD MII ICU Koerpertemperatur nasal", "module": "modul-icu", "url": "https://www.medizininformatik-initiative.de/fhir/ext/modul-icu/StructureDefinition/koerpertemperatur-nasal", "leaf": true, "selectable": true}, {"id": "23b563d1-34e8-4daa-8a9a-d8414cebb124", "name": "SD_MII_ICU_Koerpertemperatur_Rektal", "display": "SD MII ICU Koerpertemperatur rektal", "module": "modul-icu", "url": "https://www.medizininformatik-initiative.de/fhir/ext/modul-icu/StructureDefinition/koerpertemperatur-rektal", "leaf": true, "selectable": true}, {"id": "4f3debc3-efe4-4a65-b2c7-d27594f0b006", "name": "SD_MII_ICU_Koerpertemperatur_Vaginal", "display": "SD MII ICU Koerpertemperatur vaginal", "module": "modul-icu", "url": "https://www.medizininformatik-initiative.de/fhir/ext/modul-icu/StructureDefinition/koerpertemperatur-vaginal", "leaf": true, "selectable": true}, {"id": "a420394f-7dbd-45bc-a27d-0a2d3246d18f", "name": "SD_MII_ICU_Koerpertemperatur_Lendenwirbelsaeule", "display": "SD MII ICU Koerpertemperatur Lendenwirbelsaeule", "module": "modul-icu", "url": "https://www.medizininformatik-initiative.de/fhir/ext/modul-icu/StructureDefinition/koerpertemperatur-lendenwirbelsaeule", "leaf": true, "selectable": true}, {"id": "c7204c0b-4c15-477c-a1a5-394e2b81d43a", "name": "SD_MII_ICU_Koerpertemperatur_Trommelfell", "display": "SD MII ICU Koerpertemperatur Trommelfell", "module": "modul-icu", "url": "https://www.medizininformatik-initiative.de/fhir/ext/modul-icu/StructureDefinition/koerpertemperatur-trommelfell", "leaf": true, "selectable": true}, {"id": "ae6431b5-9fa4-465e-9a3c-1c6d94fae141", "name": "SD_MII_ICU_Koerpertemperatur_Unter_Der_Zunge", "display": "SD MII ICU Koerpertemperatur unter der Zunge", "module": "modul-icu", "url": "https://www.medizininformatik-initiative.de/fhir/ext/modul-icu/StructureDefinition/koerpertemperatur-unter-der-zunge", "leaf": true, "selectable": true}, {"id": "a82bedc5-8e00-45f4-a48e-e5a45ecad255", "name": "SD_MII_ICU_Koerpertemperatur_Leiste", "display": "SD MII ICU Koerpertemperatur Leiste", "module": "modul-icu", "url": "https://www.medizininformatik-initiative.de/fhir/ext/modul-icu/StructureDefinition/koerpertemperatur-leiste", "leaf": true, "selectable": true}, {"id": "79085a5b-6a19-4217-b2c9-473c0e8a9410", "name": "SD_MII_ICU_Koerpertemperatur_Nasen_Rachen_Raum", "display": "SD MII ICU Koerpertemperatur Nasen-Rachen-Raum", "module": "modul-icu", "url": "https://www.medizininformatik-initiative.de/fhir/ext/modul-icu/StructureDefinition/koerpertemperatur-nasen-rachen-raum", "leaf": true, "selectable": true}, {"id": "f293efc8-8a6c-48e9-ab84-407dcc323cec", "name": "SD_MII_ICU_Koerpertemperatur_Speiseroehre", "display": "SD MII ICU Koerpertemperatur Speiseroehre", "module": "modul-icu", "url": "https://www.medizininformatik-initiative.de/fhir/ext/modul-icu/StructureDefinition/koerpertemperatur-speiseroehre", "leaf": true, "selectable": true}, {"id": "64270b62-ef25-4683-b9b7-84b5426bbf49", "name": "SD_MII_ICU_Koerpertemperatur_Stirn", "display": "SD MII ICU Koerpertemperatur Stirn", "module": "modul-icu", "url": "https://www.medizininformatik-initiative.de/fhir/ext/modul-icu/StructureDefinition/koerpertemperatur-stirn", "leaf": true, "selectable": true}, {"id": "66fc39a9-3e67-46b5-8d58-7b0235431048", "name": "SD_MII_ICU_Koerpertemperatur_Achsel", "display": "SD MII ICU Koerpertemperatur Achsel", "module": "modul-icu", "url": "https://www.medizininformatik-initiative.de/fhir/ext/modul-icu/StructureDefinition/koerpertemperatur-achsel", "leaf": true, "selectable": true}, {"id": "fe876cfc-2021-4704-87f5-9ed4da28e2fa", "name": "SD_MII_ICU_Koerpertemperatur_Halswirbelsaeule", "display": "SD MII ICU Koerpertemperatur Halswirbelsaeule", "module": "modul-icu", "url": "https://www.medizininformatik-initiative.de/fhir/ext/modul-icu/StructureDefinition/koerpertemperatur-halswirbelsaeule", "leaf": true, "selectable": true}, {"id": "4f9fc846-de3d-4d69-a1bd-734847086d95", "name": "SD_MII_ICU_Koerpertemperatur_Kern", "display": "SD MII ICU Koerpertemperatur Kern", "module": "modul-icu", "url": "https://www.medizininformatik-initiative.de/fhir/ext/modul-icu/StructureDefinition/koerpertemperatur-kern", "leaf": true, "selectable": true}, {"id": "138fcdc4-fd50-463d-9ef7-dff584e498d8", "name": "SD_MII_ICU_Koerpertemperatur_Atemwege", "display": "SD MII ICU Koerpertemperatur Atemwege", "module": "modul-icu", "url": "https://www.medizininformatik-initiative.de/fhir/ext/modul-icu/StructureDefinition/koerpertemperatur-atemwege", "leaf": true, "selectable": true}, {"id": "c3b2dfec-cb01-4c43-8dc0-75d388756e6a", "name": "SD_MII_ICU_Koerpertemperatur_Blut", "display": "SD MII ICU Koerpertemperatur Blut", "module": "modul-icu", "url": "https://www.medizininformatik-initiative.de/fhir/ext/modul-icu/StructureDefinition/koerpertemperatur-blut", "leaf": true, "selectable": true}, {"id": "ecb92653-c899-4f31-894e-c9eda54a43f1", "name": "SD_MII_ICU_Koerpertemperatur_Brustwirbelsaeule", "display": "SD MII ICU Koerpertemperatur Brustwirbelsaeule", "module": "modul-icu", "url": "https://www.medizininformatik-initiative.de/fhir/ext/modul-icu/StructureDefinition/koerpertemperatur-brustwirbelsaeule", "leaf": true, "selectable": true}, {"id": "44705bc6-d465-4d48-af65-dadf48ffe84b", "name": "SD_MII_ICU_Koerpertemperatur_Harnblase", "display": "SD MII ICU Koerpertemperatur Harnblase", "module": "modul-icu", "url": "https://www.medizininformatik-initiative.de/fhir/ext/modul-icu/StructureDefinition/koerpertemperatur-harnblase", "leaf": true, "selectable": true}]}, {"id": "7a4022c2-fd6d-4d45-98ee-bbbf197121c9", "name": "SD_MII_ICU_Linksventrikulaeres_Schlagvolumenindex", "display": "SD MII ICU Linksventrikulaeres Schlagvolumenindex", "module": "modul-icu", "url": "https://www.medizininformatik-initiative.de/fhir/ext/modul-icu/StructureDefinition/linksventrikulaeres-schlagvolumenindex", "leaf": true, "selectable": true}, {"id": "8814f7d5-68b4-4fdc-a32f-032632a1274f", "name": "SD_MII_ICU_Linksventrikulaerer_Herzindex", "display": "SD MII ICU Linksventrikulaerer Herzindex", "module": "modul-icu", "url": "https://www.medizininformatik-initiative.de/fhir/ext/modul-icu/StructureDefinition/linksventrikulaerer-herzindex", "leaf": true, "selectable": true}, {"id": "ab3a75ee-9fb8-4559-8fa5-07e5a0e315af", "name": "SD_MII_ICU_Pulmonalarterieller_Wedge_Druck", "display": "SD MII ICU Pulmonalarterieller Wedge Druck", "module": "modul-icu", "url": "https://www.medizininformatik-initiative.de/fhir/ext/modul-icu/StructureDefinition/pulmonalarterieller-wedge-druck", "leaf": true, "selectable": true}, {"id": "636de1f4-ba88-49ef-851f-2d9da203d8a7", "name": "SD_MII_ICU_Sauerstoffsaettigung_Im_Arteriellen_Blut_Durch_Pulsoxymetrie", "display": "SD MII ICU Sauerstoffsaettigung Im Arteriellen Blut Durch Pulsoxymetrie", "module": "modul-icu", "url": "https://www.medizininformatik-initiative.de/fhir/ext/modul-icu/StructureDefinition/sauerstoffsaettigung-im-arteriellen-blut-durch-pulsoxymetrie", "leaf": true, "selectable": true}, {"id": "b54e7907-0549-4ba1-9329-49901a5b93e6", "name": "SD_MII_ICU_Sauerstoffsaettigung_Im_Blut_Postduktal_Durch_Pulsoxymetrie", "display": "SD MII ICU Sauerstoffsaettigung Im Blut Postduktal Durch Pulsoxymetrie", "module": "modul-icu", "url": "https://www.medizininformatik-initiative.de/fhir/ext/modul-icu/StructureDefinition/sauerstoffsaettigung-im-blut-postduktal-durch-pulsoxymetrie", "leaf": true, "selectable": true}, {"id": "119b1276-8035-4a8d-8b07-f18e6fc87ec0", "name": "SD_MII_ICU_Linksventrikulaerer_Herzindex_Durch_Indikatorverduennung", "display": "SD MII ICU Linksventrikulaerer Herzindex durch Indikatorverduennung", "module": "modul-icu", "url": "https://www.medizininformatik-initiative.de/fhir/ext/modul-icu/StructureDefinition/linksventrikulaerer-herzindex-durch-indikatorverduennung", "leaf": true, "selectable": true}, {"id": "690d0e24-c728-45ea-b100-a60b5bd2845b", "name": "SD_MII_ICU_Linksventrikulaerer_Schlagvolumenindex_Durch_Indikatorverduennung", "display": "SD MII ICU Linksventrikulaerer Schlagvolumenindex Durch Indikatorverduennung", "module": "modul-icu", "url": "https://www.medizininformatik-initiative.de/fhir/ext/modul-icu/StructureDefinition/linksventrikulaerer-schlagvolumenindex-durch-indikatorverduennung", "leaf": true, "selectable": true}, {"id": "e0b6e218-a27f-4390-b29d-ffc3d87b8328", "name": "SD_MII_ICU_Herzfrequenz", "display": "SD MII ICU Herzfrequenz", "module": "modul-icu", "url": "https://www.medizininformatik-initiative.de/fhir/ext/modul-icu/StructureDefinition/herzfrequenz", "leaf": true, "selectable": true}, {"id": "32c6ca3c-6517-430a-8b5e-a4bb6c6c1b9b", "name": "SD_MII_ICU_Systemischer_Vaskulaerer_Widerstandsindex", "display": "SD MII ICU Systemischer Vaskulaerer Widerstandsindex", "module": "modul-icu", "url": "https://www.medizininformatik-initiative.de/fhir/ext/modul-icu/StructureDefinition/systemischer-vaskulaerer-widerstandsindex", "leaf": true, "selectable": true}, {"id": "3690194b-b7ec-42ae-b6c8-df1fd1021e7c", "name": "SD_MII_ICU_Puls", "display": "SD MII ICU Puls", "module": "modul-icu", "url": "https://www.medizininformatik-initiative.de/fhir/ext/modul-icu/StructureDefinition/puls", "leaf": true, "selectable": true}, {"id": "0f585061-f51b-433e-ba0b-1872085ebbaa", "name": "SD_MII_ICU_Linksventrikulaeres_Schlagvolumen_Durch_Indikatorverduennung", "display": "SD MII ICU Linksventrikulaeres Schlagvolumen Durch Indikatorverduennung", "module": "modul-icu", "url": "https://www.medizininformatik-initiative.de/fhir/ext/modul-icu/StructureDefinition/linksventrikulaeres-schlagvolumen-durch-indikatorverduennung", "leaf": true, "selectable": true}, {"id": "5a50b387-7f1f-4b61-ba18-91cc0595e475", "name": "SD_MII_ICU_Herzzeitvolumen", "display": "SD MII ICU Herzzeitvolumen", "module": "modul-icu", "url": "https://www.medizininformatik-initiative.de/fhir/ext/modul-icu/StructureDefinition/herzzeitvolumen", "leaf": true, "selectable": true}, {"id": "53a366ca-27a6-4d40-83d7-55face0c33dd", "name": "SD_MII_ICU_Intrakranieller_Druck_Icp", "display": "SD MII ICU Intrakranieller Druck ICP", "module": "modul-icu", "url": "https://www.medizininformatik-initiative.de/fhir/ext/modul-icu/StructureDefinition/intrakranieller-druck-icp", "leaf": true, "selectable": true}, {"id": "d83ce3af-8b4e-40e5-b0df-483e5876be07", "name": "SD_MII_ICU_Koerpergewicht_Percentil_Altersabhaengig", "display": "SD MII ICU Koerpergewicht Percentil Altersabhaengig", "module": "modul-icu", "url": "https://www.medizininformatik-initiative.de/fhir/ext/modul-icu/StructureDefinition/koerpergewicht-percentil-altersabhaengig", "leaf": true, "selectable": true}, {"id": "176999d6-9bbf-46c5-81b2-f87fa0ac59ba", "name": "SD_MII_ICU_Zentralvenoeser_Blutdruck", "display": "SD MII ICU Zentralvenoeser Blutdruck", "module": "modul-icu", "url": "https://www.medizininformatik-initiative.de/fhir/ext/modul-icu/StructureDefinition/zentralvenoeser-blutdruck", "leaf": true, "selectable": true}, {"id": "6e6b1f40-5cbb-40f6-9b00-e19e3d61daed", "name": "SD_MII_ICU_Ideales_Koerpergewicht", "display": "SD MII ICU Ideales Koerpergewicht", "module": "modul-icu", "url": "https://www.medizininformatik-initiative.de/fhir/ext/modul-icu/StructureDefinition/ideales-koerpergewicht", "leaf": true, "selectable": true}, {"id": "60c5d8a6-de6f-4911-a5b9-2478d90f8a5b", "name": "SD_MII_ICU_Koerpergroesse_Percentil", "display": "SD MII ICU Koerpergroesse Percentil", "module": "modul-icu", "url": "https://www.medizininformatik-initiative.de/fhir/ext/modul-icu/StructureDefinition/koerpergroesse-percentil", "leaf": true, "selectable": true}, {"id": "40777c4b-e856-4dd5-9951-6c7a55d29b5d", "name": "SD_MII_ICU_Pulmonalvaskulaerer_Widerstandsindex", "display": "SD MII ICU Pulmonalvaskulaerer Widerstandsindex", "module": "modul-icu", "url": "https://www.medizininformatik-initiative.de/fhir/ext/modul-icu/StructureDefinition/pulmonalvaskulaerer-widerstandsindex", "leaf": true, "selectable": true}, {"id": "1230c3a2-868f-4938-acf9-51efbe5931d1", "name": "SD_MII_ICU_Linksventrikulaeres_Schlagvolumen", "display": "SD MII ICU Linksventrikulaeres Schlagvolumen", "module": "modul-icu", "url": "https://www.medizininformatik-initiative.de/fhir/ext/modul-icu/StructureDefinition/linksventrikulaeres-schlagvolumen", "leaf": true, "selectable": true}]}, {"id": "e6ee55aa-b8f1-4d88-9ff1-6fe1331f8d92", "name": "SD_MII_ICU_Sonstige_Pulsatile_Druecke_Generisch", "display": "SD MII ICU Sonstige pulsatile Druecke Generisch", "module": "modul-icu", "url": "https://www.medizininformatik-initiative.de/fhir/ext/modul-icu/StructureDefinition/sonstige-pulsatile-druecke-generisch", "leaf": false, "selectable": false, "children": [{"id": "c5f9c655-8e55-417f-87ad-d18e9eed2bc1", "name": "SD_MII_ICU_Linksventrikulaerer_Druck", "display": "SD MII ICU Linksventrikulaerer Druck", "module": "modul-icu", "url": "https://www.medizininformatik-initiative.de/fhir/ext/modul-icu/StructureDefinition/linksventrikulaerer-druck", "leaf": true, "selectable": true}, {"id": "ee48d6dc-6f76-4b16-ba02-e94d11f8993b", "name": "SD_MII_ICU_Linksatrialer_Druck", "display": "SD MII ICU Linksatrialer Druck", "module": "modul-icu", "url": "https://www.medizininformatik-initiative.de/fhir/ext/modul-icu/StructureDefinition/linksatrialer-druck", "leaf": true, "selectable": true}, {"id": "3ccefce1-d44b-427f-82dd-efbf9bf54503", "name": "SD_MII_ICU_Rechtsatrialer_Druck", "display": "SD MII ICU Rechtsatrialer Druck", "module": "modul-icu", "url": "https://www.medizininformatik-initiative.de/fhir/ext/modul-icu/StructureDefinition/rechtsatrialer-druck", "leaf": true, "selectable": true}, {"id": "91e78134-7573-4b03-8ed2-227ad2a6c92c", "name": "SD_MII_ICU_Rechtsventrikulaerer_Druck", "display": "SD MII ICU Rechtsventrikulaerer Druck", "module": "modul-icu", "url": "https://www.medizininformatik-initiative.de/fhir/ext/modul-icu/StructureDefinition/rechtsventrikulaerer-druck", "leaf": true, "selectable": true}, {"id": "1d9ec57a-53d2-4b7e-83c1-f1ff3890dfea", "name": "SD_MII_ICU_Pulmonalarterieller_Blutdruck", "display": "SD MII ICU Pulmonalarterieller Blutdruck", "module": "modul-icu", "url": "https://www.medizininformatik-initiative.de/fhir/ext/modul-icu/StructureDefinition/pulmonalarterieller-blutdruck", "leaf": true, "selectable": true}]}, {"id": "bc224f9d-8ad9-49cd-b8ce-16b4f3790241", "name": "SD_MII_ICU_Parameter_Von_Beatmung", "display": "SD MII ICU Parameter von Beatmung", "module": "modul-icu", "url": "https://www.medizininformatik-initiative.de/fhir/ext/modul-icu/StructureDefinition/parameter-von-beatmung", "leaf": false, "selectable": false, "children": [{"id": "38ccff86-16dd-4000-8fdf-82c85c529f3f", "name": "SD_MII_ICU_Maximaler_Beatmungsdruck", "display": "SD MII ICU Maximaler Beatmungsdruck", "module": "modul-icu", "url": "https://www.medizininformatik-initiative.de/fhir/ext/modul-icu/StructureDefinition/maximaler-beatmungsdruck", "leaf": true, "selectable": true}, {"id": "ab321dc8-3a4c-467c-a0fe-8596381a52c4", "name": "SD_MII_ICU_Beatmungszeit_Hohem_Druck", "display": "SD MII ICU Beatmungszeit Hohem Druck", "module": "modul-icu", "url": "https://www.medizininformatik-initiative.de/fhir/ext/modul-icu/StructureDefinition/beatmungszeit-hohem-druck", "leaf": true, "selectable": true}, {"id": "93985fcd-d9e7-4fab-b953-c7a622266eca", "name": "SD_MII_ICU_Atemzugvolumen_Einstellung", "display": "SD MII ICU Atemzugvolumen Einstellung", "module": "modul-icu", "url": "https://www.medizininformatik-initiative.de/fhir/ext/modul-icu/StructureDefinition/atemzugvolumen-einstellung", "leaf": true, "selectable": true}, {"id": "860d05d8-1693-47c5-92d6-e2c430a2a492", "name": "SD_MII_ICU_Einstellung_Einatmungszeit_Beatmung", "display": "SD MII ICU Einstellung Einatmungszeit Beatmung", "module": "modul-icu", "url": "https://www.medizininformatik-initiative.de/fhir/ext/modul-icu/StructureDefinition/einstellung-einatmungszeit-beatmung", "leaf": true, "selectable": true}, {"id": "2665a637-2ceb-4727-8e9a-0c0d6e3cccf5", "name": "SD_MII_ICU_Inspiratorischer_Gasfluss", "display": "SD MII ICU Inspiratorischer Gasfluss", "module": "modul-icu", "url": "https://www.medizininformatik-initiative.de/fhir/ext/modul-icu/StructureDefinition/inspiratorischer-gasfluss", "leaf": true, "selectable": true}, {"id": "7b16c314-01b0-443e-ae87-205815bd1f4a", "name": "SD_MII_ICU_Spontane_Atemfrequenz_Beatmet", "display": "SD MII ICU Spontane Atemfrequenz Beatmet", "module": "modul-icu", "url": "https://www.medizininformatik-initiative.de/fhir/ext/modul-icu/StructureDefinition/spontane-atemfrequenz-beatmet", "leaf": true, "selectable": true}, {"id": "9bf72f60-7d2e-43ee-a888-32f8473b8079", "name": "SD_MII_ICU_Mittlerer_Beatmungsdruck", "display": "SD MII ICU Mittlerer Beatmungsdruck", "module": "modul-icu", "url": "https://www.medizininformatik-initiative.de/fhir/ext/modul-icu/StructureDefinition/mittlerer-beatmungsdruck", "leaf": true, "selectable": true}, {"id": "88b72ce9-58f8-48b1-896e-316491e50e6a", "name": "SD_MII_ICU_Atemwegsdruck_Bei_Mittlerem_Expiratorischem_Gasfluss", "display": "SD MII ICU Atemwegsdruck Bei Mittlerem Expiratorischem Gasfluss", "module": "modul-icu", "url": "https://www.medizininformatik-initiative.de/fhir/ext/modul-icu/StructureDefinition/atemwegsdruck-bei-mittlerem-expiratorischem-gasfluss", "leaf": true, "selectable": true}, {"id": "a2f9855c-db8b-4520-84af-4a8ea07798f9", "name": "SD_MII_ICU_Zeitverhaeltnis_Ein_Ausatmung", "display": "SD MII ICU Zeitverhaeltnis Ein Ausatmung", "module": "modul-icu", "url": "https://www.medizininformatik-initiative.de/fhir/ext/modul-icu/StructureDefinition/zeitverhaeltnis-ein-ausatmung", "leaf": true, "selectable": true}, {"id": "1028597e-8326-4c59-92f5-f3965cec397f", "name": "SD_MII_ICU_Spontanes_Atemzugvolumen", "display": "SD MII ICU Spontanes Atemzugvolumen", "module": "modul-icu", "url": "https://www.medizininformatik-initiative.de/fhir/ext/modul-icu/StructureDefinition/spontanes-atemzugvolumen", "leaf": true, "selectable": true}, {"id": "db5a74c8-6304-4fbf-ad88-732e790414c1", "name": "SD_MII_ICU_Beatmungszeit_Niedrigem_Druck", "display": "SD MII ICU Beatmungszeit Niedrigem Druck", "module": "modul-icu", "url": "https://www.medizininformatik-initiative.de/fhir/ext/modul-icu/StructureDefinition/beatmungszeit-niedrigem-druck", "leaf": true, "selectable": true}, {"id": "31478098-5a0f-48f9-ae40-a06165cd6487", "name": "SD_MII_ICU_Atemzugvolumen_Waehrend_Beatmung", "display": "SD MII ICU Atemzugvolumen Waehrend Beatmung", "module": "modul-icu", "url": "https://www.medizininformatik-initiative.de/fhir/ext/modul-icu/StructureDefinition/atemzugvolumen-waehrend-beatmung", "leaf": true, "selectable": true}, {"id": "8ee8f0af-b263-40c9-9eb8-9fa32e460c09", "name": "SD_MII_ICU_Eingestellter_Inspiratorischer_Gasfluss", "display": "SD MII ICU Eingestellter Inspiratorischer Gasfluss", "module": "modul-icu", "url": "https://www.medizininformatik-initiative.de/fhir/ext/modul-icu/StructureDefinition/eingestellter-inspiratorischer-gasfluss", "leaf": true, "selectable": true}, {"id": "09700ed4-b45c-48b9-93fa-415a7909e96e", "name": "SD_MII_ICU_Druckdifferenz_Beatmung", "display": "SD MII ICU Druckdifferenz Beatmung", "module": "modul-icu", "url": "https://www.medizininformatik-initiative.de/fhir/ext/modul-icu/StructureDefinition/druckdifferenz-beatmung", "leaf": true, "selectable": true}, {"id": "c386e12b-7e1b-4f92-847f-c1739493f849", "name": "SD_MII_ICU_Endexpiratorischer_Kohlendioxidpartialdruck", "display": "SD MII ICU Endexpiratorischer Kohlendioxidpartialdruck", "module": "modul-icu", "url": "https://www.medizininformatik-initiative.de/fhir/ext/modul-icu/StructureDefinition/endexpiratorischer-kohlendioxidpartialdruck", "leaf": true, "selectable": true}, {"id": "f499a22c-486c-45da-bd8b-fe92a612cc9a", "name": "SD_MII_ICU_Inspiratorische_Sauerstofffraktion_Gemessen", "display": "SD MII ICU Inspiratorische Sauerstofffraktion Gemessen", "module": "modul-icu", "url": "https://www.medizininformatik-initiative.de/fhir/ext/modul-icu/StructureDefinition/inspiratorische-sauerstofffraktion-gemessen", "leaf": true, "selectable": true}, {"id": "a361e10f-8cda-4c72-99cd-047f8d1e3663", "name": "SD_MII_ICU_Beatmungsvolumen_Pro_Minute_Maschineller_Beatmung", "display": "SD MII ICU Beatmungsvolumen Pro Minute Maschineller Beatmung", "module": "modul-icu", "url": "https://www.medizininformatik-initiative.de/fhir/ext/modul-icu/StructureDefinition/beatmungsvolumen-pro-minute-maschineller-beatmung", "leaf": true, "selectable": true}, {"id": "c4ca14d6-136b-4c12-955d-f715cbfc7790", "name": "SD_MII_ICU_Spontane_Mechanische_Atemfrequenz_Beatmet", "display": "SD MII ICU Spontane Mechanische Atemfrequenz Beatmet", "module": "modul-icu", "url": "https://www.medizininformatik-initiative.de/fhir/ext/modul-icu/StructureDefinition/spontane-mechanische-atemfrequenz-beatmet", "leaf": true, "selectable": true}, {"id": "6958c566-fd49-4662-a105-3ad9a2cf4fb9", "name": "SD_MII_ICU_Inspiratorische_Sauerstofffraktion_Eingestellt", "display": "SD MII ICU Inspiratorische Sauerstofffraktion Eingestellt", "module": "modul-icu", "url": "https://www.medizininformatik-initiative.de/fhir/ext/modul-icu/StructureDefinition/inspiratorische-sauerstofffraktion-eingestellt", "leaf": true, "selectable": true}, {"id": "1ba05489-c086-4a45-85b4-79a5a1401041", "name": "SD_MII_ICU_Horowitz_In_Arteriellem_Blut", "display": "SD MII ICU Horowitz In Arteriellem Blut", "module": "modul-icu", "url": "https://www.medizininformatik-initiative.de/fhir/ext/modul-icu/StructureDefinition/horowitz-in-arteriellem-blut", "leaf": true, "selectable": true}, {"id": "56d314e9-37ea-45b1-af64-7fe7246c22eb", "name": "SD_MII_ICU_Exspiratorischer_Gasfluss", "display": "SD MII ICU Exspiratorischer Gasfluss", "module": "modul-icu", "url": "https://www.medizininformatik-initiative.de/fhir/ext/modul-icu/StructureDefinition/exspiratorischer-gasfluss", "leaf": true, "selectable": true}, {"id": "06a0cd1b-9bf6-45a1-9bf0-1c7ff242938b", "name": "SD_MII_ICU_Mechanische_Atemfrequenz_Beatmet", "display": "SD MII ICU Mechanische Atemfrequenz Beatmet", "module": "modul-icu", "url": "https://www.medizininformatik-initiative.de/fhir/ext/modul-icu/StructureDefinition/mechanische-atemfrequenz-beatmet", "leaf": true, "selectable": true}, {"id": "b9512a51-72ff-4c53-9e62-1baa6a2fe208", "name": "SD_MII_ICU_Exspiratorischer_Sauerstoffpartialdruck", "display": "SD MII ICU Exspiratorischer Sauerstoffpartialdruck", "module": "modul-icu", "url": "https://www.medizininformatik-initiative.de/fhir/ext/modul-icu/StructureDefinition/exspiratorischer-sauerstoffpartialdruck", "leaf": true, "selectable": true}, {"id": "6cfca5fc-4fcd-468d-8a81-0ea65352b82e", "name": "SD_MII_ICU_Einstellung_Ausatmungszeit_Beatmung", "display": "SD MII ICU Einstellung Ausatmungszeit Beatmung", "module": "modul-icu", "url": "https://www.medizininformatik-initiative.de/fhir/ext/modul-icu/StructureDefinition/einstellung-ausatmungszeit-beatmung", "leaf": true, "selectable": true}, {"id": "0f3ddef3-2d40-44e0-b6c3-5437fd15600c", "name": "SD_MII_ICU_Atemwegsdruck_Bei_Null_Expiratorischem_Gasfluss", "display": "SD MII ICU Atemwegsdruck Bei Null Expiratorischem Gasfluss", "module": "modul-icu", "url": "https://www.medizininformatik-initiative.de/fhir/ext/modul-icu/StructureDefinition/atemwegsdruck-bei-null-expiratorischem-gasfluss", "leaf": true, "selectable": true}, {"id": "1125202e-7a9d-470b-905c-d096d8007b7c", "name": "SD_MII_ICU_Positiv_Endexpiratorischer_Druck", "display": "SD MII ICU Positiv Endexpiratorischer Druck", "module": "modul-icu", "url": "https://www.medizininformatik-initiative.de/fhir/ext/modul-icu/StructureDefinition/positiv-endexpiratorischer-druck", "leaf": true, "selectable": true}, {"id": "63045d2d-f30e-4e9b-a759-941ee1e52120", "name": "SD_MII_ICU_Spontanes_Mechanisches_Atemzugvolumen_Waehrend_Beatmung", "display": "SD MII ICU Spontanes Mechanisches Atemzugvolumen Waehrend Beatmung", "module": "modul-icu", "url": "https://www.medizininformatik-initiative.de/fhir/ext/modul-icu/StructureDefinition/spontanes-mechanisches-atemzugvolumen-waehrend-beatmung", "leaf": true, "selectable": true}, {"id": "a580a9cb-d78b-4862-aa05-952220801991", "name": "SD_MII_ICU_Unterstuezungsdruck_Beatmung", "display": "SD MII ICU Unterstuezungsdruck Beatmung", "module": "modul-icu", "url": "https://www.medizininformatik-initiative.de/fhir/ext/modul-icu/StructureDefinition/unterstuetzungsdruck-beatmung", "leaf": true, "selectable": true}]}, {"id": "6f644a9e-2e83-4c8e-8c5b-7deaea7ca8c2", "name": "SD_MII_ICU_Parameter_Von_Extrakorporalen_Verfahren", "display": "SD MII ICU Parameter von Extrakorporalen Verfahren", "module": "modul-icu", "url": "https://www.medizininformatik-initiative.de/fhir/ext/modul-icu/StructureDefinition/parameter-von-extrakorporalen-verfahren", "leaf": false, "selectable": false, "children": [{"id": "eb427c77-ffd7-496b-a85e-78ce91325c13", "name": "SD_MII_ICU_Venoeser_Druck", "display": "SD MII ICU Venoeser Druck", "module": "modul-icu", "url": "https://www.medizininformatik-initiative.de/fhir/ext/modul-icu/StructureDefinition/venoeser-druck", "leaf": true, "selectable": true}, {"id": "470b958b-4da7-4590-b0fb-527b9241dff5", "name": "SD_MII_ICU_Substituatvolumen", "display": "SD MII ICU Substituatvolumen", "module": "modul-icu", "url": "https://www.medizininformatik-initiative.de/fhir/ext/modul-icu/StructureDefinition/substituatvolumen", "leaf": true, "selectable": true}, {"id": "585b5d2f-992f-436f-821e-aad9570d9c66", "name": "SD_MII_ICU_Sauerstoffgasfluss", "display": "SD MII ICU Sauerstoffgasfluss", "module": "modul-icu", "url": "https://www.medizininformatik-initiative.de/fhir/ext/modul-icu/StructureDefinition/sauerstoffgasfluss", "leaf": true, "selectable": true}, {"id": "399eca31-0d99-40cb-b227-2a58d9138e2c", "name": "SD_MII_ICU_Dauer_Extrakorporaler_Gasaustausch", "display": "SD MII ICU Dauer Extrakorporaler Gasaustausch", "module": "modul-icu", "url": "https://www.medizininformatik-initiative.de/fhir/ext/modul-icu/StructureDefinition/dauer-extrakorporaler-gasaustausch", "leaf": true, "selectable": true}, {"id": "3148aefb-484e-4448-bd3e-13c4655ae083", "name": "SD_MII_ICU_Blutfluss_Extrakorporaler_Gasaustausch", "display": "SD MII ICU Blutfluss Extrakorporaler Gasaustausch", "module": "modul-icu", "url": "https://www.medizininformatik-initiative.de/fhir/ext/modul-icu/StructureDefinition/blutfluss-extrakorporaler-gasaustausch", "leaf": true, "selectable": true}, {"id": "7d257131-fb5d-4cb0-84e5-3c88923c2f18", "name": "SD_MII_ICU_Haemodialyse_Blutfluss", "display": "SD MII ICU Haemodialyse Blutfluss", "module": "modul-icu", "url": "https://www.medizininformatik-initiative.de/fhir/ext/modul-icu/StructureDefinition/haemodialyse-blutfluss", "leaf": true, "selectable": true}, {"id": "ddfe538d-85dd-4f8b-8ee5-24b392aa752f", "name": "SD_MII_ICU_Blutfluss_Cardiovasculaeres_Geraet", "display": "SD MII ICU Blutfluss Cardiovasculaeres Geraet", "module": "modul-icu", "url": "https://www.medizininformatik-initiative.de/fhir/ext/modul-icu/StructureDefinition/blutfluss-cardiovasculaeres-geraet", "leaf": true, "selectable": true}, {"id": "848b7781-d34d-44c7-bd2a-a58dec9cd4d8", "name": "SD_MII_ICU_Ionisiertes_Kalzium_Nierenersatzverfahren", "display": "SD MII ICU Ionisiertes Kalzium Nierenersatzverfahren", "module": "modul-icu", "url": "https://www.medizininformatik-initiative.de/fhir/ext/modul-icu/StructureDefinition/ionisiertes-kalzium-nierenersatzverfahren", "leaf": true, "selectable": true}, {"id": "62455e8b-b3a0-41ad-a538-8eb56cf90cf8", "name": "SD_MII_ICU_Dauer_Haemodialysesitzung", "display": "SD MII ICU Dauer Haemodialysesitzung", "module": "modul-icu", "url": "https://www.medizininformatik-initiative.de/fhir/ext/modul-icu/StructureDefinition/dauer-haemodialysesitzung", "leaf": true, "selectable": true}, {"id": "0122be27-2cc3-4b04-984b-adbb11d4aa43", "name": "SD_MII_ICU_Arterieller_Druck", "display": "SD MII ICU Arterieller Druck", "module": "modul-icu", "url": "https://www.medizininformatik-initiative.de/fhir/ext/modul-icu/StructureDefinition/arterieller-druck", "leaf": true, "selectable": true}, {"id": "ce2ef0f2-64c5-49fc-a0d9-b9b5bd4ad97f", "name": "SD_MII_ICU_Blutflussindex_Extrakorporaler_Gasaustausch", "display": "SD MII ICU Blutflussindex Extrakorporaler Gasaustausch", "module": "modul-icu", "url": "https://www.medizininformatik-initiative.de/fhir/ext/modul-icu/StructureDefinition/blutflussindex-extrakorporaler-gasaustausch", "leaf": true, "selectable": true}, {"id": "069c7c6b-7031-43b8-89ab-4bb0b319a0d3", "name": "SD_MII_ICU_Substituatfluss", "display": "SD MII ICU Substituatfluss", "module": "modul-icu", "url": "https://www.medizininformatik-initiative.de/fhir/ext/modul-icu/StructureDefinition/substituatfluss", "leaf": true, "selectable": true}]}, {"id": "b82fe366-4127-4671-a46c-bcec390c2816", "name": "SD_MII_ICU_Icu_Device", "display": "SD MII ICU ICU Device", "module": "modul-icu", "url": "https://www.medizininformatik-initiative.de/fhir/ext/modul-icu/StructureDefinition/icu-device", "leaf": true, "selectable": true}, {"id": "15f835ca-bd6b-4ebb-b4c1-dd80b5d1414c", "name": "SD_MII_ICU_Devicemetric_Eingestellte_Gemessene_Parameter_Extrakorporale_Verfahren", "display": "SD MII ICU DeviceMetric Eingestellte Gemessene Parameter Extrakorporale Verfahren", "module": "modul-icu", "url": "https://www.medizininformatik-initiative.de/fhir/ext/modul-icu/StructureDefinition/devicemetric-eingestellte-gemessene-parameter-extrakorporale-verfahren", "leaf": true, "selectable": true}]}, {"id": "6e7348b1-99d7-4d22-a2f5-4ad75791aac4", "name": "modul-molgen", "display": "Molgen", "url": "modul-molgen", "module": "modul-molgen", "selectable": false, "leaf": false, "children": [{"id": "d4721c94-7844-40ad-9dfc-2739b99df250", "name": "MII_PR_MolGen_Genotyp", "display": "MII PR MolGen Genotyp", "module": "modul-molgen", "url": "https://www.medizininformatik-initiative.de/fhir/ext/modul-molgen/StructureDefinition/genotyp", "leaf": true, "selectable": true}, {"id": "837c62a9-81ff-44c8-9ff3-5cb235890aef", "name": "MII_PR_MolGen_Medikationsempfehlung", "display": "MII PR MolGen Medikationsempfehlung", "module": "modul-molgen", "url": "https://www.medizininformatik-initiative.de/fhir/ext/modul-molgen/StructureDefinition/medikationsempfehlung", "leaf": true, "selectable": true}, {"id": "46ebc5ed-a8ae-4c87-bf7b-78b5e24f87a2", "name": "MII_PR_MolGen_EmpfohleneFolgemassnahme", "display": "MII PR MolGen Empfohlene Folgema\u00dfnahme", "module": "modul-molgen", "url": "https://www.medizininformatik-initiative.de/fhir/ext/modul-molgen/StructureDefinition/empfohlene-folgemassnahme", "leaf": true, "selectable": true}, {"id": "3607b40f-fd60-48b8-b7e3-0da3f51f7163", "name": "MII_PR_MolGen_Familienanamnese", "display": "MII PR MolGen Familienanamnese", "module": "modul-molgen", "url": "https://www.medizininformatik-initiative.de/fhir/ext/modul-molgen/StructureDefinition/familienanamnese", "leaf": true, "selectable": true}, {"id": "0595fd31-4b8e-4bf5-bc77-4f900e1787d6", "name": "MII_PR_MolGen_ErgebnisZusammenfassung", "display": "MII PR MolGen Ergebnis Zusammenfassung", "module": "modul-molgen", "url": "https://www.medizininformatik-initiative.de/fhir/ext/modul-molgen/StructureDefinition/ergebnis-zusammenfassung", "leaf": true, "selectable": true}, {"id": "fc4dfc73-098d-4f61-89c9-c6294fce9e62", "name": "MII_PR_MolGen_MolekulargenetischerBefundbericht", "display": "MII PR MolGen Molekulargenetischer Befundbericht", "module": "modul-molgen", "url": "https://www.medizininformatik-initiative.de/fhir/ext/modul-molgen/StructureDefinition/molekulargenetischer-befundbericht", "leaf": true, "selectable": true}, {"id": "1bb0630f-e38f-48e4-9057-a3d535e2881b", "name": "MII_PR_MolGen_DiagnostischeImplikation", "display": "MII PR MolGen Diagnostische Implikation", "module": "modul-molgen", "url": "https://www.medizininformatik-initiative.de/fhir/ext/modul-molgen/StructureDefinition/diagnostische-implikation", "leaf": true, "selectable": true}, {"id": "f1762329-ae7c-4c1b-929a-ee0d7477b74a", "name": "MII_PR_MolGen_AnforderungGenetischerTest", "display": "MII PR MolGen Anforderung genetischer Test", "module": "modul-molgen", "url": "https://www.medizininformatik-initiative.de/fhir/ext/modul-molgen/StructureDefinition/anforderung-genetischer-test", "leaf": true, "selectable": true}, {"id": "caff2010-e37b-4706-9b8f-d52eb4d1e658", "name": "MII_PR_MolGen_Mikrosatelliteninstabilitaet", "display": "MII PR MolGen Mikrosatelliteninstabilit\u00e4t", "module": "modul-molgen", "url": "https://www.medizininformatik-initiative.de/fhir/ext/modul-molgen/StructureDefinition/mikrosatelliteninstabilitaet", "leaf": true, "selectable": true}, {"id": "9d9fa94c-1ad7-498d-82f9-6cf45dc5cc7d", "name": "MII_PR_MolGen_Mutationslast", "display": "MII PR MolGen Mutationslast", "module": "modul-molgen", "url": "https://www.medizininformatik-initiative.de/fhir/ext/modul-molgen/StructureDefinition/mutationslast", "leaf": true, "selectable": true}, {"id": "be198998-a0cc-429f-a81e-1fc5de849e7b", "name": "MII_PR_MolGen_Variante", "display": "MII PR MolGen Variante", "module": "modul-molgen", "url": "https://www.medizininformatik-initiative.de/fhir/ext/modul-molgen/StructureDefinition/variante", "leaf": true, "selectable": true}, {"id": "33ced4a3-6566-4544-8130-9adccbb3c0d1", "name": "MII_PR_MolGen_TherapeutischeImplikation", "display": "MII PR MolGen Therapeutische Implikation", "module": "modul-molgen", "url": "https://www.medizininformatik-initiative.de/fhir/ext/modul-molgen/StructureDefinition/therapeutische-implikation", "leaf": true, "selectable": true}, {"id": "4af1735d-c2d4-4290-9957-47ab9a8aa40c", "name": "MII_PR_MolGen_UntersuchteRegion", "display": "MII PR MolGen Untersuchte Region", "module": "modul-molgen", "url": "https://www.medizininformatik-initiative.de/fhir/ext/modul-molgen/StructureDefinition/untersuchte-region", "leaf": true, "selectable": true}, {"id": "30fb7782-8b34-4b63-b5e1-84c5b38c13c4", "name": "MII_PR_MolGen_PolygenerRisikoScore", "display": "MII PR MolGen Polygener Risiko Score", "module": "modul-molgen", "url": "https://www.medizininformatik-initiative.de/fhir/ext/modul-molgen/StructureDefinition/polygener-risiko-score", "leaf": true, "selectable": true}]}], "selectable": false}