{"name": "Root", "module": "no-module", "url": "no-url", "children": [{"id": "6e5dfeb7-7aba-4dac-aaea-315d5ad4ca6d", "name": "modul-diagnose", "display": {"original": "Diagnose", "translations": [{"language": "de-DE", "value": "Diagnose"}, {"language": "en-US", "value": "Diagnosis"}]}, "url": "modul-diagnose", "module": "modul-diagnose", "selectable": false, "leaf": false, "fields": {"original": "", "translations": [{"language": "de-DE", "value": ""}, {"language": "en-US", "value": ""}]}, "children": [{"id": "a01c6a3f-9dd6-485a-bed4-48ef501516b3", "name": "MII_PR_Diagnose_Condition", "display": {"original": "MII PR Diagnose Condition", "translations": [{"language": "de-DE", "value": "Diagnose"}, {"language": "en-US", "value": "Diagnosis"}]}, "fields": {"original": "ReferenzPrimaerdiagnose,Feststellungsdatum,clinicalStatus,verificationStatus,code,coding,icd10-gm,alpha-id,sct,orphanet,bodySite,coding,snomed-ct,encounter,onset,recordedDate,note", "translations": [{"language": "de-DE", "value": "Feststellungsdatum,Klinischer Status,Verifizierungsstatus,Code,Körperstelle,Fall oder Kontakt,Beginn,Aufzeichnungsdatum,Hinweis"}, {"language": "en-US", "value": "Asserted date,Clinical status,Verification status,Code,Body site,Encounter,Onset,Recorded date,Note"}]}, "module": "modul-diagnose", "url": "https://www.medizininformatik-initiative.de/fhir/core/modul-diagnose/StructureDefinition/Diagnose", "leaf": true, "selectable": true}]}, {"id": "c8d131f1-4fa0-41e9-9502-ead31120ec8c", "name": "modul-prozedur", "display": {"original": "Prozedur", "translations": [{"language": "de-DE", "value": "Prozedur"}, {"language": "en-US", "value": "Procedure"}]}, "url": "modul-prozedur", "module": "modul-prozedur", "selectable": false, "leaf": false, "fields": {"original": "", "translations": [{"language": "de-DE", "value": ""}, {"language": "en-US", "value": ""}]}, "children": [{"id": "68eed37f-b210-4a39-b82a-2faa1ed3784d", "name": "MII_PR_Prozedur_Procedure", "display": {"original": "MII PR Prozedur Procedure", "translations": [{"language": "de-DE", "value": "Prozedur"}, {"language": "en-US", "value": "Procedure"}]}, "fields": {"original": "Dokumentationsdatum,durchfuehrungsabsicht,status,category,sct,code,coding,ops,Seitenlokalisation,sct,performed,bodySite,note", "translations": [{"language": "de-DE", "value": "Dokumentationsdatum,Durchführungsabsicht,Status,Kategorie,Code,Durchführungsdatum,Körperstelle,Hinweis"}, {"language": "en-US", "value": "Recorded date,Intention,Status,Category,Code,Performed date,Body site,Note"}]}, "module": "modul-prozedur", "url": "https://www.medizininformatik-initiative.de/fhir/core/modul-prozedur/StructureDefinition/Procedure", "leaf": true, "selectable": true}]}, {"id": "4b550a4e-e379-4bb2-8025-7c905f9ee2ae", "name": "modul-person", "display": {"original": "Person", "translations": [{"language": "de-DE", "value": "Person"}, {"language": "en-US", "value": "Person"}]}, "url": "modul-person", "module": "modul-person", "selectable": false, "leaf": false, "fields": {"original": "", "translations": [{"language": "de-DE", "value": ""}, {"language": "en-US", "value": ""}]}, "children": [{"id": "662da528-c040-4d5f-8d52-268d381433ef", "name": "MII_PR_Person_Vitalstatus", "display": {"original": "MII PR Person Vitalstatus", "translations": [{"language": "de-DE", "value": "Vitalstatus"}, {"language": "en-US", "value": "Vital status"}]}, "fields": {"original": "status,category,survey,code,coding,loinc,encounter,effective,value,note", "translations": [{"language": "de-DE", "value": "Kategorie,Code,Fall oder Kontakt,Zeitpunkt,Wert,Hinweis"}, {"language": "en-US", "value": "Category,Code,Encounter,Point in time,Value,Note"}]}, "module": "modul-person", "url": "https://www.medizininformatik-initiative.de/fhir/core/modul-person/StructureDefinition/Vitalstatus", "leaf": true, "selectable": true}, {"id": "2ede8419-6221-478b-b8bc-bce959c869d3", "name": "MII_PR_Person_PatientPseudonymisiert", "display": {"original": "MII PR Person Patient (Pseudonymisiert)", "translations": [{"language": "de-DE", "value": ""}, {"language": "en-US", "value": ""}]}, "fields": {"original": "identifier,PseudonymisierterIdentifier,AnonymisierterIdentifier,active,gender,other-amtlich,birthDate,deceased,address,Strassenanschrift,gemeindeschluessel,Postfach,gemeindeschluessel,link,other", "translations": [{"language": "de-DE", "value": ""}, {"language": "en-US", "value": ""}]}, "module": "modul-person", "url": "https://www.medizininformatik-initiative.de/fhir/core/modul-person/StructureDefinition/PatientPseudonymisiert", "leaf": true, "selectable": true}, {"id": "f200374b-2507-4753-b7a0-5823aae36768", "name": "MII_PR_Person_Proband", "display": {"original": "MII PR Person Proband", "translations": [{"language": "de-DE", "value": ""}, {"language": "en-US", "value": ""}]}, "fields": {"original": "identifier,subjectIdentificationCode,type,status,period,study,individual,consent", "translations": [{"language": "de-DE", "value": ""}, {"language": "en-US", "value": ""}]}, "module": "modul-person", "url": "https://www.medizininformatik-initiative.de/fhir/core/modul-person/StructureDefinition/ResearchSubject", "leaf": true, "selectable": true}, {"id": "6eaa9952-81d6-45be-b03e-5b0b3d55d2be", "name": "MII_PR_Person_Patient", "display": {"original": "MII PR Person Patient", "translations": [{"language": "de-DE", "value": "Patient / Patientin"}, {"language": "en-US", "value": "Patient"}]}, "fields": {"original": "identifier,versichertenId,type,assigner,identifier,type,pid,type,assigner,type,active,name,name,namenszusatz,nachname,vorsatzwort,prefix-qualifier,geburtsname,namenszusatz,nachname,vorsatzwort,prefix-qualifier,gender,other-amtlich,birthDate,data-absent-reason,deceased,address,Strassenanschrift,Stadtteil,Strasse,Hausnummer,Adresszusatz,Postfach,gemeindeschluessel,Postfach,Stadtteil,Postfach,gemeindeschluessel,link,other", "translations": [{"language": "de-DE", "value": "Identifikator,Krankenversichertennummer,Organisationsinterner Patienten-Identifikator,Name,Personenname,Geburtsname,Administratives Geschlecht,Geburtsdatum,Verstorben,Adresse,Straßenanschrift,Postfach"}, {"language": "en-US", "value": "Identifier,Health insurance number,Organization-internal patient identifier,Name,Person's name,Maiden name,Administrative gender,Date of birth,Deceased,Address,Street address,Postbox"}]}, "module": "modul-person", "url": "https://www.medizininformatik-initiative.de/fhir/core/modul-person/StructureDefinition/Patient", "leaf": true, "selectable": true}, {"id": "a3e82075-f12e-4aa8-a379-a5695b193036", "name": "MII_PR_Person_Todesursache", "display": {"original": "MII PR Person Todesursache", "translations": [{"language": "de-DE", "value": "Todesursache"}, {"language": "en-US", "value": "Cause of Death"}]}, "fields": {"original": "clinicalStatus,verificationStatus,category,todesDiagnose,coding,snomed,loinc,code,coding,icd10-who,encounter,recordedDate,note", "translations": [{"language": "de-DE", "value": "Klinischer Status,Verifizierungsstatus,Kategorie,Code,Fall oder Kontakt,Aufzeichnungsdatum,Hinweis"}, {"language": "en-US", "value": "Clinical status,Verification status,Category,Code,Encounter,Recorded date,Note"}]}, "module": "modul-person", "url": "https://www.medizininformatik-initiative.de/fhir/core/modul-person/StructureDefinition/Todesursache", "leaf": true, "selectable": true}]}, {"id": "ee30f2f9-74f5-468e-8135-e5540d90978b", "name": "modul-labor", "display": {"original": "Labor", "translations": [{"language": "de-DE", "value": "Labor"}, {"language": "en-US", "value": "Laboratory"}]}, "url": "modul-labor", "module": "modul-labor", "selectable": false, "leaf": false, "fields": {"original": "", "translations": [{"language": "de-DE", "value": ""}, {"language": "en-US", "value": ""}]}, "children": [{"id": "cfe5484f-3f0d-4af1-97b4-b95c4c7ff4f3", "name": "MII_PR_Labor_Laborbefund", "display": {"original": "MII PR Labor Laborbefund", "translations": [{"language": "de-DE", "value": "Laborbefund"}, {"language": "en-US", "value": "Laboratory report"}]}, "fields": {"original": "identifier,befund,type,coding,fillerV2,assigner,basedOn,status,category,coding,loinc-lab,diagnostic-service-sections,code,coding,loinc-labReport,encounter,effective,issued,performer,identifier,specimen,identifier,result,conclusion", "translations": [{"language": "de-DE", "value": "Identifikator,Basiert auf,Status,Kategorie,Code,Fall oder Kontakt,Klinisches Bezugsdatum,Dokumentationsdatum,Ausführende*r,Probenmaterial,Ergebnis,Schlussfolgerung"}, {"language": "en-US", "value": "Identifier,Based on,Status,Category,Code,Encounter,Clinical reference Date,Issued,Performer,Specimen,Result,Conclusion"}]}, "module": "modul-labor", "url": "https://www.medizininformatik-initiative.de/fhir/core/modul-labor/StructureDefinition/DiagnosticReportLab", "leaf": true, "selectable": true}, {"id": "e77bfec8-918a-4213-bbf1-2b52f64c26aa", "name": "MII_PR_Labor_Laboranforderung", "display": {"original": "MII PR Labor Laboranforderung", "translations": [{"language": "de-DE", "value": "Laboranforderung"}, {"language": "en-US", "value": "Laboratory order"}]}, "fields": {"original": "identifier,anforderung,type,coding,placerv2,assigner,status,intent,category,coding,laboratory,doNotPerform,code,encounter,authoredOn,specimen,identifier", "translations": [{"language": "de-DE", "value": "Identifikator,Status,Intention,Kategorie,Code,Fall oder Kontakt,Anforderungsdatum,Probenmaterial"}, {"language": "en-US", "value": "Identifier,Status,Intent,Category,Code,Encounter,Authored on,Specimen"}]}, "module": "modul-labor", "url": "https://www.medizininformatik-initiative.de/fhir/core/modul-labor/StructureDefinition/ServiceRequestLab", "leaf": true, "selectable": true}, {"id": "a1311981-34fe-4006-9ed6-512db6c672a9", "name": "MII_PR_Labor_Laboruntersuchung", "display": {"original": "MII PR Labor Laboruntersuchung", "translations": [{"language": "de-DE", "value": "Laboruntersuchung"}, {"language": "en-US", "value": "Laboratory test"}]}, "fields": {"original": "identifier,analyseBefundCode,type,coding,observationInstanceV2,assigner,status,category,coding,loinc-observation,observation-category,code,encounter,effective,issued,value,dataAbsentReason,interpretation,note,method,specimen,identifier,device,referenceRange", "translations": [{"language": "de-DE", "value": "Identifikator,Status,Kategorie,Code,Fall oder Kontakt,Untersuchungszeitpunkt,Dokumentationsdatum,Messwert,Grund für fehlende Daten,Interpretation,Hinweis,Untersuchungsmethode,Probenmaterial,Gerät,Referenzbereich"}, {"language": "en-US", "value": "Identifier,Status,Category,Code,Encounter,Time of observation,Issued,Value,Data absent reason,Interpretation,Note,Method,Specimen,Device,Reference range"}]}, "module": "modul-labor", "url": "https://www.medizininformatik-initiative.de/fhir/core/modul-labor/StructureDefinition/ObservationLab", "leaf": true, "selectable": true}]}, {"id": "78df8c25-4a1d-4a2d-98e2-1a13e92211a0", "name": "modul-medikation", "display": {"original": "Medikation", "translations": [{"language": "de-DE", "value": "Medikation"}, {"language": "en-US", "value": "Medication"}]}, "url": "modul-medikation", "module": "modul-medikation", "selectable": false, "leaf": false, "fields": {"original": "", "translations": [{"language": "de-DE", "value": ""}, {"language": "en-US", "value": ""}]}, "children": [{"id": "49bf5bd4-f281-42fa-bee1-bec74dda3dce", "name": "MII_PR_Medikation_MedicationStatement", "display": {"original": "MII PR Medikation MedicationStatement", "translations": [{"language": "de-DE", "value": "Medikationseintrag"}, {"language": "en-US", "value": "Medication statement"}]}, "fields": {"original": "identifier,basedOn,partOf,status,category,medication,context,effective,dateAsserted,informationSource,reasonCode,reasonReference,note,dosage,timing,repeat,site,coding,SNOMED,route,coding,EDQM,SNOMED,doseAndRate,dose,rate,maxDosePerPeriod,numerator,denominator,maxDosePerAdministration", "translations": [{"language": "de-DE", "value": "Identifikator,Basiert auf,Teil von,Status,Kategorie,Medikation,Kontext,Zeitpunkt oder Zeitraum,Datum Bestätigung,Informationsquelle,Grund Code,Grund Referenz,Hinweis,Dosierung"}, {"language": "en-US", "value": "Identifier,Based on,Part of,Status,Category,Medication,Context,Date or period,Date asserted,Information source,Reason code,Reason reference,Note,Dosage"}]}, "module": "modul-medikation", "url": "https://www.medizininformatik-initiative.de/fhir/core/modul-medikation/StructureDefinition/MedicationStatement", "leaf": true, "selectable": true}, {"id": "1a83ee48-6f11-4229-b437-160120483020", "name": "MII_PR_Medikation_Medikationsliste", "display": {"original": "MII PR Medikation Medikationsliste", "translations": [{"language": "de-DE", "value": "Medikationsliste"}, {"language": "en-US", "value": "Medicationlist"}]}, "fields": {"original": "identifier,status,mode,code,coding,medCode,contextCode,encounter,date,entry,item", "translations": [{"language": "de-DE", "value": "Status,Modus,Code,Fall oder Kontakt,Datum,Eintrag"}, {"language": "en-US", "value": "Status,Mode,Code,Encounter,Date,Entry"}]}, "module": "modul-medikation", "url": "https://www.medizininformatik-initiative.de/fhir/core/modul-medikation/StructureDefinition/medikationsliste", "leaf": true, "selectable": true}, {"id": "38262c9e-5a36-4364-9e61-d8bbf724bdad", "name": "MII_PR_Medikation_MedicationRequest", "display": {"original": "MII PR Medikation MedicationRequest", "translations": [{"language": "de-DE", "value": "Medikationsverordnung"}, {"language": "en-US", "value": "Medication request"}]}, "fields": {"original": "identifier,status,intent,doNotPerform,medication,encounter,authoredOn,requester,recorder,reasonCode,reasonReference,basedOn,note,dosageInstruction,timing,repeat,site,coding,SNOMED,route,coding,EDQM,SNOMED,doseAndRate,dose,rate,maxDosePerPeriod,numerator,denominator,maxDosePerAdministration,substitution,priorPrescription,detectedIssue", "translations": [{"language": "de-DE", "value": "Identifikator,Status,Intention,Medikation,Fall / Kontakt,Datum der Verordnung,Anforderer,Auftragserfasser,Grund Code,Grund Referenz,Basiert auf,Hinweis,Dosierungsanweisung,Dosierungsanweisung,Vorherige Verschreibung,Erkannte Probleme"}, {"language": "en-US", "value": "Identifier,Status,Intent,Medication,Encounter,Authored on,Requester,Recorder,Reason code,Reason reference,Based on,Note,Dosage instruction,Dosage instruction,Prior prescription,Detected issue"}]}, "module": "modul-medikation", "url": "https://www.medizininformatik-initiative.de/fhir/core/modul-medikation/StructureDefinition/MedicationRequest", "leaf": true, "selectable": true}, {"id": "6d4f95d7-4e83-4608-8917-532940d3ef36", "name": "MII_PR_Medikation_Medication", "display": {"original": "MII PR Medikation Medication", "translations": [{"language": "de-DE", "value": ""}, {"language": "en-US", "value": "MII PR Medikation Medication"}]}, "fields": {"original": "code,coding,Pharmazentralnummer,atcClassDe,atcClassEn,status,form,coding,EDQM,ingredient,Wirkstofftyp,Wirkstoffrelation,strength,numerator,denominator", "translations": [{"language": "de-DE", "value": ""}, {"language": "en-US", "value": ""}]}, "module": "modul-medikation", "url": "https://www.medizininformatik-initiative.de/fhir/core/modul-medikation/StructureDefinition/Medication", "leaf": true, "selectable": true}, {"id": "d706aaab-4270-46d8-8708-a6a19eff7d55", "name": "MII_PR_Medikation_MedicationAdministration", "display": {"original": "MII PR Medikation MedicationAdministration", "translations": [{"language": "de-DE", "value": "Medikationsverabreichung"}, {"language": "en-US", "value": "Medication administration"}]}, "fields": {"original": "identifier,partOf,status,category,medication,context,effective,performer,reasonCode,reasonReference,request,note,dosage,site,coding,SNOMED,route,coding,EDQM,SNOMED,dose,rate", "translations": [{"language": "de-DE", "value": "Identifikator,Teil von,Status,Kategorie,Medikation,Kontext,Zeitpunkt oder Zeitraum,Ausführende*r,Grund Code,Grund Referenz,Verordnung,Hinweis,Dosierung"}, {"language": "en-US", "value": "Identifier,Part of,Status,Category,Medication,Context,Date or period,Performer,Reason code,Reason reference,Request,Note,Dosage"}]}, "module": "modul-medikation", "url": "https://www.medizininformatik-initiative.de/fhir/core/modul-medikation/StructureDefinition/MedicationAdministration", "leaf": true, "selectable": true}]}, {"id": "f20caf23-123f-4854-aa17-cab1b19ccecb", "name": "modul-fall", "display": {"original": "Fall", "translations": [{"language": "de-DE", "value": "Fall"}, {"language": "en-US", "value": "Case"}]}, "url": "modul-fall", "module": "modul-fall", "selectable": false, "leaf": false, "fields": {"original": "", "translations": [{"language": "de-DE", "value": ""}, {"language": "en-US", "value": ""}]}, "children": [{"id": "291bba49-175d-4290-a1b0-c15289605d61", "name": "MII_PR_Fall_KontaktGesundheitseinrichtung", "display": {"original": "MII PR Fall Kontakt mit einer Gesundheitseinrichtung", "translations": [{"language": "de-DE", "value": "Fall - Kontakt mit einer Gesundheitseinrichtung"}, {"language": "en-US", "value": "Treatment case - Encounter with Health Care Facility"}]}, "fields": {"original": "Aufnahmegrund,ErsteUndZweiteStelle,DritteStelle,VierteStelle,identifier,Aufnahmenummer,type,vn-type,status,class,type,Kontaktebene,KontaktArt,serviceType,coding,Fachabteilungsschluessel,ErweiterterFachabteilungsschluessel,period,diagnosis,condition,use,coding,Diagnosetyp,DiagnosesubTyp,hospitalization,admitSource,dischargeDisposition,Entlassungsgrund,location,Zimmer,location,identifier,physicalType,Bett,location,identifier,physicalType,Station,location,identifier,physicalType,serviceProvider,partOf", "translations": [{"language": "de-DE", "value": "Aufnahmegrund,1. und 2. Stelle,3. Stelle,4. Stelle,Identifikator,Aufnahmenummer,Status,Kontaktklasse,Typ des Kontaktes,Kontaktebene,Kontaktart,Fachabteilung,Zeitraum des Kontaktes,Diagnosen,Klinikaufenthalt,Kontaktort,Leistungserbringer,Teil von Kontakt"}, {"language": "en-US", "value": "Admission reason,1st and 2nd position,3rd position,4th position,Identifier,Admission number,status,Classification of patient encounter,Type of encounter,Level of encounter,Type of encounter,Department,Period of encounter,Diagnoses,Hospitalization,Location,Service Provider,Part of encounter"}]}, "module": "modul-fall", "url": "https://www.medizininformatik-initiative.de/fhir/core/modul-fall/StructureDefinition/KontaktGesundheitseinrichtung", "leaf": true, "selectable": true}]}, {"id": "502cb4e6-df1e-4487-b629-64f9b0418b5d", "name": "modul-biobank", "display": {"original": "Biobank", "translations": [{"language": "de-DE", "value": "Biobank"}, {"language": "en-US", "value": "Biobank"}]}, "url": "modul-biobank", "module": "modul-biobank", "selectable": false, "leaf": false, "fields": {"original": "", "translations": [{"language": "de-DE", "value": ""}, {"language": "en-US", "value": ""}]}, "children": [{"id": "68e2cfdc-6c27-41cf-8f25-9a73a095d31f", "name": "ProfileSubstanceAdditiv", "display": {"original": "Profile - Substance - Additiv", "translations": [{"language": "de-DE", "value": ""}, {"language": "en-US", "value": ""}]}, "fields": {"original": "status,category,code,ingredient", "translations": [{"language": "de-DE", "value": ""}, {"language": "en-US", "value": ""}]}, "module": "modul-biobank", "url": "https://www.medizininformatik-initiative.de/fhir/ext/modul-biobank/StructureDefinition/Substance", "leaf": true, "selectable": true}, {"id": "90ef9077-37e3-4b5a-b5f4-41323aeb74ee", "name": "ProfileOrganizationSammlungBiobank", "display": {"original": "Profile - Organization - Sammlung/Biobank", "translations": [{"language": "de-DE", "value": ""}, {"language": "en-US", "value": ""}]}, "fields": {"original": "beschreibung,identifier,bbmri-eric-id,active,type,name,alias,partOf,contact,forschungskontakt,rolle,address", "translations": [{"language": "de-DE", "value": ""}, {"language": "en-US", "value": ""}]}, "module": "modul-biobank", "url": "https://www.medizininformatik-initiative.de/fhir/ext/modul-biobank/StructureDefinition/Organization", "leaf": true, "selectable": true}, {"id": "3bc25230-3301-465b-b233-d000ee068eaf", "name": "ProfileSpecimenBioprobeCore", "display": {"original": "Profile - Specimen - Bioprobe - Core", "translations": [{"language": "de-DE", "value": ""}, {"language": "en-US", "value": ""}]}, "fields": {"original": "identifier,status,type,parent,request,collection,einstellungBlutversorgung,bodySite,sct,icd-o-3,fastingStatus,processing,temperaturbedingungen,procedure,sct,additive,lagerprozess,temperaturbedingungen,container,type,capacity,specimenQuantity,additive,note", "translations": [{"language": "de-DE", "value": ""}, {"language": "en-US", "value": ""}]}, "module": "modul-biobank", "url": "https://www.medizininformatik-initiative.de/fhir/ext/modul-biobank/StructureDefinition/SpecimenCore", "leaf": false, "selectable": false, "children": [{"id": "57a389a3-cd31-40b6-82cb-853457ba7fc7", "name": "ProfileSpecimenBioprobe", "display": {"original": "Profile - Specimen - Bioprobe", "translations": [{"language": "de-DE", "value": ""}, {"language": "en-US", "value": ""}]}, "fields": {"original": "festgestellteDiagnose,gehoertZu,identifier,status,type,parent,request,collection,einstellungBlutversorgung,bodySite,sct,icd-o-3,fastingStatus,processing,temperaturbedingungen,procedure,sct,additive,lagerprozess,temperaturbedingungen,container,type,capacity,specimenQuantity,additive,note", "translations": [{"language": "de-DE", "value": ""}, {"language": "en-US", "value": ""}]}, "module": "modul-biobank", "url": "https://www.medizininformatik-initiative.de/fhir/ext/modul-biobank/StructureDefinition/Specimen", "leaf": true, "selectable": true}]}]}, {"id": "f04f19c7-797a-4af5-8a1a-2fbf88399039", "name": "modul-consent", "display": {"original": "Einwilligung", "translations": [{"language": "de-DE", "value": "Einwilligung"}, {"language": "en-US", "value": "Consent"}]}, "url": "modul-consent", "module": "modul-consent", "selectable": false, "leaf": false, "fields": {"original": "", "translations": [{"language": "de-DE", "value": ""}, {"language": "en-US", "value": ""}]}, "children": [{"id": "7a323ae2-0b5a-44d3-a73f-a4346a46b498", "name": "MII_PR_Consent_Provenance", "display": {"original": "Profile - MI-I - Consent - Provenance", "translations": [{"language": "de-DE", "value": ""}, {"language": "en-US", "value": ""}]}, "fields": {"original": "target,recorded,agent,who,entity,what,signature,type,who,onBehalfOf", "translations": [{"language": "de-DE", "value": ""}, {"language": "en-US", "value": ""}]}, "module": "modul-consent", "url": "https://www.medizininformatik-initiative.de/fhir/modul-consent/StructureDefinition/mii-pr-consent-provenance", "leaf": true, "selectable": true}, {"id": "1820c113-76db-4b5f-a8e0-3b30d636a1b5", "name": "MII_PR_Consent_Einwilligung", "display": {"original": "Profile - MI-I - Consent - Einwilligung", "translations": [{"language": "de-DE", "value": ""}, {"language": "en-US", "value": ""}]}, "fields": {"original": "domainReference,domain,status,scope,category,loinc,coding,mii,coding,patient,identifier,dateTime,organization,source,policy,policyRule,xacml,provision,period,provision,period,code,coding", "translations": [{"language": "de-DE", "value": ""}, {"language": "en-US", "value": ""}]}, "module": "modul-consent", "url": "https://www.medizininformatik-initiative.de/fhir/modul-consent/StructureDefinition/mii-pr-consent-einwilligung", "leaf": true, "selectable": true}, {"id": "1477f120-2525-4acf-830f-c5ec86e346be", "name": "MII_PR_Consent_DocumentReference", "display": {"original": "Profile - MI-I - Consent - DocumentReference", "translations": [{"language": "de-DE", "value": ""}, {"language": "en-US", "value": ""}]}, "fields": {"original": "status,content,attachment", "translations": [{"language": "de-DE", "value": ""}, {"language": "en-US", "value": ""}]}, "module": "modul-consent", "url": "https://www.medizininformatik-initiative.de/fhir/modul-consent/StructureDefinition/mii-pr-consent-documentreference", "leaf": true, "selectable": true}]}], "selectable": false}