{"name": "Root", "module": "no-module", "url": "no-url", "children": [{"id": "b4ea51ac-c180-496b-b996-b811cd83424f", "name": "modul-diagnose", "display": {"original": "Diagnose", "translations": [{"language": "de-DE", "value": "Diagnose"}, {"language": "en-US", "value": "Diagnosis"}]}, "url": "modul-diagnose", "module": "modul-diagnose", "selectable": false, "leaf": false, "fields": {"original": [], "translations": [{"language": "de-DE", "value": []}, {"language": "en-US", "value": []}]}, "children": [{"id": "3ed81ba4-f71b-44db-be71-76cf507d275e", "name": "MII_PR_Diagnose_Condition", "display": {"original": "MII PR Diagnose Condition", "translations": [{"language": "de-DE", "value": "Diagnose"}, {"language": "en-US", "value": "Diagnosis"}]}, "fields": {"original": ["ReferenzPrimaerdiagnose", "Feststellungsdatum", "clinicalStatus", "verificationStatus", "code", "coding", "icd10-gm", "alpha-id", "sct", "orphanet", "bodySite", "coding", "snomed-ct", "encounter", "onset", "recordedDate", "note"], "translations": [{"language": "de-DE", "value": ["Feststellungsdatum", "Klinischer Status", "Verifizierungsstatus", "Code", "ICD-10-GM Code", "Alpha-ID Code", "SNOMED CT Code", "ORPHAcode", "Körperstelle", "SNOMED CT Code", "Fall oder Kontakt", "Beginn", "Aufzeichnungsdatum", "Hinweis"]}, {"language": "en-US", "value": ["Asserted date", "Clinical status", "Verification status", "Code", "ICD-10-GM code", "Alpha-ID code", "SNOMED CT code", "ORPHAcode", "Body site", "SNOMED CT code", "Encounter", "Onset", "Recorded date", "Note"]}]}, "module": "modul-diagnose", "url": "https://www.medizininformatik-initiative.de/fhir/core/modul-diagnose/StructureDefinition/Diagnose", "leaf": true, "selectable": true}]}, {"id": "745246fb-2350-4b7c-bf97-1ab353a3c386", "name": "modul-prozedur", "display": {"original": "Prozedur", "translations": [{"language": "de-DE", "value": "Prozedur"}, {"language": "en-US", "value": "Procedure"}]}, "url": "modul-prozedur", "module": "modul-prozedur", "selectable": false, "leaf": false, "fields": {"original": [], "translations": [{"language": "de-DE", "value": []}, {"language": "en-US", "value": []}]}, "children": [{"id": "ee913db4-08f4-415e-a59a-142c4f1cf51a", "name": "MII_PR_Prozedur_Procedure", "display": {"original": "MII PR Prozedur Procedure", "translations": [{"language": "de-DE", "value": "Prozedur"}, {"language": "en-US", "value": "Procedure"}]}, "fields": {"original": ["Dokumentationsdatum", "durchfuehrungsabsicht", "status", "category", "sct", "code", "coding", "ops", "Seitenlokalisation", "sct", "performed", "bodySite", "note"], "translations": [{"language": "de-DE", "value": ["Dokumentationsdatum", "Durchführungsabsicht", "Status", "Kategorie", "SNOMED CT Code", "Code", "OPS Code", "SNOMED CT Code", "Durchführungsdatum", "Körperstelle", "Hinweis"]}, {"language": "en-US", "value": ["Recorded date", "Intention", "Status", "Category", "SNOMED CT code", "Code", "OPS code", "SNOMED CT code", "Performed date", "Body site", "Note"]}]}, "module": "modul-prozedur", "url": "https://www.medizininformatik-initiative.de/fhir/core/modul-prozedur/StructureDefinition/Procedure", "leaf": true, "selectable": true}]}, {"id": "3b1f66b6-830e-485a-a6a0-6423f7cc1a56", "name": "modul-person", "display": {"original": "Person", "translations": [{"language": "de-DE", "value": "Person"}, {"language": "en-US", "value": "Person"}]}, "url": "modul-person", "module": "modul-person", "selectable": false, "leaf": false, "fields": {"original": [], "translations": [{"language": "de-DE", "value": []}, {"language": "en-US", "value": []}]}, "children": [{"id": "8ecc7d85-5112-43b2-8be0-dcecd4da36f8", "name": "MII_PR_Person_Vitalstatus", "display": {"original": "MII PR Person Vitalstatus", "translations": [{"language": "de-DE", "value": "Vitalstatus"}, {"language": "en-US", "value": "Vital status"}]}, "fields": {"original": ["status", "category", "survey", "code", "coding", "loinc", "encounter", "effective", "value", "note"], "translations": [{"language": "de-DE", "value": ["Status", "Kategorie", "Code", "Fall oder Kontakt", "Zeitpunkt", "Wert", "Hinweis"]}, {"language": "en-US", "value": ["Status", "Category", "Code", "Encounter", "Point in time", "Value", "Note"]}]}, "module": "modul-person", "url": "https://www.medizininformatik-initiative.de/fhir/core/modul-person/StructureDefinition/Vitalstatus", "leaf": true, "selectable": true}, {"id": "8b41a3f9-f7f0-4e74-ba97-c978faaeae10", "name": "MII_PR_Person_PatientPseudonymisiert", "display": {"original": "MII PR Person Patient (Pseudonymisiert)", "translations": [{"language": "de-DE", "value": "Patient / Patientin pseudonymisiert"}, {"language": "en-US", "value": "Patient pseudonymized"}]}, "fields": {"original": ["active", "gender", "other-amtlich", "birthDate", "deceased"], "translations": [{"language": "de-DE", "value": ["Aktiv", "Administratives Geschlecht", "Extension Administratives Geschlecht", "Geburtsdatum", "Verstorben"]}, {"language": "en-US", "value": ["Active", "Administrative gender", "Extension administrative gender", "Date of birth", "Deceased"]}]}, "module": "modul-person", "url": "https://www.medizininformatik-initiative.de/fhir/core/modul-person/StructureDefinition/PatientPseudonymisiert", "leaf": true, "selectable": true}, {"id": "0252198d-b8fc-46b9-b224-22f96dba17a0", "name": "MII_PR_Person_Todesursache", "display": {"original": "MII PR Person Todesursache", "translations": [{"language": "de-DE", "value": "Todesursache"}, {"language": "en-US", "value": "Cause of Death"}]}, "fields": {"original": ["clinicalStatus", "verificationStatus", "category", "todesDiagnose", "coding", "snomed", "loinc", "code", "coding", "icd10-who", "encounter", "recordedDate", "note"], "translations": [{"language": "de-DE", "value": ["Klinischer Status", "Verifizierungsstatus", "Kategorie", "Code", "Fall oder Kontakt", "Aufzeichnungsdatum", "Hinweis"]}, {"language": "en-US", "value": ["Clinical status", "Verification status", "Category", "Code", "Encounter", "Recorded date", "Note"]}]}, "module": "modul-person", "url": "https://www.medizininformatik-initiative.de/fhir/core/modul-person/StructureDefinition/Todesursache", "leaf": true, "selectable": true}]}, {"id": "5dbda917-fe24-46fe-b00a-5dc9d682c007", "name": "modul-labor", "display": {"original": "Labor", "translations": [{"language": "de-DE", "value": "Labor"}, {"language": "en-US", "value": "Laboratory"}]}, "url": "modul-labor", "module": "modul-labor", "selectable": false, "leaf": false, "fields": {"original": [], "translations": [{"language": "de-DE", "value": []}, {"language": "en-US", "value": []}]}, "children": [{"id": "4397c3cf-fe1e-4777-9f5e-8abafac35965", "name": "MII_PR_Labor_Laborbefund", "display": {"original": "MII PR Labor Laborbefund", "translations": [{"language": "de-DE", "value": "Laborbefund"}, {"language": "en-US", "value": "Laboratory report"}]}, "fields": {"original": ["identifier", "befund", "type", "coding", "fillerV2", "assigner", "basedOn", "status", "category", "coding", "loinc-lab", "diagnostic-service-sections", "code", "coding", "loinc-labReport", "encounter", "effective", "issued", "performer", "identifier", "specimen", "identifier", "result", "conclusion"], "translations": [{"language": "de-DE", "value": ["Identifikator", "Basiert auf", "Status", "Kategorie", "Code", "Fall oder Kontakt", "Klinisches Bezugsdatum", "Dokumentationsdatum", "Ausführende*r", "Probenmaterial", "Ergebnis", "Schlussfolgerung"]}, {"language": "en-US", "value": ["Identifier", "Based on", "Status", "Category", "Code", "Encounter", "Clinical reference Date", "Issued", "Performer", "Specimen", "Result", "Conclusion"]}]}, "module": "modul-labor", "url": "https://www.medizininformatik-initiative.de/fhir/core/modul-labor/StructureDefinition/DiagnosticReportLab", "leaf": true, "selectable": true}, {"id": "634fe25f-71e1-490d-a583-f84201b55b77", "name": "MII_PR_Labor_Laboranforderung", "display": {"original": "MII PR Labor Laboranforderung", "translations": [{"language": "de-DE", "value": "Laboranforderung"}, {"language": "en-US", "value": "Laboratory order"}]}, "fields": {"original": ["identifier", "anforderung", "type", "coding", "placerv2", "assigner", "status", "intent", "category", "coding", "laboratory", "doNotPerform", "code", "encounter", "authoredOn", "specimen", "identifier"], "translations": [{"language": "de-DE", "value": ["Identifikator", "Status", "Intention", "Kategorie", "Code", "Fall oder Kontakt", "Anforderungsdatum", "Probenmaterial"]}, {"language": "en-US", "value": ["Identifier", "Status", "Intent", "Category", "Code", "Encounter", "Authored on", "Specimen"]}]}, "module": "modul-labor", "url": "https://www.medizininformatik-initiative.de/fhir/core/modul-labor/StructureDefinition/ServiceRequestLab", "leaf": true, "selectable": true}, {"id": "0026b06b-b3a3-40c3-b6aa-c510555d16b2", "name": "MII_PR_Labor_Laboruntersuchung", "display": {"original": "MII PR Labor Laboruntersuchung", "translations": [{"language": "de-DE", "value": "Laboruntersuchung"}, {"language": "en-US", "value": "Laboratory test"}]}, "fields": {"original": ["identifier", "analyseBefundCode", "type", "coding", "observationInstanceV2", "assigner", "status", "category", "coding", "loinc-observation", "observation-category", "code", "encounter", "effective", "issued", "value", "dataAbsentReason", "interpretation", "note", "method", "specimen", "identifier", "device", "referenceRange"], "translations": [{"language": "de-DE", "value": ["Identifikator", "Status", "Kategorie", "Code", "Fall oder Kontakt", "Untersuchungszeitpunkt", "Dokumentationsdatum", "Messwert", "Grund für fehlende Daten", "Interpretation", "Hinweis", "Untersuchungsmethode", "Probenmaterial", "Gerät", "Referenzbereich"]}, {"language": "en-US", "value": ["Identifier", "Status", "Category", "Code", "Encounter", "Time of observation", "Issued", "Value", "Data absent reason", "Interpretation", "Note", "Method", "Specimen", "Device", "Reference range"]}]}, "module": "modul-labor", "url": "https://www.medizininformatik-initiative.de/fhir/core/modul-labor/StructureDefinition/ObservationLab", "leaf": true, "selectable": true}]}, {"id": "482e9091-52d6-4d63-96d0-5510f5490c06", "name": "modul-medikation", "display": {"original": "Medikation", "translations": [{"language": "de-DE", "value": "Medikation"}, {"language": "en-US", "value": "Medication"}]}, "url": "modul-medikation", "module": "modul-medikation", "selectable": false, "leaf": false, "fields": {"original": [], "translations": [{"language": "de-DE", "value": []}, {"language": "en-US", "value": []}]}, "children": [{"id": "2422ab2b-9c64-448c-abdf-c89ad502d229", "name": "MII_PR_Medikation_MedicationStatement", "display": {"original": "MII PR Medikation MedicationStatement", "translations": [{"language": "de-DE", "value": "Medikationseintrag"}, {"language": "en-US", "value": "Medication statement"}]}, "fields": {"original": ["identifier", "basedOn", "partOf", "status", "category", "medication", "context", "effective", "dateAsserted", "informationSource", "reasonCode", "reasonReference", "note", "dosage", "timing", "repeat", "site", "coding", "SNOMED", "route", "coding", "EDQM", "SNOMED", "doseAndRate", "dose", "rate", "maxDosePerPeriod", "numerator", "denominator", "maxDosePerAdministration"], "translations": [{"language": "de-DE", "value": ["Identifikator", "Basiert auf", "Teil von", "Status", "Kategorie", "Medikation", "Kontext", "Zeitpunkt oder Zeitraum", "Datum Bestätigung", "Informationsquelle", "Grund Code", "Grund Referenz", "Hinweis", "Dosierung", "Verabreichungsort", "SNOMED CT Code", "Verabreichungsweg", "EDQM Code", "SNOMED CT Code"]}, {"language": "en-US", "value": ["Identifier", "Based on", "Part of", "Status", "Category", "Medication", "Context", "Date or period", "Date asserted", "Information source", "Reason code", "Reason reference", "Note", "Dosage", "Site of administration", "SNOMED CT code", "Route of administration", "EDQM code", "SNOMED CT code"]}]}, "module": "modul-medikation", "url": "https://www.medizininformatik-initiative.de/fhir/core/modul-medikation/StructureDefinition/MedicationStatement", "leaf": true, "selectable": true}, {"id": "f23a67df-00b3-4530-9138-d81bba71c3ae", "name": "MII_PR_Medikation_Medikationsliste", "display": {"original": "MII PR Medikation Medikationsliste", "translations": [{"language": "de-DE", "value": "Medikationsliste"}, {"language": "en-US", "value": "Medicationlist"}]}, "fields": {"original": ["identifier", "status", "mode", "code", "coding", "medCode", "contextCode", "encounter", "date", "entry", "item"], "translations": [{"language": "de-DE", "value": ["Status", "Modus", "Code", "Medikationsliste", "Kontext der Medikationsliste", "Fall oder Kontakt", "Datum", "Eintrag"]}, {"language": "en-US", "value": ["Status", "Mode", "Code", "Medication list", "Context of the medication list", "Encounter", "Date", "Entry"]}]}, "module": "modul-medikation", "url": "https://www.medizininformatik-initiative.de/fhir/core/modul-medikation/StructureDefinition/medikationsliste", "leaf": true, "selectable": true}, {"id": "1672035b-4afa-4c13-ab02-9f1eeb77c739", "name": "MII_PR_Medikation_MedicationRequest", "display": {"original": "MII PR Medikation MedicationRequest", "translations": [{"language": "de-DE", "value": "Medikationsverordnung"}, {"language": "en-US", "value": "Medication request"}]}, "fields": {"original": ["identifier", "status", "intent", "doNotPerform", "medication", "encounter", "authoredOn", "requester", "reasonCode", "reasonReference", "basedOn", "note", "dosageInstruction", "timing", "repeat", "site", "coding", "SNOMED", "route", "coding", "EDQM", "SNOMED", "doseAndRate", "dose", "rate", "maxDosePerPeriod", "numerator", "denominator", "maxDosePerAdministration", "substitution", "priorPrescription"], "translations": [{"language": "de-DE", "value": ["Identifikator", "Status", "Intention", "Medikation", "Fall / Kontakt", "Datum der Verordnung", "Anforderer", "Grund Code", "Grund Referenz", "Basiert auf", "Hinweis", "Dosierungsanweisung", "Verabreichungsort", "SNOMED CT Code", "Verabreichungsweg", "EDQM Code", "SNOMED CT Code", "Substitution", "Vorherige Verschreibung"]}, {"language": "en-US", "value": ["Identifier", "Status", "Intent", "Medication", "Encounter", "Authored on", "Requester", "Reason code", "Reason reference", "Based on", "Note", "Dosage instruction", "Site of administration", "SNOMED CT code", "Route of administration", "EDQM code", "SNOMED CT code", "Substitution", "Prior prescription"]}]}, "module": "modul-medikation", "url": "https://www.medizininformatik-initiative.de/fhir/core/modul-medikation/StructureDefinition/MedicationRequest", "leaf": true, "selectable": true}, {"id": "382d1768-9a12-41ac-b976-53d4fcdbd4f0", "name": "MII_PR_Medikation_Medication", "display": {"original": "MII PR Medikation Medication", "translations": [{"language": "de-DE", "value": ""}, {"language": "en-US", "value": "MII PR Medikation Medication"}]}, "fields": {"original": ["code", "coding", "Pharmazentralnummer", "atcClassDe", "atcClassEn", "status", "form", "coding", "EDQM", "ingredient", "Wirkstofftyp", "Wirkstoffrelation", "strength", "numerator", "denominator"], "translations": [{"language": "de-DE", "value": ["PZN Code", "ATC Code", "ATC WHO Code", "EDQM Code"]}, {"language": "en-US", "value": ["PZN code", "ATC code", "ATC WHO code", "EDQM code"]}]}, "module": "modul-medikation", "url": "https://www.medizininformatik-initiative.de/fhir/core/modul-medikation/StructureDefinition/Medication", "leaf": true, "selectable": true}, {"id": "af8b4b45-7678-42d0-ba1f-b0cd1d8f576b", "name": "MII_PR_Medikation_MedicationAdministration", "display": {"original": "MII PR Medikation MedicationAdministration", "translations": [{"language": "de-DE", "value": "Medikationsverabreichung"}, {"language": "en-US", "value": "Medication administration"}]}, "fields": {"original": ["identifier", "partOf", "status", "category", "medication", "context", "effective", "performer", "reasonCode", "reasonReference", "request", "note", "dosage", "site", "coding", "SNOMED", "route", "coding", "EDQM", "SNOMED", "dose", "rate"], "translations": [{"language": "de-DE", "value": ["Identifikator", "Teil von", "Status", "Kategorie", "Medikation", "Kontext", "Zeitpunkt oder Zeitraum", "Ausführende*r", "Grund Code", "Grund Referenz", "Verordnung", "Hinweis", "Dosierung", "Applikationsort", "SNOMED CT Code", "Verabreichungsweg", "EDQM Code", "SNOMED CT Code", "Dosis"]}, {"language": "en-US", "value": ["Identifier", "Part of", "Status", "Category", "Medication", "Context", "Date or period", "Performer", "Reason code", "Reason reference", "Request", "Note", "Dosage", "Site", "SNOMED CT code", "Route of administration", "EDQM code", "SNOMED CT code", "Dose"]}]}, "module": "modul-medikation", "url": "https://www.medizininformatik-initiative.de/fhir/core/modul-medikation/StructureDefinition/MedicationAdministration", "leaf": true, "selectable": true}]}, {"id": "227b0986-dc28-4a09-b1e8-1d6190cbdf54", "name": "modul-fall", "display": {"original": "Fall", "translations": [{"language": "de-DE", "value": "Fall"}, {"language": "en-US", "value": "Case"}]}, "url": "modul-fall", "module": "modul-fall", "selectable": false, "leaf": false, "fields": {"original": [], "translations": [{"language": "de-DE", "value": []}, {"language": "en-US", "value": []}]}, "children": [{"id": "550cbd54-5988-4c99-8422-8392c96b0b56", "name": "MII_PR_Fall_KontaktGesundheitseinrichtung", "display": {"original": "MII PR Fall Kontakt mit einer Gesundheitseinrichtung", "translations": [{"language": "de-DE", "value": "Fall - Kontakt mit einer Gesundheitseinrichtung"}, {"language": "en-US", "value": "Treatment case - Encounter with Health Care Facility"}]}, "fields": {"original": ["Aufnahmegrund", "ErsteUndZweiteStelle", "DritteStelle", "VierteStelle", "identifier", "Aufnahmenummer", "type", "vn-type", "status", "class", "type", "Kontaktebene", "KontaktArt", "serviceType", "coding", "Fachabteilungsschluessel", "ErweiterterFachabteilungsschluessel", "period", "diagnosis", "condition", "use", "coding", "Diagnosetyp", "DiagnosesubTyp", "hospitalization", "admitSource", "dischargeDisposition", "Entlassungsgrund", "partOf"], "translations": [{"language": "de-DE", "value": ["Aufnahmegrund", "1. und 2. Stelle", "3. Stelle", "4. Stelle", "Identifikator", "Aufnahmenummer", "Status", "Kontaktklasse", "Typ des Kontaktes", "Kontaktebene", "Kontaktart", "Fachabteilung", "Zeitraum des Kontaktes", "Diagnosen", "Klinikaufenthalt", "Teil von Kontakt"]}, {"language": "en-US", "value": ["Admission reason", "1st and 2nd position", "3rd position", "4th position", "Identifier", "Admission number", "status", "Classification of patient encounter", "Type of encounter", "Level of encounter", "Type of encounter", "Department", "Period of encounter", "Diagnoses", "Hospitalization", "Part of encounter"]}]}, "module": "modul-fall", "url": "https://www.medizininformatik-initiative.de/fhir/core/modul-fall/StructureDefinition/KontaktGesundheitseinrichtung", "leaf": true, "selectable": true}]}, {"id": "173834ae-551e-484e-b5ac-d22894917c25", "name": "modul-biobank", "display": {"original": "Biobank", "translations": [{"language": "de-DE", "value": "Biobank"}, {"language": "en-US", "value": "Biobank"}]}, "url": "modul-biobank", "module": "modul-biobank", "selectable": false, "leaf": false, "fields": {"original": [], "translations": [{"language": "de-DE", "value": []}, {"language": "en-US", "value": []}]}, "children": [{"id": "ebede054-768f-4335-a82e-c5df79c350a6", "name": "ProfileSubstanceAdditiv", "display": {"original": "Profile - Substance - Additiv", "translations": [{"language": "de-DE", "value": ""}, {"language": "en-US", "value": ""}]}, "fields": {"original": ["status", "category", "code", "ingredient"], "translations": [{"language": "de-DE", "value": []}, {"language": "en-US", "value": []}]}, "module": "modul-biobank", "url": "https://www.medizininformatik-initiative.de/fhir/ext/modul-biobank/StructureDefinition/Substance", "leaf": true, "selectable": true}, {"id": "3482f80b-ed1b-480e-9a14-276740262e8d", "name": "ProfileOrganizationSammlungBiobank", "display": {"original": "Profile - Organization - Sammlung/Biobank", "translations": [{"language": "de-DE", "value": ""}, {"language": "en-US", "value": ""}]}, "fields": {"original": ["beschreibung", "identifier", "bbmri-eric-id", "active", "type", "alias", "partOf", "contact", "forschungskontakt", "rolle"], "translations": [{"language": "de-DE", "value": ["Beschreibung der Sammlung/Biobank", "BBMRI-ERIC ID", "Sammlungstyp", "Akronym", "Teil von"]}, {"language": "en-US", "value": ["Description of the collection/biobank", "BBMRI-ERIC ID", "Collection type", "Acronym", "Part of"]}]}, "module": "modul-biobank", "url": "https://www.medizininformatik-initiative.de/fhir/ext/modul-biobank/StructureDefinition/Organization", "leaf": true, "selectable": true}, {"id": "a8c8bd0f-feb7-473b-9985-b6c7588328e0", "name": "ProfileSpecimenBioprobeCore", "display": {"original": "Profile - Specimen - Bioprobe - Core", "translations": [{"language": "de-DE", "value": ""}, {"language": "en-US", "value": ""}]}, "fields": {"original": ["identifier", "status", "type", "parent", "request", "collection", "einstellungBlutversorgung", "bodySite", "sct", "icd-o-3", "fastingStatus", "processing", "temperaturbedingungen", "procedure", "sct", "additive", "lagerprozess", "temperaturbedingungen", "container", "type", "capacity", "specimenQuantity", "additive", "note"], "translations": [{"language": "de-DE", "value": ["Proben-ID", "Verfügbarkeitsstatus", "Probenart", "Ist gewonnen aus", "Entnahme-ID", "Probenentnahme", "Anatomische Lokalisation", "Nüchternstatus", "Probenverarbeitung", "Verarbeitungstyp", "Additive bei Verarbeitung", "Probenbehältnis", "Containertyp", "Containerkapazität", "Probenmenge", "Additiv", "Projektnutzung"]}, {"language": "en-US", "value": ["Specimen ID", "Availability status", "Specimen type", "Derived from", "Collection ID", "Specimen sampling", "anatomical localisation", "Fasting status", "Specimen processing", "Processing procedure", "Processing additives", "Specimen container", "Container type", "Capacity", "Specimen quantity", "Additives", "Project usage"]}]}, "module": "modul-biobank", "url": "https://www.medizininformatik-initiative.de/fhir/ext/modul-biobank/StructureDefinition/SpecimenCore", "leaf": false, "selectable": false, "children": [{"id": "b9c19e46-a14e-4660-a47f-1a0316115256", "name": "ProfileSpecimenBioprobe", "display": {"original": "Profile - Specimen - Bioprobe", "translations": [{"language": "de-DE", "value": ""}, {"language": "en-US", "value": ""}]}, "fields": {"original": ["festgestellteDiagnose", "gehoertZu", "identifier", "status", "type", "parent", "request", "collection", "einstellungBlutversorgung", "bodySite", "sct", "icd-o-3", "fastingStatus", "processing", "temperaturbedingungen", "procedure", "sct", "additive", "lagerprozess", "temperaturbedingungen", "container", "type", "capacity", "specimenQuantity", "additive", "note"], "translations": [{"language": "de-DE", "value": ["Festgestellte Diagnose", "Verwaltende Organisation", "Proben-ID", "Verfügbarkeitsstatus", "Probenart", "Ist gewonnen aus", "Entnahme-ID", "Probenentnahme", "Anatomische Lokalisation", "Nüchternstatus", "Probenverarbeitung", "Verarbeitungstyp", "Additive bei Verarbeitung", "Probenbehältnis", "Containertyp", "Containerkapazität", "Probenmenge", "Additiv", "Projektnutzung"]}, {"language": "en-US", "value": ["Diagnosed condition", "Managing organization", "Specimen ID", "Availability status", "Specimen type", "Derived from", "Collection ID", "Specimen sampling", "anatomical localisation", "Fasting status", "Specimen processing", "Processing procedure", "Processing additives", "Specimen container", "Container type", "Capacity", "Specimen quantity", "Additives", "Project usage"]}]}, "module": "modul-biobank", "url": "https://www.medizininformatik-initiative.de/fhir/ext/modul-biobank/StructureDefinition/Specimen", "leaf": true, "selectable": true}]}]}, {"id": "9624e686-4592-4971-9ee3-f077b987e97d", "name": "modul-consent", "display": {"original": "Einwilligung", "translations": [{"language": "de-DE", "value": "Einwilligung"}, {"language": "en-US", "value": "Consent"}]}, "url": "modul-consent", "module": "modul-consent", "selectable": false, "leaf": false, "fields": {"original": [], "translations": [{"language": "de-DE", "value": []}, {"language": "en-US", "value": []}]}, "children": [{"id": "c9f838b9-0ceb-418a-8768-6088b69ea74c", "name": "MII_PR_Consent_Provenance", "display": {"original": "Profile - MI-I - Consent - Provenance", "translations": [{"language": "de-DE", "value": ""}, {"language": "en-US", "value": ""}]}, "fields": {"original": ["target", "recorded", "agent", "who", "entity", "what", "signature", "type", "who", "onBehalfOf"], "translations": [{"language": "de-DE", "value": []}, {"language": "en-US", "value": []}]}, "module": "modul-consent", "url": "https://www.medizininformatik-initiative.de/fhir/modul-consent/StructureDefinition/mii-pr-consent-provenance", "leaf": true, "selectable": true}, {"id": "f817efc2-c1c6-4e62-9179-e0111b183d8b", "name": "MII_PR_Consent_Einwilligung", "display": {"original": "Profile - MI-I - Consent - Einwilligung", "translations": [{"language": "de-DE", "value": ""}, {"language": "en-US", "value": ""}]}, "fields": {"original": ["domainReference", "domain", "status", "scope", "category", "loinc", "coding", "mii", "coding", "patient", "identifier", "dateTime", "organization", "source", "policy", "policyRule", "xacml", "provision", "period", "provision", "period", "code", "coding"], "translations": [{"language": "de-DE", "value": []}, {"language": "en-US", "value": []}]}, "module": "modul-consent", "url": "https://www.medizininformatik-initiative.de/fhir/modul-consent/StructureDefinition/mii-pr-consent-einwilligung", "leaf": true, "selectable": true}, {"id": "a61c0623-292c-469a-939a-fa342003d326", "name": "MII_PR_Consent_DocumentReference", "display": {"original": "Profile - MI-I - Consent - DocumentReference", "translations": [{"language": "de-DE", "value": ""}, {"language": "en-US", "value": ""}]}, "fields": {"original": ["status", "content", "attachment"], "translations": [{"language": "de-DE", "value": []}, {"language": "en-US", "value": []}]}, "module": "modul-consent", "url": "https://www.medizininformatik-initiative.de/fhir/modul-consent/StructureDefinition/mii-pr-consent-documentreference", "leaf": true, "selectable": true}]}], "selectable": false}