[{"url": "http://snomed.info/sct", "name": "snomed"}, {"url": "http://fhir.de/CodeSystem/bfarm/icd-10-gm", "name": "icd10"}, {"url": "urn:oid:2.16.840.1.113883.3.1937.777.24.5.3", "name": "mii-consent"}, {"url": "http://loinc.org", "name": "loinc"}, {"url": "http://fhir.de/CodeSystem/bfarm/atc", "name": "atc"}, {"url": "http://fhir.de/CodeSystem/bfarm/ops", "name": "ops"}, {"url": "fdpg.mii.cds", "name": "mii-cds"}, {"url": "http://hl7.org/fhir/administrative-gender", "name": "administrative-gender"}, {"url": "urn:iso:std:iso:11073:10101", "name": "ISO11073"}, {"url": "http://fhir.de/CodeSystem/bfarm/alpha-id", "name": "alpha-id"}, {"url": "http://terminology.hl7.org/CodeSystem/icd-o-3", "name": "icd-o-3"}, {"url": "https://www.medizininformatik-initiative.de/fhir/core/modul-person/CodeSystem/Vitalstatus", "name": "Vitalstatus"}, {"url": "http://fhir.de/CodeSystem/Kontaktebene", "name": "Kontaktebene"}, {"url": "http://fhir.de/CodeSystem/kontaktart-de", "name": "kontaktart-de"}, {"url": "http://fhir.de/CodeSystem/dkgev/Fachabteilungsschluessel", "name": "Fachabteilungsschluessel"}, {"url": "http://terminology.hl7.org/CodeSystem/v3-ActCode", "name": "v3-ActCode"}, {"url": "http://fhir.de/CodeSystem/dkgev/Fachabteilungsschluessel-erweitert", "name": "Fachabteilungsschluessel-erweitert"}, {"url": "http://hl7.org/fhir/sid/icd-10", "name": "icd-10"}]