{"name": "Root", "module": "no-module", "url": "no-url", "children": [{"id": "83b33ec4-7dc9-4563-8187-140768f57aa5", "name": "modul-medikation", "display": "Medikation", "url": "modul-medikation", "module": "modul-medikation", "selectable": false, "leaf": false, "children": [{"id": "5178669f-6df4-448d-8aef-5a98d064cb59", "name": "MII_PR_Medikation_MedicationStatement", "display": "MII PR Medikation MedicationStatement", "module": "modul-medikation", "url": "https://www.medizininformatik-initiative.de/fhir/core/modul-medikation/StructureDefinition/MedicationStatement", "leaf": true, "selectable": true}, {"id": "76f7a3dc-6803-43f1-852d-f880687bc500", "name": "MII_PR_Medikation_Medikationsliste", "display": "MII PR Medikation Medikationsliste", "module": "modul-medikation", "url": "https://www.medizininformatik-initiative.de/fhir/core/modul-medikation/StructureDefinition/medikationsliste", "leaf": true, "selectable": true}, {"id": "11fb547b-337c-4b73-8f7a-4a4b337de733", "name": "MII_PR_Medikation_MedicationRequest", "display": "MII PR Medikation MedicationRequest", "module": "modul-medikation", "url": "https://www.medizininformatik-initiative.de/fhir/core/modul-medikation/StructureDefinition/MedicationRequest", "leaf": true, "selectable": true}, {"id": "8742e874-8c91-4f9e-a1f3-feb00d4e90f2", "name": "MII_PR_Medikation_Medication", "display": "MII PR Medikation Medication", "module": "modul-medikation", "url": "https://www.medizininformatik-initiative.de/fhir/core/modul-medikation/StructureDefinition/Medication", "leaf": true, "selectable": true}, {"id": "f053c437-8087-4df8-a6c8-075d9d4f5b81", "name": "MII_PR_Medikation_MedicationAdministration", "display": "MII PR Medikation MedicationAdministration", "module": "modul-medikation", "url": "https://www.medizininformatik-initiative.de/fhir/core/modul-medikation/StructureDefinition/MedicationAdministration", "leaf": true, "selectable": true}]}, {"id": "c587a564-f1e2-4a39-a506-7f4e25ac7ced", "name": "modul-consent", "display": "Consent", "url": "modul-consent", "module": "modul-consent", "selectable": false, "leaf": false, "children": [{"id": "eecbed2f-de67-4c50-9a0e-19cafb876ecf", "name": "ConsentManagementProvenance", "display": "Consent Management Provenance", "module": "http://fhir.de/ConsentManagement/StructureDefinition/Provenance", "url": "http://fhir.de/ConsentManagement/StructureDefinition/Provenance", "leaf": false, "selectable": false, "children": [{"id": "34e8aab0-a5b6-4af1-a335-f068b028de5f", "name": "MII_PR_Consent_Provenance", "display": "Profile - MI-I - Consent - Provenance", "module": "modul-consent", "url": "https://www.medizininformatik-initiative.de/fhir/modul-consent/StructureDefinition/mii-pr-consent-provenance", "leaf": true, "selectable": true}]}, {"id": "9e8eb485-538a-4f92-9009-cbd6803d6634", "name": "MII_PR_Consent_Einwilligung", "display": "Profile - MI-I - Consent - Einwilligung", "module": "modul-consent", "url": "https://www.medizininformatik-initiative.de/fhir/modul-consent/StructureDefinition/mii-pr-consent-einwilligung", "leaf": true, "selectable": true}, {"id": "cae0e562-1ca7-487e-8b8f-b6a2fcfe670d", "name": "ConsentManagementDocumentReference", "display": "Consent Management DocumentReference", "module": "http://fhir.de/ConsentManagement/StructureDefinition/DocumentReference", "url": "http://fhir.de/ConsentManagement/StructureDefinition/DocumentReference", "leaf": false, "selectable": false, "children": [{"id": "182354ed-30ec-4af6-9042-95356f9072a4", "name": "MII_PR_Consent_DocumentReference", "display": "Profile - MI-I - Consent - DocumentReference", "module": "modul-consent", "url": "https://www.medizininformatik-initiative.de/fhir/modul-consent/StructureDefinition/mii-pr-consent-documentreference", "leaf": true, "selectable": true}]}]}, {"id": "a28913fb-4dc7-45de-aa47-730e0861fd01", "name": "modul-biobank", "display": "Biobank", "url": "modul-biobank", "module": "modul-biobank", "selectable": false, "leaf": false, "children": [{"id": "fecee69f-05a7-41be-aafc-ce14d5fa2964", "name": "ProfileSubstanceAdditiv", "display": "Profile - Substance - Additiv", "module": "modul-biobank", "url": "https://www.medizininformatik-initiative.de/fhir/ext/modul-biobank/StructureDefinition/Substance", "leaf": true, "selectable": true}, {"id": "c892d6d7-8798-4268-bc5e-52d78fb42ceb", "name": "ProfileOrganizationSammlungBiobank", "display": "Profile - Organization - Sammlung/Biobank", "module": "modul-biobank", "url": "https://www.medizininformatik-initiative.de/fhir/ext/modul-biobank/StructureDefinition/Organization", "leaf": true, "selectable": true}, {"id": "46f97a07-6673-4d89-88cd-25e62bf460b7", "name": "ProfileSpecimenBioprobeCore", "display": "Profile - Specimen - Bioprobe - Core", "module": "modul-biobank", "url": "https://www.medizininformatik-initiative.de/fhir/ext/modul-biobank/StructureDefinition/SpecimenCore", "leaf": false, "selectable": false, "children": [{"id": "8b664a17-6e18-4bc1-98e7-853fff3e9fc1", "name": "ProfileSpecimenBioprobe", "display": "Profile - Specimen - Bioprobe", "module": "modul-biobank", "url": "https://www.medizininformatik-initiative.de/fhir/ext/modul-biobank/StructureDefinition/Specimen", "leaf": true, "selectable": true}]}]}, {"id": "314531ea-6965-43f7-b339-60996d5557f1", "name": "modul-prozedur", "display": "Prozedur", "url": "modul-prozedur", "module": "modul-prozedur", "selectable": false, "leaf": false, "children": [{"id": "2a48008e-856c-46ea-9887-b8dc5854bfda", "name": "MII_PR_Prozedur_Procedure", "display": "MII PR Prozedur Procedure", "module": "modul-prozedur", "url": "https://www.medizininformatik-initiative.de/fhir/core/modul-prozedur/StructureDefinition/Procedure", "leaf": true, "selectable": true}]}, {"id": "8a35c52f-90b5-4ebc-abef-17d580315e57", "name": "modul-person", "display": "Person", "url": "modul-person", "module": "modul-person", "selectable": false, "leaf": false, "children": [{"id": "c23bf87f-6e20-4df4-84ef-982041f246b5", "name": "MII_PR_Person_Vitalstatus", "display": "MII PR Person Vitalstatus", "module": "modul-person", "url": "https://www.medizininformatik-initiative.de/fhir/core/modul-person/StructureDefinition/Vitalstatus", "leaf": true, "selectable": true}, {"id": "ba20d270-9a2b-45ba-8386-d9130de8e007", "name": "MII_PR_Person_PatientPseudonymisiert", "display": "MII PR Person Patient (Pseudonymisiert)", "module": "modul-person", "url": "https://www.medizininformatik-initiative.de/fhir/core/modul-person/StructureDefinition/PatientPseudonymisiert", "leaf": true, "selectable": true}, {"id": "9c83b31c-8193-4366-b6ff-d6510aecda92", "name": "MII_PR_Person_Proband", "display": "MII PR Person Proband", "module": "modul-person", "url": "https://www.medizininformatik-initiative.de/fhir/core/modul-person/StructureDefinition/ResearchSubject", "leaf": true, "selectable": true}, {"id": "201ade29-5fea-4a88-a8e9-71081aaf7e03", "name": "MII_PR_Person_Patient", "display": "MII PR Person Patient", "module": "modul-person", "url": "https://www.medizininformatik-initiative.de/fhir/core/modul-person/StructureDefinition/Patient", "leaf": true, "selectable": true}, {"id": "88366670-dd71-43ca-9499-4c31877806ad", "name": "MII_PR_Person_Todesursache", "display": "MII PR Person Todesursache", "module": "modul-person", "url": "https://www.medizininformatik-initiative.de/fhir/core/modul-person/StructureDefinition/Todesursache", "leaf": true, "selectable": true}]}, {"id": "7a5eb40d-1b8b-4b74-87e5-f03deea31860", "name": "http://fhir.de/ConsentManagement/StructureDefinition/DocumentReference", "display": "http://fhir.de/ConsentManagement/StructureDefinition/DocumentReference", "url": "http://fhir.de/ConsentManagement/StructureDefinition/DocumentReference", "module": "http://fhir.de/ConsentManagement/StructureDefinition/DocumentReference", "selectable": false, "leaf": false, "children": [{"id": "af6136e4-dd17-4813-bce0-bdb04bd556e7", "name": "ConsentManagementDocumentReference", "display": "Consent Management DocumentReference", "module": "http://fhir.de/ConsentManagement/StructureDefinition/DocumentReference", "url": "http://fhir.de/ConsentManagement/StructureDefinition/DocumentReference", "leaf": true, "selectable": true}]}, {"id": "78baeb20-ba0b-4ed5-a9a9-c4f5c5b997eb", "name": "http://fhir.de/ConsentManagement/StructureDefinition/TemplateFrame", "display": "http://fhir.de/ConsentManagement/StructureDefinition/TemplateFrame", "url": "http://fhir.de/ConsentManagement/StructureDefinition/TemplateFrame", "module": "http://fhir.de/ConsentManagement/StructureDefinition/TemplateFrame", "selectable": false, "leaf": false, "children": [{"id": "0e4433b2-9706-4401-bd7f-0c61400dad02", "name": "ConsentManagementTemplateFrame", "display": "Consent Management Template Frame", "module": "http://fhir.de/ConsentManagement/StructureDefinition/TemplateFrame", "url": "http://fhir.de/ConsentManagement/StructureDefinition/TemplateFrame", "leaf": true, "selectable": true}]}, {"id": "d8777746-ecaf-4601-a159-9a0c86bbee86", "name": "http://fhir.de/ConsentManagement/StructureDefinition/Consent", "display": "http://fhir.de/ConsentManagement/StructureDefinition/Consent", "url": "http://fhir.de/ConsentManagement/StructureDefinition/Consent", "module": "http://fhir.de/ConsentManagement/StructureDefinition/Consent", "selectable": false, "leaf": false, "children": [{"id": "7ab08147-8147-4078-8f6e-04586502cfe8", "name": "ConsentManagementConsent", "display": "Consent Management: Consent", "module": "http://fhir.de/ConsentManagement/StructureDefinition/Consent", "url": "http://fhir.de/ConsentManagement/StructureDefinition/Consent", "leaf": true, "selectable": true}]}, {"id": "3b3317c0-a319-4a14-9727-07cde052beab", "name": "http://fhir.de/ConsentManagement/StructureDefinition/TemplateModule", "display": "http://fhir.de/ConsentManagement/StructureDefinition/TemplateModule", "url": "http://fhir.de/ConsentManagement/StructureDefinition/TemplateModule", "module": "http://fhir.de/ConsentManagement/StructureDefinition/TemplateModule", "selectable": false, "leaf": false, "children": [{"id": "ac41f4b1-5557-488f-a744-26fe120533e5", "name": "ConsentManagementTemplateModule", "display": "Consent Management Template Module", "module": "http://fhir.de/ConsentManagement/StructureDefinition/TemplateModule", "url": "http://fhir.de/ConsentManagement/StructureDefinition/TemplateModule", "leaf": true, "selectable": true}]}, {"id": "6946acd4-771f-428d-8f62-f21ce57a0e71", "name": "http://fhir.de/ConsentManagement/StructureDefinition/Domain/Organization", "display": "http://fhir.de/ConsentManagement/StructureDefinition/Domain/Organization", "url": "http://fhir.de/ConsentManagement/StructureDefinition/Domain/Organization", "module": "http://fhir.de/ConsentManagement/StructureDefinition/Domain/Organization", "selectable": false, "leaf": false, "children": [{"id": "edd22ad4-71bf-4bf0-9bc5-9c96f9edb3b6", "name": "ConsentManagementDomainOrganization", "display": "Consent Management Domain Organization", "module": "http://fhir.de/ConsentManagement/StructureDefinition/Domain/Organization", "url": "http://fhir.de/ConsentManagement/StructureDefinition/Domain/Organization", "leaf": true, "selectable": true}]}, {"id": "c85ec397-ece8-44b8-9aa0-78ce91be0e3d", "name": "http://fhir.de/ConsentManagement/StructureDefinition/QuestionnaireComposed", "display": "http://fhir.de/ConsentManagement/StructureDefinition/QuestionnaireComposed", "url": "http://fhir.de/ConsentManagement/StructureDefinition/QuestionnaireComposed", "module": "http://fhir.de/ConsentManagement/StructureDefinition/QuestionnaireComposed", "selectable": false, "leaf": false, "children": [{"id": "51ca47ac-e19c-4e6f-812e-4384952f1b67", "name": "ConsentManagementQuestionnaireComposed", "display": "Consent Management Questionnaire Composed", "module": "http://fhir.de/ConsentManagement/StructureDefinition/QuestionnaireComposed", "url": "http://fhir.de/ConsentManagement/StructureDefinition/QuestionnaireComposed", "leaf": true, "selectable": true}]}, {"id": "2ad90463-616c-4ca9-becb-e2a43e9a69fb", "name": "http://fhir.de/ConsentManagement/StructureDefinition/Domain/ResearchStudy", "display": "http://fhir.de/ConsentManagement/StructureDefinition/Domain/ResearchStudy", "url": "http://fhir.de/ConsentManagement/StructureDefinition/Domain/ResearchStudy", "module": "http://fhir.de/ConsentManagement/StructureDefinition/Domain/ResearchStudy", "selectable": false, "leaf": false, "children": [{"id": "49e1fe7b-71e2-438d-ac03-f16e073b4589", "name": "ConsentManagementDomainResearchStudy", "display": "Consent Management Domain Research Study", "module": "http://fhir.de/ConsentManagement/StructureDefinition/Domain/ResearchStudy", "url": "http://fhir.de/ConsentManagement/StructureDefinition/Domain/ResearchStudy", "leaf": true, "selectable": true}]}, {"id": "ce664be7-93e5-4fd9-a766-5af399447a04", "name": "http://fhir.de/ConsentManagement/StructureDefinition/QuestionnaireResponse", "display": "http://fhir.de/ConsentManagement/StructureDefinition/QuestionnaireResponse", "url": "http://fhir.de/ConsentManagement/StructureDefinition/QuestionnaireResponse", "module": "http://fhir.de/ConsentManagement/StructureDefinition/QuestionnaireResponse", "selectable": false, "leaf": false, "children": [{"id": "3aa4cf76-344e-497c-88d3-8fbc2a6fcd78", "name": "ConsentManagementQuestionnaireResponse", "display": "Consent Management QuestionnaireResponse", "module": "http://fhir.de/ConsentManagement/StructureDefinition/QuestionnaireResponse", "url": "http://fhir.de/ConsentManagement/StructureDefinition/QuestionnaireResponse", "leaf": true, "selectable": true}]}, {"id": "df823137-ad52-4b86-af77-a0842674a7d7", "name": "http://fhir.de/ConsentManagement/StructureDefinition/Provenance", "display": "http://fhir.de/ConsentManagement/StructureDefinition/Provenance", "url": "http://fhir.de/ConsentManagement/StructureDefinition/Provenance", "module": "http://fhir.de/ConsentManagement/StructureDefinition/Provenance", "selectable": false, "leaf": false, "children": [{"id": "753dd884-25fa-44da-8903-e509758b24c2", "name": "ConsentManagementProvenance", "display": "Consent Management Provenance", "module": "http://fhir.de/ConsentManagement/StructureDefinition/Provenance", "url": "http://fhir.de/ConsentManagement/StructureDefinition/Provenance", "leaf": true, "selectable": true}]}, {"id": "ada0cbfd-5814-427c-a3ad-f06a29843b23", "name": "http://fhir.de/ConsentManagement/StructureDefinition/Patient", "display": "http://fhir.de/ConsentManagement/StructureDefinition/Patient", "url": "http://fhir.de/ConsentManagement/StructureDefinition/Patient", "module": "http://fhir.de/ConsentManagement/StructureDefinition/Patient", "selectable": false, "leaf": false, "children": [{"id": "235b01f0-a00d-454b-bebb-b56e71c3c477", "name": "ConsentManagementPatient", "display": "Consent Management: Patient", "module": "http://fhir.de/ConsentManagement/StructureDefinition/Patient", "url": "http://fhir.de/ConsentManagement/StructureDefinition/Patient", "leaf": true, "selectable": true}]}, {"id": "18959364-9a2a-42d2-8909-b6bf9d033386", "name": "modul-diagnose", "display": "Diagnose", "url": "modul-diagnose", "module": "modul-diagnose", "selectable": false, "leaf": false, "children": [{"id": "2055d53e-0b51-4a2f-a033-6c7e0941ba35", "name": "MII_PR_Diagnose_Condition", "display": "MII PR Diagnose Condition", "module": "modul-diagnose", "url": "https://www.medizininformatik-initiative.de/fhir/core/modul-diagnose/StructureDefinition/Diagnose", "leaf": true, "selectable": true}]}, {"id": "103434de-f1eb-4b95-89ed-e022dbde32a3", "name": "modul-fall", "display": "Fall", "url": "modul-fall", "module": "modul-fall", "selectable": false, "leaf": false, "children": [{"id": "a9e512b9-9a0d-4812-9b3e-04054e16a5b3", "name": "MII_PR_Fall_KontaktGesundheitseinrichtung", "display": "MII PR Fall Kontakt mit einer Gesundheitseinrichtung", "module": "modul-fall", "url": "https://www.medizininformatik-initiative.de/fhir/core/modul-fall/StructureDefinition/KontaktGesundheitseinrichtung", "leaf": true, "selectable": true}]}, {"id": "4b4a8aea-8e31-435a-95c3-ac82db3d7a9d", "name": "modul-icu", "display": "Icu", "url": "modul-icu", "module": "modul-icu", "selectable": false, "leaf": false, "children": [{"id": "d550fcee-d2f9-45c4-bc12-f76c621bcbf4", "name": "SD_MII_ICU_Devicemetric_Eingestellte_Gemessene_Parameter_Beatmung", "display": "SD MII ICU DeviceMetric Eingestellte Gemessene Parameter Beatmung", "module": "modul-icu", "url": "https://www.medizininformatik-initiative.de/fhir/ext/modul-icu/StructureDefinition/devicemetric-eingestellte-gemessene-parameter-beatmung", "leaf": true, "selectable": true}, {"id": "1576c96c-3fed-42bc-8725-891ad357c4f9", "name": "SD_MII_ICU_Monitoring_Und_Vitaldaten", "display": "SD MII ICU Monitoring und Vitaldaten", "module": "modul-icu", "url": "https://www.medizininformatik-initiative.de/fhir/ext/modul-icu/StructureDefinition/monitoring-und-vitaldaten", "leaf": false, "selectable": false, "children": [{"id": "1d261743-cf3a-4fc9-bb6f-644385f76247", "name": "SD_MII_ICU_Linksventrikulaeres_Herzzeitvolumen_Durch_Indikatorverduennung", "display": "SD MII ICU Linksventrikulaeres Herzzeitvolumen Durch Indikatorverduennung", "module": "modul-icu", "url": "https://www.medizininformatik-initiative.de/fhir/ext/modul-icu/StructureDefinition/linksventrikulaeres-herzzeitvolumen-durch-indikatorverduennung", "leaf": true, "selectable": true}, {"id": "92e8627e-2303-40e8-82a1-88f5446b2ef6", "name": "SD_MII_ICU_Sauerstoffsaettigung_Im_Blut_Preduktal_Durch_Pulsoxymetrie", "display": "SD MII ICU Sauerstoffsaettigung Im Blut Preduktal Durch Pulsoxymetrie", "module": "modul-icu", "url": "https://www.medizininformatik-initiative.de/fhir/ext/modul-icu/StructureDefinition/sauerstoffsaettigung-im-blut-preduktal-durch-pulsoxymetrie", "leaf": true, "selectable": true}, {"id": "43402994-2cc3-4f59-8930-0e57dbe7235f", "name": "SD_MII_ICU_Koerpertemperatur_Generisch", "display": "SD MII ICU Koerpertemperatur Generisch", "module": "modul-icu", "url": "https://www.medizininformatik-initiative.de/fhir/ext/modul-icu/StructureDefinition/koerpertemperatur-generisch", "leaf": false, "selectable": false, "children": [{"id": "a944bb3c-cec4-4923-9604-97d645b6aace", "name": "SD_MII_ICU_Koerpertemperatur_Brust", "display": "SD MII ICU Koerpertemperatur Brust", "module": "modul-icu", "url": "https://www.medizininformatik-initiative.de/fhir/ext/modul-icu/StructureDefinition/koerpertemperatur-brust", "leaf": true, "selectable": true}, {"id": "2bec5286-fec9-427c-927f-e4ca18521b73", "name": "SD_MII_ICU_Koerpertemperatur_Nasal", "display": "SD MII ICU Koerpertemperatur nasal", "module": "modul-icu", "url": "https://www.medizininformatik-initiative.de/fhir/ext/modul-icu/StructureDefinition/koerpertemperatur-nasal", "leaf": true, "selectable": true}, {"id": "f3f1f4bf-2e51-464b-a53c-b3c90666aadd", "name": "SD_MII_ICU_Koerpertemperatur_Rektal", "display": "SD MII ICU Koerpertemperatur rektal", "module": "modul-icu", "url": "https://www.medizininformatik-initiative.de/fhir/ext/modul-icu/StructureDefinition/koerpertemperatur-rektal", "leaf": true, "selectable": true}, {"id": "be6ee12b-f201-4f47-8320-c1320474456a", "name": "SD_MII_ICU_Koerpertemperatur_Vaginal", "display": "SD MII ICU Koerpertemperatur vaginal", "module": "modul-icu", "url": "https://www.medizininformatik-initiative.de/fhir/ext/modul-icu/StructureDefinition/koerpertemperatur-vaginal", "leaf": true, "selectable": true}, {"id": "1906b6c9-5f5b-4b2f-a71a-2c4eee6917ef", "name": "SD_MII_ICU_Koerpertemperatur_Lendenwirbelsaeule", "display": "SD MII ICU Koerpertemperatur Lendenwirbelsaeule", "module": "modul-icu", "url": "https://www.medizininformatik-initiative.de/fhir/ext/modul-icu/StructureDefinition/koerpertemperatur-lendenwirbelsaeule", "leaf": true, "selectable": true}, {"id": "e13e3541-d894-454b-b37d-2c271689fc57", "name": "SD_MII_ICU_Koerpertemperatur_Trommelfell", "display": "SD MII ICU Koerpertemperatur Trommelfell", "module": "modul-icu", "url": "https://www.medizininformatik-initiative.de/fhir/ext/modul-icu/StructureDefinition/koerpertemperatur-trommelfell", "leaf": true, "selectable": true}, {"id": "fef05b7e-a5d6-4311-a2df-56376a9e96f2", "name": "SD_MII_ICU_Koerpertemperatur_Unter_Der_Zunge", "display": "SD MII ICU Koerpertemperatur unter der Zunge", "module": "modul-icu", "url": "https://www.medizininformatik-initiative.de/fhir/ext/modul-icu/StructureDefinition/koerpertemperatur-unter-der-zunge", "leaf": true, "selectable": true}, {"id": "e1842c77-a1f4-4902-b8da-f5a9fcfa757e", "name": "SD_MII_ICU_Koerpertemperatur_Leiste", "display": "SD MII ICU Koerpertemperatur Leiste", "module": "modul-icu", "url": "https://www.medizininformatik-initiative.de/fhir/ext/modul-icu/StructureDefinition/koerpertemperatur-leiste", "leaf": true, "selectable": true}, {"id": "1fe75008-ccf1-4533-ab7a-e355edc84d17", "name": "SD_MII_ICU_Koerpertemperatur_Nasen_Rachen_Raum", "display": "SD MII ICU Koerpertemperatur Nasen-Rachen-Raum", "module": "modul-icu", "url": "https://www.medizininformatik-initiative.de/fhir/ext/modul-icu/StructureDefinition/koerpertemperatur-nasen-rachen-raum", "leaf": true, "selectable": true}, {"id": "3684b248-b5c7-4615-912f-efb4faeb9117", "name": "SD_MII_ICU_Koerpertemperatur_Speiseroehre", "display": "SD MII ICU Koerpertemperatur Speiseroehre", "module": "modul-icu", "url": "https://www.medizininformatik-initiative.de/fhir/ext/modul-icu/StructureDefinition/koerpertemperatur-speiseroehre", "leaf": true, "selectable": true}, {"id": "90c4c254-5906-4610-bc6f-3f244c0c9df0", "name": "SD_MII_ICU_Koerpertemperatur_Stirn", "display": "SD MII ICU Koerpertemperatur Stirn", "module": "modul-icu", "url": "https://www.medizininformatik-initiative.de/fhir/ext/modul-icu/StructureDefinition/koerpertemperatur-stirn", "leaf": true, "selectable": true}, {"id": "86d381b5-1ef4-4ea1-a42a-f8582578cb3e", "name": "SD_MII_ICU_Koerpertemperatur_Achsel", "display": "SD MII ICU Koerpertemperatur Achsel", "module": "modul-icu", "url": "https://www.medizininformatik-initiative.de/fhir/ext/modul-icu/StructureDefinition/koerpertemperatur-achsel", "leaf": true, "selectable": true}, {"id": "6877aaa6-c760-4d96-a7f8-6d1102f358b5", "name": "SD_MII_ICU_Koerpertemperatur_Halswirbelsaeule", "display": "SD MII ICU Koerpertemperatur Halswirbelsaeule", "module": "modul-icu", "url": "https://www.medizininformatik-initiative.de/fhir/ext/modul-icu/StructureDefinition/koerpertemperatur-halswirbelsaeule", "leaf": true, "selectable": true}, {"id": "56e13e2f-7a21-41e6-89ee-9f075d0f0721", "name": "SD_MII_ICU_Koerpertemperatur_Kern", "display": "SD MII ICU Koerpertemperatur Kern", "module": "modul-icu", "url": "https://www.medizininformatik-initiative.de/fhir/ext/modul-icu/StructureDefinition/koerpertemperatur-kern", "leaf": true, "selectable": true}, {"id": "484598e4-df06-481c-8b86-9aa07d756a49", "name": "SD_MII_ICU_Koerpertemperatur_Atemwege", "display": "SD MII ICU Koerpertemperatur Atemwege", "module": "modul-icu", "url": "https://www.medizininformatik-initiative.de/fhir/ext/modul-icu/StructureDefinition/koerpertemperatur-atemwege", "leaf": true, "selectable": true}, {"id": "9cddeb0d-0194-4601-abc2-0bd21ad50062", "name": "SD_MII_ICU_Koerpertemperatur_Blut", "display": "SD MII ICU Koerpertemperatur Blut", "module": "modul-icu", "url": "https://www.medizininformatik-initiative.de/fhir/ext/modul-icu/StructureDefinition/koerpertemperatur-blut", "leaf": true, "selectable": true}, {"id": "82417a6f-edc7-483a-8c1a-3f399ceefb8f", "name": "SD_MII_ICU_Koerpertemperatur_Brustwirbelsaeule", "display": "SD MII ICU Koerpertemperatur Brustwirbelsaeule", "module": "modul-icu", "url": "https://www.medizininformatik-initiative.de/fhir/ext/modul-icu/StructureDefinition/koerpertemperatur-brustwirbelsaeule", "leaf": true, "selectable": true}, {"id": "4491eef6-c9ec-4677-9f5b-c913666a70b2", "name": "SD_MII_ICU_Koerpertemperatur_Harnblase", "display": "SD MII ICU Koerpertemperatur Harnblase", "module": "modul-icu", "url": "https://www.medizininformatik-initiative.de/fhir/ext/modul-icu/StructureDefinition/koerpertemperatur-harnblase", "leaf": true, "selectable": true}]}, {"id": "bf5c83b9-41fc-451f-83e7-7cf87713508e", "name": "SD_MII_ICU_Linksventrikulaeres_Schlagvolumenindex", "display": "SD MII ICU Linksventrikulaeres Schlagvolumenindex", "module": "modul-icu", "url": "https://www.medizininformatik-initiative.de/fhir/ext/modul-icu/StructureDefinition/linksventrikulaeres-schlagvolumenindex", "leaf": true, "selectable": true}, {"id": "05c3319a-7a83-466f-b623-61b463e14f5e", "name": "SD_MII_ICU_Linksventrikulaerer_Herzindex", "display": "SD MII ICU Linksventrikulaerer Herzindex", "module": "modul-icu", "url": "https://www.medizininformatik-initiative.de/fhir/ext/modul-icu/StructureDefinition/linksventrikulaerer-herzindex", "leaf": true, "selectable": true}, {"id": "c34dc9dd-8c56-4ff7-b4c5-4b80c4463ae5", "name": "SD_MII_ICU_Pulmonalarterieller_Wedge_Druck", "display": "SD MII ICU Pulmonalarterieller Wedge Druck", "module": "modul-icu", "url": "https://www.medizininformatik-initiative.de/fhir/ext/modul-icu/StructureDefinition/pulmonalarterieller-wedge-druck", "leaf": true, "selectable": true}, {"id": "63daf056-ba87-4555-bcd8-4f0fa024f4ca", "name": "SD_MII_ICU_Sauerstoffsaettigung_Im_Arteriellen_Blut_Durch_Pulsoxymetrie", "display": "SD MII ICU Sauerstoffsaettigung Im Arteriellen Blut Durch Pulsoxymetrie", "module": "modul-icu", "url": "https://www.medizininformatik-initiative.de/fhir/ext/modul-icu/StructureDefinition/sauerstoffsaettigung-im-arteriellen-blut-durch-pulsoxymetrie", "leaf": true, "selectable": true}, {"id": "00a95ee7-29ae-4673-8ebd-9be7b251deef", "name": "SD_MII_ICU_Sauerstoffsaettigung_Im_Blut_Postduktal_Durch_Pulsoxymetrie", "display": "SD MII ICU Sauerstoffsaettigung Im Blut Postduktal Durch Pulsoxymetrie", "module": "modul-icu", "url": "https://www.medizininformatik-initiative.de/fhir/ext/modul-icu/StructureDefinition/sauerstoffsaettigung-im-blut-postduktal-durch-pulsoxymetrie", "leaf": true, "selectable": true}, {"id": "516ac884-9196-4904-81cb-16fb466e65a0", "name": "SD_MII_ICU_Linksventrikulaerer_Herzindex_Durch_Indikatorverduennung", "display": "SD MII ICU Linksventrikulaerer Herzindex durch Indikatorverduennung", "module": "modul-icu", "url": "https://www.medizininformatik-initiative.de/fhir/ext/modul-icu/StructureDefinition/linksventrikulaerer-herzindex-durch-indikatorverduennung", "leaf": true, "selectable": true}, {"id": "8f695396-84f0-4565-b163-c35acc605ef9", "name": "SD_MII_ICU_Linksventrikulaerer_Schlagvolumenindex_Durch_Indikatorverduennung", "display": "SD MII ICU Linksventrikulaerer Schlagvolumenindex Durch Indikatorverduennung", "module": "modul-icu", "url": "https://www.medizininformatik-initiative.de/fhir/ext/modul-icu/StructureDefinition/linksventrikulaerer-schlagvolumenindex-durch-indikatorverduennung", "leaf": true, "selectable": true}, {"id": "4fa28f04-43f2-4ce1-b2e9-b28b7ad52dc0", "name": "SD_MII_ICU_Herzfrequenz", "display": "SD MII ICU Herzfrequenz", "module": "modul-icu", "url": "https://www.medizininformatik-initiative.de/fhir/ext/modul-icu/StructureDefinition/herzfrequenz", "leaf": true, "selectable": true}, {"id": "288f1108-cedd-43f3-b2e3-06c9772c8845", "name": "SD_MII_ICU_Systemischer_Vaskulaerer_Widerstandsindex", "display": "SD MII ICU Systemischer Vaskulaerer Widerstandsindex", "module": "modul-icu", "url": "https://www.medizininformatik-initiative.de/fhir/ext/modul-icu/StructureDefinition/systemischer-vaskulaerer-widerstandsindex", "leaf": true, "selectable": true}, {"id": "2ba46dfc-88ba-4f81-89d0-61649508b5de", "name": "SD_MII_ICU_Puls", "display": "SD MII ICU Puls", "module": "modul-icu", "url": "https://www.medizininformatik-initiative.de/fhir/ext/modul-icu/StructureDefinition/puls", "leaf": true, "selectable": true}, {"id": "3a4fbae3-cd2f-4f52-95ff-57506edf9f3a", "name": "SD_MII_ICU_Linksventrikulaeres_Schlagvolumen_Durch_Indikatorverduennung", "display": "SD MII ICU Linksventrikulaeres Schlagvolumen Durch Indikatorverduennung", "module": "modul-icu", "url": "https://www.medizininformatik-initiative.de/fhir/ext/modul-icu/StructureDefinition/linksventrikulaeres-schlagvolumen-durch-indikatorverduennung", "leaf": true, "selectable": true}, {"id": "fe11d178-0c63-4a61-a2ab-5cdf6f34063b", "name": "SD_MII_ICU_Herzzeitvolumen", "display": "SD MII ICU Herzzeitvolumen", "module": "modul-icu", "url": "https://www.medizininformatik-initiative.de/fhir/ext/modul-icu/StructureDefinition/herzzeitvolumen", "leaf": true, "selectable": true}, {"id": "a44ed327-7689-41d2-a430-13e052c52d1d", "name": "SD_MII_ICU_Intrakranieller_Druck_Icp", "display": "SD MII ICU Intrakranieller Druck ICP", "module": "modul-icu", "url": "https://www.medizininformatik-initiative.de/fhir/ext/modul-icu/StructureDefinition/intrakranieller-druck-icp", "leaf": true, "selectable": true}, {"id": "0b71111c-71ff-40a3-8899-56eac83f05de", "name": "SD_MII_ICU_Koerpergewicht_Percentil_Altersabhaengig", "display": "SD MII ICU Koerpergewicht Percentil Altersabhaengig", "module": "modul-icu", "url": "https://www.medizininformatik-initiative.de/fhir/ext/modul-icu/StructureDefinition/koerpergewicht-percentil-altersabhaengig", "leaf": true, "selectable": true}, {"id": "6da9a233-970b-4f09-92b6-458e4f34d98c", "name": "SD_MII_ICU_Zentralvenoeser_Blutdruck", "display": "SD MII ICU Zentralvenoeser Blutdruck", "module": "modul-icu", "url": "https://www.medizininformatik-initiative.de/fhir/ext/modul-icu/StructureDefinition/zentralvenoeser-blutdruck", "leaf": true, "selectable": true}, {"id": "a717d35a-be4c-4f6e-a09e-c81258311ff1", "name": "SD_MII_ICU_Ideales_Koerpergewicht", "display": "SD MII ICU Ideales Koerpergewicht", "module": "modul-icu", "url": "https://www.medizininformatik-initiative.de/fhir/ext/modul-icu/StructureDefinition/ideales-koerpergewicht", "leaf": true, "selectable": true}, {"id": "4d9c77c0-dcea-4d01-9b4a-539fd77c8a82", "name": "SD_MII_ICU_Koerpergroesse_Percentil", "display": "SD MII ICU Koerpergroesse Percentil", "module": "modul-icu", "url": "https://www.medizininformatik-initiative.de/fhir/ext/modul-icu/StructureDefinition/koerpergroesse-percentil", "leaf": true, "selectable": true}, {"id": "7ea1f059-33a5-4883-85df-5b2dc598e7de", "name": "SD_MII_ICU_Pulmonalvaskulaerer_Widerstandsindex", "display": "SD MII ICU Pulmonalvaskulaerer Widerstandsindex", "module": "modul-icu", "url": "https://www.medizininformatik-initiative.de/fhir/ext/modul-icu/StructureDefinition/pulmonalvaskulaerer-widerstandsindex", "leaf": true, "selectable": true}, {"id": "83af7427-d28e-4d56-9573-4202bb887270", "name": "SD_MII_ICU_Linksventrikulaeres_Schlagvolumen", "display": "SD MII ICU Linksventrikulaeres Schlagvolumen", "module": "modul-icu", "url": "https://www.medizininformatik-initiative.de/fhir/ext/modul-icu/StructureDefinition/linksventrikulaeres-schlagvolumen", "leaf": true, "selectable": true}]}, {"id": "c3b05fa2-6403-49d7-bd86-3e7f2dff693e", "name": "SD_MII_ICU_Sonstige_Pulsatile_Druecke_Generisch", "display": "SD MII ICU Sonstige pulsatile Druecke Generisch", "module": "modul-icu", "url": "https://www.medizininformatik-initiative.de/fhir/ext/modul-icu/StructureDefinition/sonstige-pulsatile-druecke-generisch", "leaf": false, "selectable": false, "children": [{"id": "cebe881a-a5cd-4d69-b7ac-2a22dfb59e58", "name": "SD_MII_ICU_Linksventrikulaerer_Druck", "display": "SD MII ICU Linksventrikulaerer Druck", "module": "modul-icu", "url": "https://www.medizininformatik-initiative.de/fhir/ext/modul-icu/StructureDefinition/linksventrikulaerer-druck", "leaf": true, "selectable": true}, {"id": "3088eb61-981a-4a1a-84df-6732607d1f77", "name": "SD_MII_ICU_Linksatrialer_Druck", "display": "SD MII ICU Linksatrialer Druck", "module": "modul-icu", "url": "https://www.medizininformatik-initiative.de/fhir/ext/modul-icu/StructureDefinition/linksatrialer-druck", "leaf": true, "selectable": true}, {"id": "47b9950d-9985-4a5b-ad72-6b6c042ec462", "name": "SD_MII_ICU_Rechtsatrialer_Druck", "display": "SD MII ICU Rechtsatrialer Druck", "module": "modul-icu", "url": "https://www.medizininformatik-initiative.de/fhir/ext/modul-icu/StructureDefinition/rechtsatrialer-druck", "leaf": true, "selectable": true}, {"id": "c9009f4c-088a-42b8-8d2c-f022fbb8caeb", "name": "SD_MII_ICU_Rechtsventrikulaerer_Druck", "display": "SD MII ICU Rechtsventrikulaerer Druck", "module": "modul-icu", "url": "https://www.medizininformatik-initiative.de/fhir/ext/modul-icu/StructureDefinition/rechtsventrikulaerer-druck", "leaf": true, "selectable": true}, {"id": "49b2cc2d-a2bf-456b-bb3f-889423042596", "name": "SD_MII_ICU_Pulmonalarterieller_Blutdruck", "display": "SD MII ICU Pulmonalarterieller Blutdruck", "module": "modul-icu", "url": "https://www.medizininformatik-initiative.de/fhir/ext/modul-icu/StructureDefinition/pulmonalarterieller-blutdruck", "leaf": true, "selectable": true}]}, {"id": "63888045-704f-455f-9500-75c34d37705a", "name": "SD_MII_ICU_Parameter_Von_Beatmung", "display": "SD MII ICU Parameter von Beatmung", "module": "modul-icu", "url": "https://www.medizininformatik-initiative.de/fhir/ext/modul-icu/StructureDefinition/parameter-von-beatmung", "leaf": false, "selectable": false, "children": [{"id": "30cbee24-a46a-42a4-9da4-58e4748a0932", "name": "SD_MII_ICU_Maximaler_Beatmungsdruck", "display": "SD MII ICU Maximaler Beatmungsdruck", "module": "modul-icu", "url": "https://www.medizininformatik-initiative.de/fhir/ext/modul-icu/StructureDefinition/maximaler-beatmungsdruck", "leaf": true, "selectable": true}, {"id": "08daa51f-564b-41b3-bfae-adfc1d720d01", "name": "SD_MII_ICU_Beatmungszeit_Hohem_Druck", "display": "SD MII ICU Beatmungszeit Hohem Druck", "module": "modul-icu", "url": "https://www.medizininformatik-initiative.de/fhir/ext/modul-icu/StructureDefinition/beatmungszeit-hohem-druck", "leaf": true, "selectable": true}, {"id": "40763a63-630e-425a-898a-b1c318ed4826", "name": "SD_MII_ICU_Atemzugvolumen_Einstellung", "display": "SD MII ICU Atemzugvolumen Einstellung", "module": "modul-icu", "url": "https://www.medizininformatik-initiative.de/fhir/ext/modul-icu/StructureDefinition/atemzugvolumen-einstellung", "leaf": true, "selectable": true}, {"id": "680823fb-7e9d-44a0-a16a-bf52ff03bf73", "name": "SD_MII_ICU_Einstellung_Einatmungszeit_Beatmung", "display": "SD MII ICU Einstellung Einatmungszeit Beatmung", "module": "modul-icu", "url": "https://www.medizininformatik-initiative.de/fhir/ext/modul-icu/StructureDefinition/einstellung-einatmungszeit-beatmung", "leaf": true, "selectable": true}, {"id": "636780a1-920a-4b4b-b95a-6df3692d9542", "name": "SD_MII_ICU_Inspiratorischer_Gasfluss", "display": "SD MII ICU Inspiratorischer Gasfluss", "module": "modul-icu", "url": "https://www.medizininformatik-initiative.de/fhir/ext/modul-icu/StructureDefinition/inspiratorischer-gasfluss", "leaf": true, "selectable": true}, {"id": "b9d0605d-81e8-4069-b97b-26795f5e6d47", "name": "SD_MII_ICU_Spontane_Atemfrequenz_Beatmet", "display": "SD MII ICU Spontane Atemfrequenz Beatmet", "module": "modul-icu", "url": "https://www.medizininformatik-initiative.de/fhir/ext/modul-icu/StructureDefinition/spontane-atemfrequenz-beatmet", "leaf": true, "selectable": true}, {"id": "7799296a-8201-4a74-b601-c2879278aae3", "name": "SD_MII_ICU_Mittlerer_Beatmungsdruck", "display": "SD MII ICU Mittlerer Beatmungsdruck", "module": "modul-icu", "url": "https://www.medizininformatik-initiative.de/fhir/ext/modul-icu/StructureDefinition/mittlerer-beatmungsdruck", "leaf": true, "selectable": true}, {"id": "1d3ad403-d822-4192-aed2-fa072b7b07cd", "name": "SD_MII_ICU_Atemwegsdruck_Bei_Mittlerem_Expiratorischem_Gasfluss", "display": "SD MII ICU Atemwegsdruck Bei Mittlerem Expiratorischem Gasfluss", "module": "modul-icu", "url": "https://www.medizininformatik-initiative.de/fhir/ext/modul-icu/StructureDefinition/atemwegsdruck-bei-mittlerem-expiratorischem-gasfluss", "leaf": true, "selectable": true}, {"id": "72f71b74-13d1-4260-b481-c909ca4f9468", "name": "SD_MII_ICU_Zeitverhaeltnis_Ein_Ausatmung", "display": "SD MII ICU Zeitverhaeltnis Ein Ausatmung", "module": "modul-icu", "url": "https://www.medizininformatik-initiative.de/fhir/ext/modul-icu/StructureDefinition/zeitverhaeltnis-ein-ausatmung", "leaf": true, "selectable": true}, {"id": "a6317300-3394-4b2c-8e29-25a49db63c41", "name": "SD_MII_ICU_Spontanes_Atemzugvolumen", "display": "SD MII ICU Spontanes Atemzugvolumen", "module": "modul-icu", "url": "https://www.medizininformatik-initiative.de/fhir/ext/modul-icu/StructureDefinition/spontanes-atemzugvolumen", "leaf": true, "selectable": true}, {"id": "df5181f6-2069-480f-a933-6d1db48bbd74", "name": "SD_MII_ICU_Beatmungszeit_Niedrigem_Druck", "display": "SD MII ICU Beatmungszeit Niedrigem Druck", "module": "modul-icu", "url": "https://www.medizininformatik-initiative.de/fhir/ext/modul-icu/StructureDefinition/beatmungszeit-niedrigem-druck", "leaf": true, "selectable": true}, {"id": "bf0d9274-af1c-4b62-875e-ebd6c5203fa1", "name": "SD_MII_ICU_Atemzugvolumen_Waehrend_Beatmung", "display": "SD MII ICU Atemzugvolumen Waehrend Beatmung", "module": "modul-icu", "url": "https://www.medizininformatik-initiative.de/fhir/ext/modul-icu/StructureDefinition/atemzugvolumen-waehrend-beatmung", "leaf": true, "selectable": true}, {"id": "99d51926-a24d-48e2-bd9d-b40d8ceecccb", "name": "SD_MII_ICU_Eingestellter_Inspiratorischer_Gasfluss", "display": "SD MII ICU Eingestellter Inspiratorischer Gasfluss", "module": "modul-icu", "url": "https://www.medizininformatik-initiative.de/fhir/ext/modul-icu/StructureDefinition/eingestellter-inspiratorischer-gasfluss", "leaf": true, "selectable": true}, {"id": "c735db8d-057b-4e51-8d2e-9a51f9b62f86", "name": "SD_MII_ICU_Druckdifferenz_Beatmung", "display": "SD MII ICU Druckdifferenz Beatmung", "module": "modul-icu", "url": "https://www.medizininformatik-initiative.de/fhir/ext/modul-icu/StructureDefinition/druckdifferenz-beatmung", "leaf": true, "selectable": true}, {"id": "93ae8133-dc4e-43ab-8a41-99088565aca9", "name": "SD_MII_ICU_Endexpiratorischer_Kohlendioxidpartialdruck", "display": "SD MII ICU Endexpiratorischer Kohlendioxidpartialdruck", "module": "modul-icu", "url": "https://www.medizininformatik-initiative.de/fhir/ext/modul-icu/StructureDefinition/endexpiratorischer-kohlendioxidpartialdruck", "leaf": true, "selectable": true}, {"id": "281d9ea1-ded0-4688-a457-4e8a2a14be49", "name": "SD_MII_ICU_Inspiratorische_Sauerstofffraktion_Gemessen", "display": "SD MII ICU Inspiratorische Sauerstofffraktion Gemessen", "module": "modul-icu", "url": "https://www.medizininformatik-initiative.de/fhir/ext/modul-icu/StructureDefinition/inspiratorische-sauerstofffraktion-gemessen", "leaf": true, "selectable": true}, {"id": "55b6fa42-73a4-4aa3-a881-3762aa4beec2", "name": "SD_MII_ICU_Beatmungsvolumen_Pro_Minute_Maschineller_Beatmung", "display": "SD MII ICU Beatmungsvolumen Pro Minute Maschineller Beatmung", "module": "modul-icu", "url": "https://www.medizininformatik-initiative.de/fhir/ext/modul-icu/StructureDefinition/beatmungsvolumen-pro-minute-maschineller-beatmung", "leaf": true, "selectable": true}, {"id": "8c45550a-7231-4030-8dd7-e4fa99f380f4", "name": "SD_MII_ICU_Spontane_Mechanische_Atemfrequenz_Beatmet", "display": "SD MII ICU Spontane Mechanische Atemfrequenz Beatmet", "module": "modul-icu", "url": "https://www.medizininformatik-initiative.de/fhir/ext/modul-icu/StructureDefinition/spontane-mechanische-atemfrequenz-beatmet", "leaf": true, "selectable": true}, {"id": "f0ccfd45-f480-4a51-a9ff-c9a19e88d4d1", "name": "SD_MII_ICU_Inspiratorische_Sauerstofffraktion_Eingestellt", "display": "SD MII ICU Inspiratorische Sauerstofffraktion Eingestellt", "module": "modul-icu", "url": "https://www.medizininformatik-initiative.de/fhir/ext/modul-icu/StructureDefinition/inspiratorische-sauerstofffraktion-eingestellt", "leaf": true, "selectable": true}, {"id": "d91818f0-6540-459f-931b-0f618979b24e", "name": "SD_MII_ICU_Horowitz_In_Arteriellem_Blut", "display": "SD MII ICU Horowitz In Arteriellem Blut", "module": "modul-icu", "url": "https://www.medizininformatik-initiative.de/fhir/ext/modul-icu/StructureDefinition/horowitz-in-arteriellem-blut", "leaf": true, "selectable": true}, {"id": "689a5d13-b868-431d-bdea-b7b83a3a4451", "name": "SD_MII_ICU_Exspiratorischer_Gasfluss", "display": "SD MII ICU Exspiratorischer Gasfluss", "module": "modul-icu", "url": "https://www.medizininformatik-initiative.de/fhir/ext/modul-icu/StructureDefinition/exspiratorischer-gasfluss", "leaf": true, "selectable": true}, {"id": "f690d3f7-523e-4d7a-af1c-5f8fdc9a5889", "name": "SD_MII_ICU_Mechanische_Atemfrequenz_Beatmet", "display": "SD MII ICU Mechanische Atemfrequenz Beatmet", "module": "modul-icu", "url": "https://www.medizininformatik-initiative.de/fhir/ext/modul-icu/StructureDefinition/mechanische-atemfrequenz-beatmet", "leaf": true, "selectable": true}, {"id": "ac9706f2-7fc0-4b62-bfc8-ba8e5c77d4f0", "name": "SD_MII_ICU_Exspiratorischer_Sauerstoffpartialdruck", "display": "SD MII ICU Exspiratorischer Sauerstoffpartialdruck", "module": "modul-icu", "url": "https://www.medizininformatik-initiative.de/fhir/ext/modul-icu/StructureDefinition/exspiratorischer-sauerstoffpartialdruck", "leaf": true, "selectable": true}, {"id": "a1fe7982-e65e-4e51-92e2-c67a7b9b5be3", "name": "SD_MII_ICU_Einstellung_Ausatmungszeit_Beatmung", "display": "SD MII ICU Einstellung Ausatmungszeit Beatmung", "module": "modul-icu", "url": "https://www.medizininformatik-initiative.de/fhir/ext/modul-icu/StructureDefinition/einstellung-ausatmungszeit-beatmung", "leaf": true, "selectable": true}, {"id": "4ea8e4b7-8eda-4e85-a7d7-1e891925521c", "name": "SD_MII_ICU_Atemwegsdruck_Bei_Null_Expiratorischem_Gasfluss", "display": "SD MII ICU Atemwegsdruck Bei Null Expiratorischem Gasfluss", "module": "modul-icu", "url": "https://www.medizininformatik-initiative.de/fhir/ext/modul-icu/StructureDefinition/atemwegsdruck-bei-null-expiratorischem-gasfluss", "leaf": true, "selectable": true}, {"id": "8ff19627-4047-466a-b1f5-29b0507d8776", "name": "SD_MII_ICU_Positiv_Endexpiratorischer_Druck", "display": "SD MII ICU Positiv Endexpiratorischer Druck", "module": "modul-icu", "url": "https://www.medizininformatik-initiative.de/fhir/ext/modul-icu/StructureDefinition/positiv-endexpiratorischer-druck", "leaf": true, "selectable": true}, {"id": "4098032f-e771-430e-b329-ee1978f68ddb", "name": "SD_MII_ICU_Spontanes_Mechanisches_Atemzugvolumen_Waehrend_Beatmung", "display": "SD MII ICU Spontanes Mechanisches Atemzugvolumen Waehrend Beatmung", "module": "modul-icu", "url": "https://www.medizininformatik-initiative.de/fhir/ext/modul-icu/StructureDefinition/spontanes-mechanisches-atemzugvolumen-waehrend-beatmung", "leaf": true, "selectable": true}, {"id": "6aef7f84-a60d-480f-85dc-51070ffbfb5f", "name": "SD_MII_ICU_Unterstuezungsdruck_Beatmung", "display": "SD MII ICU Unterstuezungsdruck Beatmung", "module": "modul-icu", "url": "https://www.medizininformatik-initiative.de/fhir/ext/modul-icu/StructureDefinition/unterstuetzungsdruck-beatmung", "leaf": true, "selectable": true}]}, {"id": "ef3fa727-bffe-4563-82aa-1da5f1bec874", "name": "SD_MII_ICU_Parameter_Von_Extrakorporalen_Verfahren", "display": "SD MII ICU Parameter von Extrakorporalen Verfahren", "module": "modul-icu", "url": "https://www.medizininformatik-initiative.de/fhir/ext/modul-icu/StructureDefinition/parameter-von-extrakorporalen-verfahren", "leaf": false, "selectable": false, "children": [{"id": "dd76f62f-ef7a-4576-b176-c776c19ea495", "name": "SD_MII_ICU_Venoeser_Druck", "display": "SD MII ICU Venoeser Druck", "module": "modul-icu", "url": "https://www.medizininformatik-initiative.de/fhir/ext/modul-icu/StructureDefinition/venoeser-druck", "leaf": true, "selectable": true}, {"id": "377b9c02-4b5e-4f2a-9021-6ea9b6ce5901", "name": "SD_MII_ICU_Substituatvolumen", "display": "SD MII ICU Substituatvolumen", "module": "modul-icu", "url": "https://www.medizininformatik-initiative.de/fhir/ext/modul-icu/StructureDefinition/substituatvolumen", "leaf": true, "selectable": true}, {"id": "a6c08aa6-bfaa-46c9-871b-c7d079b3650c", "name": "SD_MII_ICU_Sauerstoffgasfluss", "display": "SD MII ICU Sauerstoffgasfluss", "module": "modul-icu", "url": "https://www.medizininformatik-initiative.de/fhir/ext/modul-icu/StructureDefinition/sauerstoffgasfluss", "leaf": true, "selectable": true}, {"id": "03276624-72fa-44f8-aad5-16f6bd46a3fe", "name": "SD_MII_ICU_Dauer_Extrakorporaler_Gasaustausch", "display": "SD MII ICU Dauer Extrakorporaler Gasaustausch", "module": "modul-icu", "url": "https://www.medizininformatik-initiative.de/fhir/ext/modul-icu/StructureDefinition/dauer-extrakorporaler-gasaustausch", "leaf": true, "selectable": true}, {"id": "a85bb8f4-3db2-459d-8220-cb456dbc69d2", "name": "SD_MII_ICU_Blutfluss_Extrakorporaler_Gasaustausch", "display": "SD MII ICU Blutfluss Extrakorporaler Gasaustausch", "module": "modul-icu", "url": "https://www.medizininformatik-initiative.de/fhir/ext/modul-icu/StructureDefinition/blutfluss-extrakorporaler-gasaustausch", "leaf": true, "selectable": true}, {"id": "208c3712-dfaf-4c5c-a007-71a6c9aca170", "name": "SD_MII_ICU_Haemodialyse_Blutfluss", "display": "SD MII ICU Haemodialyse Blutfluss", "module": "modul-icu", "url": "https://www.medizininformatik-initiative.de/fhir/ext/modul-icu/StructureDefinition/haemodialyse-blutfluss", "leaf": true, "selectable": true}, {"id": "362f6266-1e3b-4312-8639-57bb4f13236a", "name": "SD_MII_ICU_Blutfluss_Cardiovasculaeres_Geraet", "display": "SD MII ICU Blutfluss Cardiovasculaeres Geraet", "module": "modul-icu", "url": "https://www.medizininformatik-initiative.de/fhir/ext/modul-icu/StructureDefinition/blutfluss-cardiovasculaeres-geraet", "leaf": true, "selectable": true}, {"id": "a61047cf-308d-4a0a-8d93-e7654d29b45d", "name": "SD_MII_ICU_Ionisiertes_Kalzium_Nierenersatzverfahren", "display": "SD MII ICU Ionisiertes Kalzium Nierenersatzverfahren", "module": "modul-icu", "url": "https://www.medizininformatik-initiative.de/fhir/ext/modul-icu/StructureDefinition/ionisiertes-kalzium-nierenersatzverfahren", "leaf": true, "selectable": true}, {"id": "6b213fca-9221-45b2-8191-f9a701610256", "name": "SD_MII_ICU_Dauer_Haemodialysesitzung", "display": "SD MII ICU Dauer Haemodialysesitzung", "module": "modul-icu", "url": "https://www.medizininformatik-initiative.de/fhir/ext/modul-icu/StructureDefinition/dauer-haemodialysesitzung", "leaf": true, "selectable": true}, {"id": "a26dbfa7-5bc7-45bb-9da5-75e84e859e0e", "name": "SD_MII_ICU_Arterieller_Druck", "display": "SD MII ICU Arterieller Druck", "module": "modul-icu", "url": "https://www.medizininformatik-initiative.de/fhir/ext/modul-icu/StructureDefinition/arterieller-druck", "leaf": true, "selectable": true}, {"id": "54a9d4d7-a39e-4bae-a678-b260c14378f6", "name": "SD_MII_ICU_Blutflussindex_Extrakorporaler_Gasaustausch", "display": "SD MII ICU Blutflussindex Extrakorporaler Gasaustausch", "module": "modul-icu", "url": "https://www.medizininformatik-initiative.de/fhir/ext/modul-icu/StructureDefinition/blutflussindex-extrakorporaler-gasaustausch", "leaf": true, "selectable": true}, {"id": "c3c9e5a3-cdda-4bad-a1fe-63e7f658d585", "name": "SD_MII_ICU_Substituatfluss", "display": "SD MII ICU Substituatfluss", "module": "modul-icu", "url": "https://www.medizininformatik-initiative.de/fhir/ext/modul-icu/StructureDefinition/substituatfluss", "leaf": true, "selectable": true}]}, {"id": "d0e2f08f-4c7a-4dec-859c-6eb8e2b491bc", "name": "SD_MII_ICU_Icu_Device", "display": "SD MII ICU ICU Device", "module": "modul-icu", "url": "https://www.medizininformatik-initiative.de/fhir/ext/modul-icu/StructureDefinition/icu-device", "leaf": true, "selectable": true}, {"id": "86f3c2de-69e6-4f57-841c-ce9767306bc7", "name": "SD_MII_ICU_Devicemetric_Eingestellte_Gemessene_Parameter_Extrakorporale_Verfahren", "display": "SD MII ICU DeviceMetric Eingestellte Gemessene Parameter Extrakorporale Verfahren", "module": "modul-icu", "url": "https://www.medizininformatik-initiative.de/fhir/ext/modul-icu/StructureDefinition/devicemetric-eingestellte-gemessene-parameter-extrakorporale-verfahren", "leaf": true, "selectable": true}]}, {"id": "6e7ea4e1-ec11-4d67-a1fb-396aaad69eba", "name": "modul-molgen", "display": "Molgen", "url": "modul-molgen", "module": "modul-molgen", "selectable": false, "leaf": false, "children": [{"id": "96ed9ce3-9554-45d2-885a-ec7707131b37", "name": "MII_PR_MolGen_Genotyp", "display": "MII PR MolGen Genotyp", "module": "modul-molgen", "url": "https://www.medizininformatik-initiative.de/fhir/ext/modul-molgen/StructureDefinition/genotyp", "leaf": true, "selectable": true}, {"id": "6d94ae0b-aa2f-47a9-90c7-9148c15f96bd", "name": "MII_PR_MolGen_Medikationsempfehlung", "display": "MII PR MolGen Medikationsempfehlung", "module": "modul-molgen", "url": "https://www.medizininformatik-initiative.de/fhir/ext/modul-molgen/StructureDefinition/medikationsempfehlung", "leaf": true, "selectable": true}, {"id": "360114c6-93ec-40ce-9556-508ef96cede8", "name": "MII_PR_MolGen_EmpfohleneFolgemassnahme", "display": "MII PR MolGen Empfohlene Folgema\u00dfnahme", "module": "modul-molgen", "url": "https://www.medizininformatik-initiative.de/fhir/ext/modul-molgen/StructureDefinition/empfohlene-folgemassnahme", "leaf": true, "selectable": true}, {"id": "5a4f788c-8ad6-4ee0-b091-6909cbb6c6b0", "name": "MII_PR_MolGen_Familienanamnese", "display": "MII PR MolGen Familienanamnese", "module": "modul-molgen", "url": "https://www.medizininformatik-initiative.de/fhir/ext/modul-molgen/StructureDefinition/familienanamnese", "leaf": true, "selectable": true}, {"id": "93ddbf16-58ac-4859-9e49-2af5595ba30a", "name": "MII_PR_MolGen_ErgebnisZusammenfassung", "display": "MII PR MolGen Ergebnis Zusammenfassung", "module": "modul-molgen", "url": "https://www.medizininformatik-initiative.de/fhir/ext/modul-molgen/StructureDefinition/ergebnis-zusammenfassung", "leaf": true, "selectable": true}, {"id": "1422e86d-9c27-42bd-870f-583c06d0e303", "name": "MII_PR_MolGen_MolekulargenetischerBefundbericht", "display": "MII PR MolGen Molekulargenetischer Befundbericht", "module": "modul-molgen", "url": "https://www.medizininformatik-initiative.de/fhir/ext/modul-molgen/StructureDefinition/molekulargenetischer-befundbericht", "leaf": true, "selectable": true}, {"id": "6c3fad0b-16d0-4a70-bb75-2ad936fd047d", "name": "MII_PR_MolGen_DiagnostischeImplikation", "display": "MII PR MolGen Diagnostische Implikation", "module": "modul-molgen", "url": "https://www.medizininformatik-initiative.de/fhir/ext/modul-molgen/StructureDefinition/diagnostische-implikation", "leaf": true, "selectable": true}, {"id": "c832b248-382c-4c8d-bfb9-13593d527acc", "name": "MII_PR_MolGen_AnforderungGenetischerTest", "display": "MII PR MolGen Anforderung genetischer Test", "module": "modul-molgen", "url": "https://www.medizininformatik-initiative.de/fhir/ext/modul-molgen/StructureDefinition/anforderung-genetischer-test", "leaf": true, "selectable": true}, {"id": "a773aef1-4d8b-4015-bb88-301b7b40746b", "name": "MII_PR_MolGen_Mikrosatelliteninstabilitaet", "display": "MII PR MolGen Mikrosatelliteninstabilit\u00e4t", "module": "modul-molgen", "url": "https://www.medizininformatik-initiative.de/fhir/ext/modul-molgen/StructureDefinition/mikrosatelliteninstabilitaet", "leaf": true, "selectable": true}, {"id": "b78a6a7c-2872-48dc-a160-636f416e178f", "name": "MII_PR_MolGen_Mutationslast", "display": "MII PR MolGen Mutationslast", "module": "modul-molgen", "url": "https://www.medizininformatik-initiative.de/fhir/ext/modul-molgen/StructureDefinition/mutationslast", "leaf": true, "selectable": true}, {"id": "626b0f14-c8ff-4f63-b4fa-d1f0ad364086", "name": "MII_PR_MolGen_Variante", "display": "MII PR MolGen Variante", "module": "modul-molgen", "url": "https://www.medizininformatik-initiative.de/fhir/ext/modul-molgen/StructureDefinition/variante", "leaf": true, "selectable": true}, {"id": "79360e6f-fa8a-4909-8020-78dd7700f309", "name": "MII_PR_MolGen_TherapeutischeImplikation", "display": "MII PR MolGen Therapeutische Implikation", "module": "modul-molgen", "url": "https://www.medizininformatik-initiative.de/fhir/ext/modul-molgen/StructureDefinition/therapeutische-implikation", "leaf": true, "selectable": true}, {"id": "826335cb-e8f2-4022-9a46-17bbeecd9826", "name": "MII_PR_MolGen_UntersuchteRegion", "display": "MII PR MolGen Untersuchte Region", "module": "modul-molgen", "url": "https://www.medizininformatik-initiative.de/fhir/ext/modul-molgen/StructureDefinition/untersuchte-region", "leaf": true, "selectable": true}, {"id": "db4a072d-bf75-4d44-8cea-4f6ddfdc8afe", "name": "MII_PR_MolGen_PolygenerRisikoScore", "display": "MII PR MolGen Polygener Risiko Score", "module": "modul-molgen", "url": "https://www.medizininformatik-initiative.de/fhir/ext/modul-molgen/StructureDefinition/polygener-risiko-score", "leaf": true, "selectable": true}]}, {"id": "5a1282f4-9ca0-42f9-87a5-ff0a0dbd148e", "name": "modul-labor", "display": "Labor", "url": "modul-labor", "module": "modul-labor", "selectable": false, "leaf": false, "children": [{"id": "bec3edce-94f9-44db-9f34-007c0ff93eda", "name": "ProfileObservationLaboruntersuchung", "display": "Profile - Observation - Laboruntersuchung", "module": "modul-labor", "url": "https://www.medizininformatik-initiative.de/fhir/core/modul-labor/StructureDefinition/ObservationLab", "leaf": true, "selectable": true}, {"id": "8edbd0b6-4c7d-43c5-b183-3d7e8bcddbc2", "name": "ProfileServiceRequestLaboranforderung", "display": "Profile - ServiceRequest - Laboranforderung", "module": "modul-labor", "url": "https://www.medizininformatik-initiative.de/fhir/core/modul-labor/StructureDefinition/ServiceRequestLab", "leaf": true, "selectable": true}, {"id": "aa29c94f-0c88-45f3-89e0-5740ae63aec6", "name": "ProfileDiagnosticReportLaborbefund", "display": "Profile - DiagnosticReport - Laborbefund", "module": "modul-labor", "url": "https://www.medizininformatik-initiative.de/fhir/core/modul-labor/StructureDefinition/DiagnosticReportLab", "leaf": true, "selectable": true}]}], "selectable": false}