{"name": "Root", "module": "no-module", "url": "no-url", "children": [{"id": "10aad23c-aeda-4a1a-a4cc-b3db35d1bcdb", "name": "modul-medikation", "display": "Medikation", "url": "modul-medikation", "module": "modul-medikation", "selectable": false, "leaf": false, "children": [{"id": "cc7bc300-4419-45e6-af55-a6a4dd85069f", "name": "MII_PR_Medikation_MedicationStatement", "display": "MII PR Medikation MedicationStatement", "module": "modul-medikation", "url": "https://www.medizininformatik-initiative.de/fhir/core/modul-medikation/StructureDefinition/MedicationStatement", "leaf": true, "selectable": true}, {"id": "c68324b8-640f-4317-acff-5de767e3406e", "name": "MII_PR_Medikation_Medikationsliste", "display": "MII PR Medikation Medikationsliste", "module": "modul-medikation", "url": "https://www.medizininformatik-initiative.de/fhir/core/modul-medikation/StructureDefinition/medikationsliste", "leaf": true, "selectable": true}, {"id": "0c1707fd-14ba-425c-b151-50665fbf503a", "name": "MII_PR_Medikation_MedicationRequest", "display": "MII PR Medikation MedicationRequest", "module": "modul-medikation", "url": "https://www.medizininformatik-initiative.de/fhir/core/modul-medikation/StructureDefinition/MedicationRequest", "leaf": true, "selectable": true}, {"id": "c059be6b-50d2-4e1a-9cd2-12163716fee7", "name": "MII_PR_Medikation_Medication", "display": "MII PR Medikation Medication", "module": "modul-medikation", "url": "https://www.medizininformatik-initiative.de/fhir/core/modul-medikation/StructureDefinition/Medication", "leaf": true, "selectable": true}, {"id": "f4688301-15c0-47fa-95ba-565229874167", "name": "MII_PR_Medikation_MedicationAdministration", "display": "MII PR Medikation MedicationAdministration", "module": "modul-medikation", "url": "https://www.medizininformatik-initiative.de/fhir/core/modul-medikation/StructureDefinition/MedicationAdministration", "leaf": true, "selectable": true}]}, {"id": "0df7318f-b374-44bb-89ad-6a5b9db8f717", "name": "modul-consent", "display": "Consent", "url": "modul-consent", "module": "modul-consent", "selectable": false, "leaf": false, "children": [{"id": "67889390-ccaa-4b8c-9737-eb18cdf45bf5", "name": "ConsentManagementProvenance", "display": "Consent Management Provenance", "module": "http://fhir.de/ConsentManagement/StructureDefinition/Provenance", "url": "http://fhir.de/ConsentManagement/StructureDefinition/Provenance", "leaf": false, "selectable": false, "children": [{"id": "bf10b100-600f-4f25-a539-ea0ece0ace55", "name": "MII_PR_Consent_Provenance", "display": "Profile - MI-I - Consent - Provenance", "module": "modul-consent", "url": "https://www.medizininformatik-initiative.de/fhir/modul-consent/StructureDefinition/mii-pr-consent-provenance", "leaf": true, "selectable": true}]}, {"id": "ad2d5ef9-4eb3-431d-a266-ce28a2881e2b", "name": "MII_PR_Consent_Einwilligung", "display": "Profile - MI-I - Consent - Einwilligung", "module": "modul-consent", "url": "https://www.medizininformatik-initiative.de/fhir/modul-consent/StructureDefinition/mii-pr-consent-einwilligung", "leaf": true, "selectable": true}, {"id": "1d119834-9dae-486d-87e7-b08637446117", "name": "ConsentManagementDocumentReference", "display": "Consent Management DocumentReference", "module": "http://fhir.de/ConsentManagement/StructureDefinition/DocumentReference", "url": "http://fhir.de/ConsentManagement/StructureDefinition/DocumentReference", "leaf": false, "selectable": false, "children": [{"id": "3b027b2b-4d17-4960-9494-c12fe257083d", "name": "MII_PR_Consent_DocumentReference", "display": "Profile - MI-I - Consent - DocumentReference", "module": "modul-consent", "url": "https://www.medizininformatik-initiative.de/fhir/modul-consent/StructureDefinition/mii-pr-consent-documentreference", "leaf": true, "selectable": true}]}]}, {"id": "580b2a40-9b96-45ea-819a-06a35564581a", "name": "modul-biobank", "display": "Biobank", "url": "modul-biobank", "module": "modul-biobank", "selectable": false, "leaf": false, "children": [{"id": "fdd9b4f7-540c-4201-a9f9-cfda2d80e8df", "name": "ProfileSubstanceAdditiv", "display": "Profile - Substance - Additiv", "module": "modul-biobank", "url": "https://www.medizininformatik-initiative.de/fhir/ext/modul-biobank/StructureDefinition/Substance", "leaf": true, "selectable": true}, {"id": "542c94eb-ff02-4690-8a6e-09cfa0e16da2", "name": "ProfileOrganizationSammlungBiobank", "display": "Profile - Organization - Sammlung/Biobank", "module": "modul-biobank", "url": "https://www.medizininformatik-initiative.de/fhir/ext/modul-biobank/StructureDefinition/Organization", "leaf": true, "selectable": true}, {"id": "71527d78-9345-40fd-84df-cf9895e312b9", "name": "ProfileSpecimenBioprobeCore", "display": "Profile - Specimen - Bioprobe - Core", "module": "modul-biobank", "url": "https://www.medizininformatik-initiative.de/fhir/ext/modul-biobank/StructureDefinition/SpecimenCore", "leaf": false, "selectable": false, "children": [{"id": "afdc4c56-446a-488d-a60f-5cc274be2fd6", "name": "ProfileSpecimenBioprobe", "display": "Profile - Specimen - Bioprobe", "module": "modul-biobank", "url": "https://www.medizininformatik-initiative.de/fhir/ext/modul-biobank/StructureDefinition/Specimen", "leaf": true, "selectable": true}]}]}, {"id": "4eacb965-4ae2-4850-a0b0-46e93faffdcf", "name": "modul-prozedur", "display": "Prozedur", "url": "modul-prozedur", "module": "modul-prozedur", "selectable": false, "leaf": false, "children": [{"id": "e707f130-7125-49a1-8649-fcf8241cc3c4", "name": "MII_PR_Prozedur_Procedure", "display": "MII PR Prozedur Procedure", "module": "modul-prozedur", "url": "https://www.medizininformatik-initiative.de/fhir/core/modul-prozedur/StructureDefinition/Procedure", "leaf": true, "selectable": true}]}, {"id": "9aee81bc-7e3c-4275-9de2-715c5765ef03", "name": "modul-person", "display": "Person", "url": "modul-person", "module": "modul-person", "selectable": false, "leaf": false, "children": [{"id": "70eecd14-daeb-4c85-88ed-1897e9898c27", "name": "MII_PR_Person_Vitalstatus", "display": "MII PR Person Vitalstatus", "module": "modul-person", "url": "https://www.medizininformatik-initiative.de/fhir/core/modul-person/StructureDefinition/Vitalstatus", "leaf": true, "selectable": true}, {"id": "687d393c-3dc2-4d6d-875c-47a5ba85b6ef", "name": "MII_PR_Person_PatientPseudonymisiert", "display": "MII PR Person Patient (Pseudonymisiert)", "module": "modul-person", "url": "https://www.medizininformatik-initiative.de/fhir/core/modul-person/StructureDefinition/PatientPseudonymisiert", "leaf": true, "selectable": true}, {"id": "6c8f7a07-45e1-49f7-8e3d-d9f09db8c94e", "name": "MII_PR_Person_Proband", "display": "MII PR Person Proband", "module": "modul-person", "url": "https://www.medizininformatik-initiative.de/fhir/core/modul-person/StructureDefinition/ResearchSubject", "leaf": true, "selectable": true}, {"id": "191f472f-c10c-445e-a159-f090d0d6fad5", "name": "MII_PR_Person_Patient", "display": "MII PR Person Patient", "module": "modul-person", "url": "https://www.medizininformatik-initiative.de/fhir/core/modul-person/StructureDefinition/Patient", "leaf": true, "selectable": true}, {"id": "4782057a-da40-47dd-9acf-52f4e3df062b", "name": "MII_PR_Person_Todesursache", "display": "MII PR Person Todesursache", "module": "modul-person", "url": "https://www.medizininformatik-initiative.de/fhir/core/modul-person/StructureDefinition/Todesursache", "leaf": true, "selectable": true}]}, {"id": "2b0f6f09-1bed-4980-af47-dbf8e5a8884a", "name": "http://fhir.de/ConsentManagement/StructureDefinition/DocumentReference", "display": "http://fhir.de/ConsentManagement/StructureDefinition/DocumentReference", "url": "http://fhir.de/ConsentManagement/StructureDefinition/DocumentReference", "module": "http://fhir.de/ConsentManagement/StructureDefinition/DocumentReference", "selectable": false, "leaf": false, "children": [{"id": "f25e95e2-6f84-4f94-b239-e5cd4fa7d75c", "name": "ConsentManagementDocumentReference", "display": "Consent Management DocumentReference", "module": "http://fhir.de/ConsentManagement/StructureDefinition/DocumentReference", "url": "http://fhir.de/ConsentManagement/StructureDefinition/DocumentReference", "leaf": true, "selectable": true}]}, {"id": "ab42907d-1773-4a40-8fc3-3d57b2632226", "name": "http://fhir.de/ConsentManagement/StructureDefinition/TemplateFrame", "display": "http://fhir.de/ConsentManagement/StructureDefinition/TemplateFrame", "url": "http://fhir.de/ConsentManagement/StructureDefinition/TemplateFrame", "module": "http://fhir.de/ConsentManagement/StructureDefinition/TemplateFrame", "selectable": false, "leaf": false, "children": [{"id": "b32a6388-5b53-4f17-9eb5-b37c3bab525b", "name": "ConsentManagementTemplateFrame", "display": "Consent Management Template Frame", "module": "http://fhir.de/ConsentManagement/StructureDefinition/TemplateFrame", "url": "http://fhir.de/ConsentManagement/StructureDefinition/TemplateFrame", "leaf": true, "selectable": true}]}, {"id": "5c525095-0636-4798-b66b-701c2f26d89e", "name": "http://fhir.de/ConsentManagement/StructureDefinition/Consent", "display": "http://fhir.de/ConsentManagement/StructureDefinition/Consent", "url": "http://fhir.de/ConsentManagement/StructureDefinition/Consent", "module": "http://fhir.de/ConsentManagement/StructureDefinition/Consent", "selectable": false, "leaf": false, "children": [{"id": "98a8b5b7-b06a-457c-a08a-50a70e59a0af", "name": "ConsentManagementConsent", "display": "Consent Management: Consent", "module": "http://fhir.de/ConsentManagement/StructureDefinition/Consent", "url": "http://fhir.de/ConsentManagement/StructureDefinition/Consent", "leaf": true, "selectable": true}]}, {"id": "76a75fc3-f1e7-45f9-a845-b75085d9a829", "name": "http://fhir.de/ConsentManagement/StructureDefinition/TemplateModule", "display": "http://fhir.de/ConsentManagement/StructureDefinition/TemplateModule", "url": "http://fhir.de/ConsentManagement/StructureDefinition/TemplateModule", "module": "http://fhir.de/ConsentManagement/StructureDefinition/TemplateModule", "selectable": false, "leaf": false, "children": [{"id": "1857eb76-f06b-4d92-be1a-c6b005e3cc15", "name": "ConsentManagementTemplateModule", "display": "Consent Management Template Module", "module": "http://fhir.de/ConsentManagement/StructureDefinition/TemplateModule", "url": "http://fhir.de/ConsentManagement/StructureDefinition/TemplateModule", "leaf": true, "selectable": true}]}, {"id": "31860ad3-91c7-46c4-9b2d-6ace2e87ce3f", "name": "http://fhir.de/ConsentManagement/StructureDefinition/Domain/Organization", "display": "http://fhir.de/ConsentManagement/StructureDefinition/Domain/Organization", "url": "http://fhir.de/ConsentManagement/StructureDefinition/Domain/Organization", "module": "http://fhir.de/ConsentManagement/StructureDefinition/Domain/Organization", "selectable": false, "leaf": false, "children": [{"id": "cecf4006-c089-4ebb-ba64-7c826ad69027", "name": "ConsentManagementDomainOrganization", "display": "Consent Management Domain Organization", "module": "http://fhir.de/ConsentManagement/StructureDefinition/Domain/Organization", "url": "http://fhir.de/ConsentManagement/StructureDefinition/Domain/Organization", "leaf": true, "selectable": true}]}, {"id": "3617fea2-9b26-4a3d-a814-bda9158150e9", "name": "http://fhir.de/ConsentManagement/StructureDefinition/QuestionnaireComposed", "display": "http://fhir.de/ConsentManagement/StructureDefinition/QuestionnaireComposed", "url": "http://fhir.de/ConsentManagement/StructureDefinition/QuestionnaireComposed", "module": "http://fhir.de/ConsentManagement/StructureDefinition/QuestionnaireComposed", "selectable": false, "leaf": false, "children": [{"id": "29be3b7e-08f2-4a09-a30a-e4289fa93a54", "name": "ConsentManagementQuestionnaireComposed", "display": "Consent Management Questionnaire Composed", "module": "http://fhir.de/ConsentManagement/StructureDefinition/QuestionnaireComposed", "url": "http://fhir.de/ConsentManagement/StructureDefinition/QuestionnaireComposed", "leaf": true, "selectable": true}]}, {"id": "bfcdcf82-b086-41db-80b3-6a16991db8c3", "name": "http://fhir.de/ConsentManagement/StructureDefinition/Domain/ResearchStudy", "display": "http://fhir.de/ConsentManagement/StructureDefinition/Domain/ResearchStudy", "url": "http://fhir.de/ConsentManagement/StructureDefinition/Domain/ResearchStudy", "module": "http://fhir.de/ConsentManagement/StructureDefinition/Domain/ResearchStudy", "selectable": false, "leaf": false, "children": [{"id": "d2ccfd2a-8156-44c6-99f4-a3950dac0898", "name": "ConsentManagementDomainResearchStudy", "display": "Consent Management Domain Research Study", "module": "http://fhir.de/ConsentManagement/StructureDefinition/Domain/ResearchStudy", "url": "http://fhir.de/ConsentManagement/StructureDefinition/Domain/ResearchStudy", "leaf": true, "selectable": true}]}, {"id": "509f8d8b-d204-4aac-9e75-7fe0d01b19bc", "name": "http://fhir.de/ConsentManagement/StructureDefinition/QuestionnaireResponse", "display": "http://fhir.de/ConsentManagement/StructureDefinition/QuestionnaireResponse", "url": "http://fhir.de/ConsentManagement/StructureDefinition/QuestionnaireResponse", "module": "http://fhir.de/ConsentManagement/StructureDefinition/QuestionnaireResponse", "selectable": false, "leaf": false, "children": [{"id": "59d7012d-8da8-4867-a29c-9d4cb66efdb9", "name": "ConsentManagementQuestionnaireResponse", "display": "Consent Management QuestionnaireResponse", "module": "http://fhir.de/ConsentManagement/StructureDefinition/QuestionnaireResponse", "url": "http://fhir.de/ConsentManagement/StructureDefinition/QuestionnaireResponse", "leaf": true, "selectable": true}]}, {"id": "a5b8f983-209c-4cd4-98cb-c448a45fe68d", "name": "http://fhir.de/ConsentManagement/StructureDefinition/Provenance", "display": "http://fhir.de/ConsentManagement/StructureDefinition/Provenance", "url": "http://fhir.de/ConsentManagement/StructureDefinition/Provenance", "module": "http://fhir.de/ConsentManagement/StructureDefinition/Provenance", "selectable": false, "leaf": false, "children": [{"id": "726c2187-76c9-41a2-a9bc-ed9df3958f43", "name": "ConsentManagementProvenance", "display": "Consent Management Provenance", "module": "http://fhir.de/ConsentManagement/StructureDefinition/Provenance", "url": "http://fhir.de/ConsentManagement/StructureDefinition/Provenance", "leaf": true, "selectable": true}]}, {"id": "a4053cc6-c7e8-4361-8b4e-f42c3046d6a2", "name": "http://fhir.de/ConsentManagement/StructureDefinition/Patient", "display": "http://fhir.de/ConsentManagement/StructureDefinition/Patient", "url": "http://fhir.de/ConsentManagement/StructureDefinition/Patient", "module": "http://fhir.de/ConsentManagement/StructureDefinition/Patient", "selectable": false, "leaf": false, "children": [{"id": "342c8227-169d-4540-9e53-4c094b8789a1", "name": "ConsentManagementPatient", "display": "Consent Management: Patient", "module": "http://fhir.de/ConsentManagement/StructureDefinition/Patient", "url": "http://fhir.de/ConsentManagement/StructureDefinition/Patient", "leaf": true, "selectable": true}]}, {"id": "9c3e3011-486f-4ec9-a586-c4881afe0e96", "name": "modul-diagnose", "display": "Diagnose", "url": "modul-diagnose", "module": "modul-diagnose", "selectable": false, "leaf": false, "children": [{"id": "6d39da43-d8da-4540-91f3-646ea7d136c6", "name": "MII_PR_Diagnose_Condition", "display": "MII PR Diagnose Condition", "module": "modul-diagnose", "url": "https://www.medizininformatik-initiative.de/fhir/core/modul-diagnose/StructureDefinition/Diagnose", "leaf": true, "selectable": true}]}, {"id": "e8caff8d-9a04-458a-9188-206e03974974", "name": "modul-fall", "display": "Fall", "url": "modul-fall", "module": "modul-fall", "selectable": false, "leaf": false, "children": [{"id": "bd040c7b-c31c-41a6-b960-361d3195282b", "name": "MII_PR_Fall_KontaktGesundheitseinrichtung", "display": "MII PR Fall Kontakt mit einer Gesundheitseinrichtung", "module": "modul-fall", "url": "https://www.medizininformatik-initiative.de/fhir/core/modul-fall/StructureDefinition/KontaktGesundheitseinrichtung", "leaf": true, "selectable": true}]}, {"id": "3ba3c070-4754-41b9-b8aa-bb7004d0176e", "name": "modul-icu", "display": "Icu", "url": "modul-icu", "module": "modul-icu", "selectable": false, "leaf": false, "children": [{"id": "ea8ee828-b4cc-41ec-a8b4-6646d37cab4a", "name": "SD_MII_ICU_Devicemetric_Eingestellte_Gemessene_Parameter_Beatmung", "display": "SD MII ICU DeviceMetric Eingestellte Gemessene Parameter Beatmung", "module": "modul-icu", "url": "https://www.medizininformatik-initiative.de/fhir/ext/modul-icu/StructureDefinition/devicemetric-eingestellte-gemessene-parameter-beatmung", "leaf": true, "selectable": true}, {"id": "e8255888-80bb-4e75-a974-5ce0d6185094", "name": "SD_MII_ICU_Monitoring_Und_Vitaldaten", "display": "SD MII ICU Monitoring und Vitaldaten", "module": "modul-icu", "url": "https://www.medizininformatik-initiative.de/fhir/ext/modul-icu/StructureDefinition/monitoring-und-vitaldaten", "leaf": false, "selectable": false, "children": [{"id": "5e8c6b11-abb5-43e1-be28-e2476d0ffb9d", "name": "SD_MII_ICU_Linksventrikulaeres_Herzzeitvolumen_Durch_Indikatorverduennung", "display": "SD MII ICU Linksventrikulaeres Herzzeitvolumen Durch Indikatorverduennung", "module": "modul-icu", "url": "https://www.medizininformatik-initiative.de/fhir/ext/modul-icu/StructureDefinition/linksventrikulaeres-herzzeitvolumen-durch-indikatorverduennung", "leaf": true, "selectable": true}, {"id": "5a0b1154-278d-4acf-b875-c34fa965b28e", "name": "SD_MII_ICU_Sauerstoffsaettigung_Im_Blut_Preduktal_Durch_Pulsoxymetrie", "display": "SD MII ICU Sauerstoffsaettigung Im Blut Preduktal Durch Pulsoxymetrie", "module": "modul-icu", "url": "https://www.medizininformatik-initiative.de/fhir/ext/modul-icu/StructureDefinition/sauerstoffsaettigung-im-blut-preduktal-durch-pulsoxymetrie", "leaf": true, "selectable": true}, {"id": "6f088424-beef-42bc-835d-ec8a61116f72", "name": "SD_MII_ICU_Koerpertemperatur_Generisch", "display": "SD MII ICU Koerpertemperatur Generisch", "module": "modul-icu", "url": "https://www.medizininformatik-initiative.de/fhir/ext/modul-icu/StructureDefinition/koerpertemperatur-generisch", "leaf": false, "selectable": false, "children": [{"id": "64f6d46e-7036-4013-9b4e-3bb03a157510", "name": "SD_MII_ICU_Koerpertemperatur_Brust", "display": "SD MII ICU Koerpertemperatur Brust", "module": "modul-icu", "url": "https://www.medizininformatik-initiative.de/fhir/ext/modul-icu/StructureDefinition/koerpertemperatur-brust", "leaf": true, "selectable": true}, {"id": "5a5e2844-ea12-43fd-b138-e1ffe116b1c5", "name": "SD_MII_ICU_Koerpertemperatur_Nasal", "display": "SD MII ICU Koerpertemperatur nasal", "module": "modul-icu", "url": "https://www.medizininformatik-initiative.de/fhir/ext/modul-icu/StructureDefinition/koerpertemperatur-nasal", "leaf": true, "selectable": true}, {"id": "c0ce1dac-4f5e-413b-847c-a559bb5c300c", "name": "SD_MII_ICU_Koerpertemperatur_Rektal", "display": "SD MII ICU Koerpertemperatur rektal", "module": "modul-icu", "url": "https://www.medizininformatik-initiative.de/fhir/ext/modul-icu/StructureDefinition/koerpertemperatur-rektal", "leaf": true, "selectable": true}, {"id": "26a69045-3729-49cb-b1d1-404462da6b9e", "name": "SD_MII_ICU_Koerpertemperatur_Vaginal", "display": "SD MII ICU Koerpertemperatur vaginal", "module": "modul-icu", "url": "https://www.medizininformatik-initiative.de/fhir/ext/modul-icu/StructureDefinition/koerpertemperatur-vaginal", "leaf": true, "selectable": true}, {"id": "8bebf373-884b-4262-b2e6-504052d230cc", "name": "SD_MII_ICU_Koerpertemperatur_Lendenwirbelsaeule", "display": "SD MII ICU Koerpertemperatur Lendenwirbelsaeule", "module": "modul-icu", "url": "https://www.medizininformatik-initiative.de/fhir/ext/modul-icu/StructureDefinition/koerpertemperatur-lendenwirbelsaeule", "leaf": true, "selectable": true}, {"id": "469b3e95-81fa-4bca-b524-02fad7b2446e", "name": "SD_MII_ICU_Koerpertemperatur_Trommelfell", "display": "SD MII ICU Koerpertemperatur Trommelfell", "module": "modul-icu", "url": "https://www.medizininformatik-initiative.de/fhir/ext/modul-icu/StructureDefinition/koerpertemperatur-trommelfell", "leaf": true, "selectable": true}, {"id": "f91338b0-3de5-41c3-b22c-8ea65033b628", "name": "SD_MII_ICU_Koerpertemperatur_Unter_Der_Zunge", "display": "SD MII ICU Koerpertemperatur unter der Zunge", "module": "modul-icu", "url": "https://www.medizininformatik-initiative.de/fhir/ext/modul-icu/StructureDefinition/koerpertemperatur-unter-der-zunge", "leaf": true, "selectable": true}, {"id": "d243d467-403a-4578-936a-43ac3ce68a70", "name": "SD_MII_ICU_Koerpertemperatur_Leiste", "display": "SD MII ICU Koerpertemperatur Leiste", "module": "modul-icu", "url": "https://www.medizininformatik-initiative.de/fhir/ext/modul-icu/StructureDefinition/koerpertemperatur-leiste", "leaf": true, "selectable": true}, {"id": "ffa8ae09-ad3d-41d8-a28d-7134ff489df4", "name": "SD_MII_ICU_Koerpertemperatur_Nasen_Rachen_Raum", "display": "SD MII ICU Koerpertemperatur Nasen-Rachen-Raum", "module": "modul-icu", "url": "https://www.medizininformatik-initiative.de/fhir/ext/modul-icu/StructureDefinition/koerpertemperatur-nasen-rachen-raum", "leaf": true, "selectable": true}, {"id": "06526edc-2865-40e1-8cd6-7dccff580719", "name": "SD_MII_ICU_Koerpertemperatur_Speiseroehre", "display": "SD MII ICU Koerpertemperatur Speiseroehre", "module": "modul-icu", "url": "https://www.medizininformatik-initiative.de/fhir/ext/modul-icu/StructureDefinition/koerpertemperatur-speiseroehre", "leaf": true, "selectable": true}, {"id": "6b43b2f3-0c05-4bf9-bb0a-5c5e911d4d3b", "name": "SD_MII_ICU_Koerpertemperatur_Stirn", "display": "SD MII ICU Koerpertemperatur Stirn", "module": "modul-icu", "url": "https://www.medizininformatik-initiative.de/fhir/ext/modul-icu/StructureDefinition/koerpertemperatur-stirn", "leaf": true, "selectable": true}, {"id": "06b75aac-fa3f-48e3-be99-df867fc87114", "name": "SD_MII_ICU_Koerpertemperatur_Achsel", "display": "SD MII ICU Koerpertemperatur Achsel", "module": "modul-icu", "url": "https://www.medizininformatik-initiative.de/fhir/ext/modul-icu/StructureDefinition/koerpertemperatur-achsel", "leaf": true, "selectable": true}, {"id": "0e44299a-d23d-47fd-810b-073eabd227fb", "name": "SD_MII_ICU_Koerpertemperatur_Halswirbelsaeule", "display": "SD MII ICU Koerpertemperatur Halswirbelsaeule", "module": "modul-icu", "url": "https://www.medizininformatik-initiative.de/fhir/ext/modul-icu/StructureDefinition/koerpertemperatur-halswirbelsaeule", "leaf": true, "selectable": true}, {"id": "660beebc-679d-485f-a386-04c949b2626c", "name": "SD_MII_ICU_Koerpertemperatur_Kern", "display": "SD MII ICU Koerpertemperatur Kern", "module": "modul-icu", "url": "https://www.medizininformatik-initiative.de/fhir/ext/modul-icu/StructureDefinition/koerpertemperatur-kern", "leaf": true, "selectable": true}, {"id": "5b9d38b8-7719-41df-839a-11da4538e7b9", "name": "SD_MII_ICU_Koerpertemperatur_Atemwege", "display": "SD MII ICU Koerpertemperatur Atemwege", "module": "modul-icu", "url": "https://www.medizininformatik-initiative.de/fhir/ext/modul-icu/StructureDefinition/koerpertemperatur-atemwege", "leaf": true, "selectable": true}, {"id": "b7ca6ac8-f285-4dac-9aef-22235a44ccc8", "name": "SD_MII_ICU_Koerpertemperatur_Blut", "display": "SD MII ICU Koerpertemperatur Blut", "module": "modul-icu", "url": "https://www.medizininformatik-initiative.de/fhir/ext/modul-icu/StructureDefinition/koerpertemperatur-blut", "leaf": true, "selectable": true}, {"id": "11d157c4-038b-4494-8bfd-96e083928c0d", "name": "SD_MII_ICU_Koerpertemperatur_Brustwirbelsaeule", "display": "SD MII ICU Koerpertemperatur Brustwirbelsaeule", "module": "modul-icu", "url": "https://www.medizininformatik-initiative.de/fhir/ext/modul-icu/StructureDefinition/koerpertemperatur-brustwirbelsaeule", "leaf": true, "selectable": true}, {"id": "53204fc3-2051-49d6-ab5f-c4b1ecb543c3", "name": "SD_MII_ICU_Koerpertemperatur_Harnblase", "display": "SD MII ICU Koerpertemperatur Harnblase", "module": "modul-icu", "url": "https://www.medizininformatik-initiative.de/fhir/ext/modul-icu/StructureDefinition/koerpertemperatur-harnblase", "leaf": true, "selectable": true}]}, {"id": "620765ee-ab4c-4204-b01b-4d7885d6e570", "name": "SD_MII_ICU_Linksventrikulaeres_Schlagvolumenindex", "display": "SD MII ICU Linksventrikulaeres Schlagvolumenindex", "module": "modul-icu", "url": "https://www.medizininformatik-initiative.de/fhir/ext/modul-icu/StructureDefinition/linksventrikulaeres-schlagvolumenindex", "leaf": true, "selectable": true}, {"id": "482faa37-3226-4aec-8e96-35038e198638", "name": "SD_MII_ICU_Linksventrikulaerer_Herzindex", "display": "SD MII ICU Linksventrikulaerer Herzindex", "module": "modul-icu", "url": "https://www.medizininformatik-initiative.de/fhir/ext/modul-icu/StructureDefinition/linksventrikulaerer-herzindex", "leaf": true, "selectable": true}, {"id": "c2644736-1188-4d0b-90ed-e0e358d64dd2", "name": "SD_MII_ICU_Pulmonalarterieller_Wedge_Druck", "display": "SD MII ICU Pulmonalarterieller Wedge Druck", "module": "modul-icu", "url": "https://www.medizininformatik-initiative.de/fhir/ext/modul-icu/StructureDefinition/pulmonalarterieller-wedge-druck", "leaf": true, "selectable": true}, {"id": "3cb66e19-191f-4609-9c4d-432b0d7e01cf", "name": "SD_MII_ICU_Sauerstoffsaettigung_Im_Arteriellen_Blut_Durch_Pulsoxymetrie", "display": "SD MII ICU Sauerstoffsaettigung Im Arteriellen Blut Durch Pulsoxymetrie", "module": "modul-icu", "url": "https://www.medizininformatik-initiative.de/fhir/ext/modul-icu/StructureDefinition/sauerstoffsaettigung-im-arteriellen-blut-durch-pulsoxymetrie", "leaf": true, "selectable": true}, {"id": "7bb3fbac-b8a7-45da-922a-48c6856969f0", "name": "SD_MII_ICU_Sauerstoffsaettigung_Im_Blut_Postduktal_Durch_Pulsoxymetrie", "display": "SD MII ICU Sauerstoffsaettigung Im Blut Postduktal Durch Pulsoxymetrie", "module": "modul-icu", "url": "https://www.medizininformatik-initiative.de/fhir/ext/modul-icu/StructureDefinition/sauerstoffsaettigung-im-blut-postduktal-durch-pulsoxymetrie", "leaf": true, "selectable": true}, {"id": "ee1a2150-795f-405e-81ca-994fcf57e7e6", "name": "SD_MII_ICU_Linksventrikulaerer_Herzindex_Durch_Indikatorverduennung", "display": "SD MII ICU Linksventrikulaerer Herzindex durch Indikatorverduennung", "module": "modul-icu", "url": "https://www.medizininformatik-initiative.de/fhir/ext/modul-icu/StructureDefinition/linksventrikulaerer-herzindex-durch-indikatorverduennung", "leaf": true, "selectable": true}, {"id": "d91301b1-d058-4a3f-b34c-802c93f108ad", "name": "SD_MII_ICU_Linksventrikulaerer_Schlagvolumenindex_Durch_Indikatorverduennung", "display": "SD MII ICU Linksventrikulaerer Schlagvolumenindex Durch Indikatorverduennung", "module": "modul-icu", "url": "https://www.medizininformatik-initiative.de/fhir/ext/modul-icu/StructureDefinition/linksventrikulaerer-schlagvolumenindex-durch-indikatorverduennung", "leaf": true, "selectable": true}, {"id": "402e27c4-8f78-4999-8b63-faac8244a32a", "name": "SD_MII_ICU_Herzfrequenz", "display": "SD MII ICU Herzfrequenz", "module": "modul-icu", "url": "https://www.medizininformatik-initiative.de/fhir/ext/modul-icu/StructureDefinition/herzfrequenz", "leaf": true, "selectable": true}, {"id": "ef60ed5b-8d8c-4c5e-8563-29e79108fbc5", "name": "SD_MII_ICU_Systemischer_Vaskulaerer_Widerstandsindex", "display": "SD MII ICU Systemischer Vaskulaerer Widerstandsindex", "module": "modul-icu", "url": "https://www.medizininformatik-initiative.de/fhir/ext/modul-icu/StructureDefinition/systemischer-vaskulaerer-widerstandsindex", "leaf": true, "selectable": true}, {"id": "a1edc396-caa8-4a2a-a420-a53c8bcdfda4", "name": "SD_MII_ICU_Puls", "display": "SD MII ICU Puls", "module": "modul-icu", "url": "https://www.medizininformatik-initiative.de/fhir/ext/modul-icu/StructureDefinition/puls", "leaf": true, "selectable": true}, {"id": "124d1604-b727-47d4-bad2-61ec8cf0ceb7", "name": "SD_MII_ICU_Linksventrikulaeres_Schlagvolumen_Durch_Indikatorverduennung", "display": "SD MII ICU Linksventrikulaeres Schlagvolumen Durch Indikatorverduennung", "module": "modul-icu", "url": "https://www.medizininformatik-initiative.de/fhir/ext/modul-icu/StructureDefinition/linksventrikulaeres-schlagvolumen-durch-indikatorverduennung", "leaf": true, "selectable": true}, {"id": "fbd79457-07dd-4d4f-8ed0-36623cc756ea", "name": "SD_MII_ICU_Herzzeitvolumen", "display": "SD MII ICU Herzzeitvolumen", "module": "modul-icu", "url": "https://www.medizininformatik-initiative.de/fhir/ext/modul-icu/StructureDefinition/herzzeitvolumen", "leaf": true, "selectable": true}, {"id": "2d3b83e7-2853-406f-a12a-6a50654b2640", "name": "SD_MII_ICU_Intrakranieller_Druck_Icp", "display": "SD MII ICU Intrakranieller Druck ICP", "module": "modul-icu", "url": "https://www.medizininformatik-initiative.de/fhir/ext/modul-icu/StructureDefinition/intrakranieller-druck-icp", "leaf": true, "selectable": true}, {"id": "e6833d80-aaf2-44d2-ad39-5eadaa869fa5", "name": "SD_MII_ICU_Koerpergewicht_Percentil_Altersabhaengig", "display": "SD MII ICU Koerpergewicht Percentil Altersabhaengig", "module": "modul-icu", "url": "https://www.medizininformatik-initiative.de/fhir/ext/modul-icu/StructureDefinition/koerpergewicht-percentil-altersabhaengig", "leaf": true, "selectable": true}, {"id": "a3ea829e-98bb-4178-8dbb-1d1570d8c829", "name": "SD_MII_ICU_Zentralvenoeser_Blutdruck", "display": "SD MII ICU Zentralvenoeser Blutdruck", "module": "modul-icu", "url": "https://www.medizininformatik-initiative.de/fhir/ext/modul-icu/StructureDefinition/zentralvenoeser-blutdruck", "leaf": true, "selectable": true}, {"id": "d5db9770-b3df-41b6-8967-45b4ca802a3a", "name": "SD_MII_ICU_Ideales_Koerpergewicht", "display": "SD MII ICU Ideales Koerpergewicht", "module": "modul-icu", "url": "https://www.medizininformatik-initiative.de/fhir/ext/modul-icu/StructureDefinition/ideales-koerpergewicht", "leaf": true, "selectable": true}, {"id": "bb114fe3-9998-41d9-ae1b-5cc871cbf0d2", "name": "SD_MII_ICU_Koerpergroesse_Percentil", "display": "SD MII ICU Koerpergroesse Percentil", "module": "modul-icu", "url": "https://www.medizininformatik-initiative.de/fhir/ext/modul-icu/StructureDefinition/koerpergroesse-percentil", "leaf": true, "selectable": true}, {"id": "f53b6940-82df-45c3-b3e7-ffc4d09139a0", "name": "SD_MII_ICU_Pulmonalvaskulaerer_Widerstandsindex", "display": "SD MII ICU Pulmonalvaskulaerer Widerstandsindex", "module": "modul-icu", "url": "https://www.medizininformatik-initiative.de/fhir/ext/modul-icu/StructureDefinition/pulmonalvaskulaerer-widerstandsindex", "leaf": true, "selectable": true}, {"id": "67c60b6d-b9a6-4dc6-a3fe-b2a692927616", "name": "SD_MII_ICU_Linksventrikulaeres_Schlagvolumen", "display": "SD MII ICU Linksventrikulaeres Schlagvolumen", "module": "modul-icu", "url": "https://www.medizininformatik-initiative.de/fhir/ext/modul-icu/StructureDefinition/linksventrikulaeres-schlagvolumen", "leaf": true, "selectable": true}]}, {"id": "0e0d95fc-daec-4649-8d88-db9b34e9930b", "name": "SD_MII_ICU_Sonstige_Pulsatile_Druecke_Generisch", "display": "SD MII ICU Sonstige pulsatile Druecke Generisch", "module": "modul-icu", "url": "https://www.medizininformatik-initiative.de/fhir/ext/modul-icu/StructureDefinition/sonstige-pulsatile-druecke-generisch", "leaf": false, "selectable": false, "children": [{"id": "8b8c5a13-b95f-4854-97f4-067f84eabe4a", "name": "SD_MII_ICU_Linksventrikulaerer_Druck", "display": "SD MII ICU Linksventrikulaerer Druck", "module": "modul-icu", "url": "https://www.medizininformatik-initiative.de/fhir/ext/modul-icu/StructureDefinition/linksventrikulaerer-druck", "leaf": true, "selectable": true}, {"id": "4338134b-be03-4e8a-b744-cfa69f9ffbed", "name": "SD_MII_ICU_Linksatrialer_Druck", "display": "SD MII ICU Linksatrialer Druck", "module": "modul-icu", "url": "https://www.medizininformatik-initiative.de/fhir/ext/modul-icu/StructureDefinition/linksatrialer-druck", "leaf": true, "selectable": true}, {"id": "27f92299-5e4c-4ede-8a0b-a44c36d04f43", "name": "SD_MII_ICU_Rechtsatrialer_Druck", "display": "SD MII ICU Rechtsatrialer Druck", "module": "modul-icu", "url": "https://www.medizininformatik-initiative.de/fhir/ext/modul-icu/StructureDefinition/rechtsatrialer-druck", "leaf": true, "selectable": true}, {"id": "98fdb421-910d-4a72-a3ea-49785d7b5a8e", "name": "SD_MII_ICU_Rechtsventrikulaerer_Druck", "display": "SD MII ICU Rechtsventrikulaerer Druck", "module": "modul-icu", "url": "https://www.medizininformatik-initiative.de/fhir/ext/modul-icu/StructureDefinition/rechtsventrikulaerer-druck", "leaf": true, "selectable": true}, {"id": "d76947e0-1731-4150-bc63-04dfc50f25fd", "name": "SD_MII_ICU_Pulmonalarterieller_Blutdruck", "display": "SD MII ICU Pulmonalarterieller Blutdruck", "module": "modul-icu", "url": "https://www.medizininformatik-initiative.de/fhir/ext/modul-icu/StructureDefinition/pulmonalarterieller-blutdruck", "leaf": true, "selectable": true}]}, {"id": "182df22d-0f8d-430a-a757-b42205867d80", "name": "SD_MII_ICU_Parameter_Von_Beatmung", "display": "SD MII ICU Parameter von Beatmung", "module": "modul-icu", "url": "https://www.medizininformatik-initiative.de/fhir/ext/modul-icu/StructureDefinition/parameter-von-beatmung", "leaf": false, "selectable": false, "children": [{"id": "c1bb1898-6cb2-425b-9e7a-ff7b90f4d1ef", "name": "SD_MII_ICU_Maximaler_Beatmungsdruck", "display": "SD MII ICU Maximaler Beatmungsdruck", "module": "modul-icu", "url": "https://www.medizininformatik-initiative.de/fhir/ext/modul-icu/StructureDefinition/maximaler-beatmungsdruck", "leaf": true, "selectable": true}, {"id": "c18bdc53-2024-4c6e-9e56-5deedc01078c", "name": "SD_MII_ICU_Beatmungszeit_Hohem_Druck", "display": "SD MII ICU Beatmungszeit Hohem Druck", "module": "modul-icu", "url": "https://www.medizininformatik-initiative.de/fhir/ext/modul-icu/StructureDefinition/beatmungszeit-hohem-druck", "leaf": true, "selectable": true}, {"id": "34d557a3-0cb3-4308-b430-190a07c65ae7", "name": "SD_MII_ICU_Atemzugvolumen_Einstellung", "display": "SD MII ICU Atemzugvolumen Einstellung", "module": "modul-icu", "url": "https://www.medizininformatik-initiative.de/fhir/ext/modul-icu/StructureDefinition/atemzugvolumen-einstellung", "leaf": true, "selectable": true}, {"id": "cad9cce6-a617-46b8-929c-2faa4f7c3158", "name": "SD_MII_ICU_Einstellung_Einatmungszeit_Beatmung", "display": "SD MII ICU Einstellung Einatmungszeit Beatmung", "module": "modul-icu", "url": "https://www.medizininformatik-initiative.de/fhir/ext/modul-icu/StructureDefinition/einstellung-einatmungszeit-beatmung", "leaf": true, "selectable": true}, {"id": "1d3fe9a2-368f-480c-ad3f-07b177b9c995", "name": "SD_MII_ICU_Inspiratorischer_Gasfluss", "display": "SD MII ICU Inspiratorischer Gasfluss", "module": "modul-icu", "url": "https://www.medizininformatik-initiative.de/fhir/ext/modul-icu/StructureDefinition/inspiratorischer-gasfluss", "leaf": true, "selectable": true}, {"id": "8ca0ad51-0525-420a-8796-26dbed49b60e", "name": "SD_MII_ICU_Spontane_Atemfrequenz_Beatmet", "display": "SD MII ICU Spontane Atemfrequenz Beatmet", "module": "modul-icu", "url": "https://www.medizininformatik-initiative.de/fhir/ext/modul-icu/StructureDefinition/spontane-atemfrequenz-beatmet", "leaf": true, "selectable": true}, {"id": "11c88a31-e30f-4392-9672-d35d23a62a6f", "name": "SD_MII_ICU_Mittlerer_Beatmungsdruck", "display": "SD MII ICU Mittlerer Beatmungsdruck", "module": "modul-icu", "url": "https://www.medizininformatik-initiative.de/fhir/ext/modul-icu/StructureDefinition/mittlerer-beatmungsdruck", "leaf": true, "selectable": true}, {"id": "c565c54c-e504-4491-af69-db9f646100fe", "name": "SD_MII_ICU_Atemwegsdruck_Bei_Mittlerem_Expiratorischem_Gasfluss", "display": "SD MII ICU Atemwegsdruck Bei Mittlerem Expiratorischem Gasfluss", "module": "modul-icu", "url": "https://www.medizininformatik-initiative.de/fhir/ext/modul-icu/StructureDefinition/atemwegsdruck-bei-mittlerem-expiratorischem-gasfluss", "leaf": true, "selectable": true}, {"id": "1eb970e6-e11e-47ff-a38b-e3aff7db7179", "name": "SD_MII_ICU_Zeitverhaeltnis_Ein_Ausatmung", "display": "SD MII ICU Zeitverhaeltnis Ein Ausatmung", "module": "modul-icu", "url": "https://www.medizininformatik-initiative.de/fhir/ext/modul-icu/StructureDefinition/zeitverhaeltnis-ein-ausatmung", "leaf": true, "selectable": true}, {"id": "03e6e80c-df7f-4a03-8527-e2b11a99c15d", "name": "SD_MII_ICU_Spontanes_Atemzugvolumen", "display": "SD MII ICU Spontanes Atemzugvolumen", "module": "modul-icu", "url": "https://www.medizininformatik-initiative.de/fhir/ext/modul-icu/StructureDefinition/spontanes-atemzugvolumen", "leaf": true, "selectable": true}, {"id": "f867847a-cae0-409d-8dc6-f3e19b21e89f", "name": "SD_MII_ICU_Beatmungszeit_Niedrigem_Druck", "display": "SD MII ICU Beatmungszeit Niedrigem Druck", "module": "modul-icu", "url": "https://www.medizininformatik-initiative.de/fhir/ext/modul-icu/StructureDefinition/beatmungszeit-niedrigem-druck", "leaf": true, "selectable": true}, {"id": "87ce0e8c-89e0-450b-b23d-9f4253579f6f", "name": "SD_MII_ICU_Atemzugvolumen_Waehrend_Beatmung", "display": "SD MII ICU Atemzugvolumen Waehrend Beatmung", "module": "modul-icu", "url": "https://www.medizininformatik-initiative.de/fhir/ext/modul-icu/StructureDefinition/atemzugvolumen-waehrend-beatmung", "leaf": true, "selectable": true}, {"id": "cda94238-7a8b-4796-89ae-8dd0116a654e", "name": "SD_MII_ICU_Eingestellter_Inspiratorischer_Gasfluss", "display": "SD MII ICU Eingestellter Inspiratorischer Gasfluss", "module": "modul-icu", "url": "https://www.medizininformatik-initiative.de/fhir/ext/modul-icu/StructureDefinition/eingestellter-inspiratorischer-gasfluss", "leaf": true, "selectable": true}, {"id": "d6c02c3a-8a4b-47c5-9aba-c91d4dc1cf10", "name": "SD_MII_ICU_Druckdifferenz_Beatmung", "display": "SD MII ICU Druckdifferenz Beatmung", "module": "modul-icu", "url": "https://www.medizininformatik-initiative.de/fhir/ext/modul-icu/StructureDefinition/druckdifferenz-beatmung", "leaf": true, "selectable": true}, {"id": "3c7a240b-beb4-4319-a60b-e03cddf1e603", "name": "SD_MII_ICU_Endexpiratorischer_Kohlendioxidpartialdruck", "display": "SD MII ICU Endexpiratorischer Kohlendioxidpartialdruck", "module": "modul-icu", "url": "https://www.medizininformatik-initiative.de/fhir/ext/modul-icu/StructureDefinition/endexpiratorischer-kohlendioxidpartialdruck", "leaf": true, "selectable": true}, {"id": "81e0d52c-39c9-4bac-98d8-fd1f9e620e40", "name": "SD_MII_ICU_Inspiratorische_Sauerstofffraktion_Gemessen", "display": "SD MII ICU Inspiratorische Sauerstofffraktion Gemessen", "module": "modul-icu", "url": "https://www.medizininformatik-initiative.de/fhir/ext/modul-icu/StructureDefinition/inspiratorische-sauerstofffraktion-gemessen", "leaf": true, "selectable": true}, {"id": "21d471ab-eae6-4743-810d-9e48daaeb38b", "name": "SD_MII_ICU_Beatmungsvolumen_Pro_Minute_Maschineller_Beatmung", "display": "SD MII ICU Beatmungsvolumen Pro Minute Maschineller Beatmung", "module": "modul-icu", "url": "https://www.medizininformatik-initiative.de/fhir/ext/modul-icu/StructureDefinition/beatmungsvolumen-pro-minute-maschineller-beatmung", "leaf": true, "selectable": true}, {"id": "18b38e3e-4e04-4228-9628-e9b7e76c65ab", "name": "SD_MII_ICU_Spontane_Mechanische_Atemfrequenz_Beatmet", "display": "SD MII ICU Spontane Mechanische Atemfrequenz Beatmet", "module": "modul-icu", "url": "https://www.medizininformatik-initiative.de/fhir/ext/modul-icu/StructureDefinition/spontane-mechanische-atemfrequenz-beatmet", "leaf": true, "selectable": true}, {"id": "279f443c-ac41-48e6-8b80-5582be4ef5e7", "name": "SD_MII_ICU_Inspiratorische_Sauerstofffraktion_Eingestellt", "display": "SD MII ICU Inspiratorische Sauerstofffraktion Eingestellt", "module": "modul-icu", "url": "https://www.medizininformatik-initiative.de/fhir/ext/modul-icu/StructureDefinition/inspiratorische-sauerstofffraktion-eingestellt", "leaf": true, "selectable": true}, {"id": "290b2264-5939-426e-afbc-6c96f34e0cda", "name": "SD_MII_ICU_Horowitz_In_Arteriellem_Blut", "display": "SD MII ICU Horowitz In Arteriellem Blut", "module": "modul-icu", "url": "https://www.medizininformatik-initiative.de/fhir/ext/modul-icu/StructureDefinition/horowitz-in-arteriellem-blut", "leaf": true, "selectable": true}, {"id": "632db226-caed-405e-aab9-7fb0ea4f1a41", "name": "SD_MII_ICU_Exspiratorischer_Gasfluss", "display": "SD MII ICU Exspiratorischer Gasfluss", "module": "modul-icu", "url": "https://www.medizininformatik-initiative.de/fhir/ext/modul-icu/StructureDefinition/exspiratorischer-gasfluss", "leaf": true, "selectable": true}, {"id": "09960f37-65c1-4cb7-ad33-814d6231c667", "name": "SD_MII_ICU_Mechanische_Atemfrequenz_Beatmet", "display": "SD MII ICU Mechanische Atemfrequenz Beatmet", "module": "modul-icu", "url": "https://www.medizininformatik-initiative.de/fhir/ext/modul-icu/StructureDefinition/mechanische-atemfrequenz-beatmet", "leaf": true, "selectable": true}, {"id": "11fba796-b31f-496d-ba5a-aa6f7bd2cdf5", "name": "SD_MII_ICU_Exspiratorischer_Sauerstoffpartialdruck", "display": "SD MII ICU Exspiratorischer Sauerstoffpartialdruck", "module": "modul-icu", "url": "https://www.medizininformatik-initiative.de/fhir/ext/modul-icu/StructureDefinition/exspiratorischer-sauerstoffpartialdruck", "leaf": true, "selectable": true}, {"id": "b7df4447-a5b1-407b-b845-2036f5cce778", "name": "SD_MII_ICU_Einstellung_Ausatmungszeit_Beatmung", "display": "SD MII ICU Einstellung Ausatmungszeit Beatmung", "module": "modul-icu", "url": "https://www.medizininformatik-initiative.de/fhir/ext/modul-icu/StructureDefinition/einstellung-ausatmungszeit-beatmung", "leaf": true, "selectable": true}, {"id": "47e9e71a-9aeb-43fb-aeaf-1d6559dd1f65", "name": "SD_MII_ICU_Atemwegsdruck_Bei_Null_Expiratorischem_Gasfluss", "display": "SD MII ICU Atemwegsdruck Bei Null Expiratorischem Gasfluss", "module": "modul-icu", "url": "https://www.medizininformatik-initiative.de/fhir/ext/modul-icu/StructureDefinition/atemwegsdruck-bei-null-expiratorischem-gasfluss", "leaf": true, "selectable": true}, {"id": "9f965e09-58e5-48ce-9847-b56e33f032ab", "name": "SD_MII_ICU_Positiv_Endexpiratorischer_Druck", "display": "SD MII ICU Positiv Endexpiratorischer Druck", "module": "modul-icu", "url": "https://www.medizininformatik-initiative.de/fhir/ext/modul-icu/StructureDefinition/positiv-endexpiratorischer-druck", "leaf": true, "selectable": true}, {"id": "b544e9e3-946a-464a-8501-3949d1471da1", "name": "SD_MII_ICU_Spontanes_Mechanisches_Atemzugvolumen_Waehrend_Beatmung", "display": "SD MII ICU Spontanes Mechanisches Atemzugvolumen Waehrend Beatmung", "module": "modul-icu", "url": "https://www.medizininformatik-initiative.de/fhir/ext/modul-icu/StructureDefinition/spontanes-mechanisches-atemzugvolumen-waehrend-beatmung", "leaf": true, "selectable": true}, {"id": "08e654a2-e6f5-4df2-b23d-5d58a3195e2a", "name": "SD_MII_ICU_Unterstuezungsdruck_Beatmung", "display": "SD MII ICU Unterstuezungsdruck Beatmung", "module": "modul-icu", "url": "https://www.medizininformatik-initiative.de/fhir/ext/modul-icu/StructureDefinition/unterstuetzungsdruck-beatmung", "leaf": true, "selectable": true}]}, {"id": "1869cf62-8f47-4ee4-a5a0-edc618847fbf", "name": "SD_MII_ICU_Parameter_Von_Extrakorporalen_Verfahren", "display": "SD MII ICU Parameter von Extrakorporalen Verfahren", "module": "modul-icu", "url": "https://www.medizininformatik-initiative.de/fhir/ext/modul-icu/StructureDefinition/parameter-von-extrakorporalen-verfahren", "leaf": false, "selectable": false, "children": [{"id": "c1a3431d-f211-4a1b-aa27-9af60f22a5ed", "name": "SD_MII_ICU_Venoeser_Druck", "display": "SD MII ICU Venoeser Druck", "module": "modul-icu", "url": "https://www.medizininformatik-initiative.de/fhir/ext/modul-icu/StructureDefinition/venoeser-druck", "leaf": true, "selectable": true}, {"id": "4d48251f-6f11-4dd5-ab71-e032366d8227", "name": "SD_MII_ICU_Substituatvolumen", "display": "SD MII ICU Substituatvolumen", "module": "modul-icu", "url": "https://www.medizininformatik-initiative.de/fhir/ext/modul-icu/StructureDefinition/substituatvolumen", "leaf": true, "selectable": true}, {"id": "65e81bdd-618c-4d6a-b76c-f853de9d103b", "name": "SD_MII_ICU_Sauerstoffgasfluss", "display": "SD MII ICU Sauerstoffgasfluss", "module": "modul-icu", "url": "https://www.medizininformatik-initiative.de/fhir/ext/modul-icu/StructureDefinition/sauerstoffgasfluss", "leaf": true, "selectable": true}, {"id": "cab449ca-f0ed-4006-8b67-7ead6ccf0b09", "name": "SD_MII_ICU_Dauer_Extrakorporaler_Gasaustausch", "display": "SD MII ICU Dauer Extrakorporaler Gasaustausch", "module": "modul-icu", "url": "https://www.medizininformatik-initiative.de/fhir/ext/modul-icu/StructureDefinition/dauer-extrakorporaler-gasaustausch", "leaf": true, "selectable": true}, {"id": "322c8493-c631-4156-89d5-7cb0127a3c39", "name": "SD_MII_ICU_Blutfluss_Extrakorporaler_Gasaustausch", "display": "SD MII ICU Blutfluss Extrakorporaler Gasaustausch", "module": "modul-icu", "url": "https://www.medizininformatik-initiative.de/fhir/ext/modul-icu/StructureDefinition/blutfluss-extrakorporaler-gasaustausch", "leaf": true, "selectable": true}, {"id": "6b90b51a-ec7e-4872-93c6-51a584756f75", "name": "SD_MII_ICU_Haemodialyse_Blutfluss", "display": "SD MII ICU Haemodialyse Blutfluss", "module": "modul-icu", "url": "https://www.medizininformatik-initiative.de/fhir/ext/modul-icu/StructureDefinition/haemodialyse-blutfluss", "leaf": true, "selectable": true}, {"id": "1b5c3995-b665-461f-a475-28007caf1580", "name": "SD_MII_ICU_Blutfluss_Cardiovasculaeres_Geraet", "display": "SD MII ICU Blutfluss Cardiovasculaeres Geraet", "module": "modul-icu", "url": "https://www.medizininformatik-initiative.de/fhir/ext/modul-icu/StructureDefinition/blutfluss-cardiovasculaeres-geraet", "leaf": true, "selectable": true}, {"id": "0b4c14b5-1a38-49cd-9abd-f24964124369", "name": "SD_MII_ICU_Ionisiertes_Kalzium_Nierenersatzverfahren", "display": "SD MII ICU Ionisiertes Kalzium Nierenersatzverfahren", "module": "modul-icu", "url": "https://www.medizininformatik-initiative.de/fhir/ext/modul-icu/StructureDefinition/ionisiertes-kalzium-nierenersatzverfahren", "leaf": true, "selectable": true}, {"id": "fd81a14a-7128-4386-8fe3-f0fa77cd8917", "name": "SD_MII_ICU_Dauer_Haemodialysesitzung", "display": "SD MII ICU Dauer Haemodialysesitzung", "module": "modul-icu", "url": "https://www.medizininformatik-initiative.de/fhir/ext/modul-icu/StructureDefinition/dauer-haemodialysesitzung", "leaf": true, "selectable": true}, {"id": "a966c517-8870-4b1c-bc05-57d8fab8dbc1", "name": "SD_MII_ICU_Arterieller_Druck", "display": "SD MII ICU Arterieller Druck", "module": "modul-icu", "url": "https://www.medizininformatik-initiative.de/fhir/ext/modul-icu/StructureDefinition/arterieller-druck", "leaf": true, "selectable": true}, {"id": "91198a7f-c98b-4b45-89db-a2ccaaf92176", "name": "SD_MII_ICU_Blutflussindex_Extrakorporaler_Gasaustausch", "display": "SD MII ICU Blutflussindex Extrakorporaler Gasaustausch", "module": "modul-icu", "url": "https://www.medizininformatik-initiative.de/fhir/ext/modul-icu/StructureDefinition/blutflussindex-extrakorporaler-gasaustausch", "leaf": true, "selectable": true}, {"id": "d5d5ba10-67c8-4e38-93f4-28ad6ee69a0f", "name": "SD_MII_ICU_Substituatfluss", "display": "SD MII ICU Substituatfluss", "module": "modul-icu", "url": "https://www.medizininformatik-initiative.de/fhir/ext/modul-icu/StructureDefinition/substituatfluss", "leaf": true, "selectable": true}]}, {"id": "191a51c7-8639-4ef5-b104-6b436f112d06", "name": "SD_MII_ICU_Icu_Device", "display": "SD MII ICU ICU Device", "module": "modul-icu", "url": "https://www.medizininformatik-initiative.de/fhir/ext/modul-icu/StructureDefinition/icu-device", "leaf": true, "selectable": true}, {"id": "f4e5a519-3fff-4221-aa33-71357cdae5c0", "name": "SD_MII_ICU_Devicemetric_Eingestellte_Gemessene_Parameter_Extrakorporale_Verfahren", "display": "SD MII ICU DeviceMetric Eingestellte Gemessene Parameter Extrakorporale Verfahren", "module": "modul-icu", "url": "https://www.medizininformatik-initiative.de/fhir/ext/modul-icu/StructureDefinition/devicemetric-eingestellte-gemessene-parameter-extrakorporale-verfahren", "leaf": true, "selectable": true}]}, {"id": "f5c935ca-6fde-4efe-9d32-69622f882f3f", "name": "modul-molgen", "display": "Molgen", "url": "modul-molgen", "module": "modul-molgen", "selectable": false, "leaf": false, "children": [{"id": "448b178f-9bf0-421b-9858-ed5d1b1e4348", "name": "MII_PR_MolGen_Genotyp", "display": "MII PR MolGen Genotyp", "module": "modul-molgen", "url": "https://www.medizininformatik-initiative.de/fhir/ext/modul-molgen/StructureDefinition/genotyp", "leaf": true, "selectable": true}, {"id": "6d2d805a-58e9-4bc9-b219-900a84e22f41", "name": "MII_PR_MolGen_Medikationsempfehlung", "display": "MII PR MolGen Medikationsempfehlung", "module": "modul-molgen", "url": "https://www.medizininformatik-initiative.de/fhir/ext/modul-molgen/StructureDefinition/medikationsempfehlung", "leaf": true, "selectable": true}, {"id": "6827bcd2-db1a-429e-94b1-9218625741fd", "name": "MII_PR_MolGen_EmpfohleneFolgemassnahme", "display": "MII PR MolGen Empfohlene Folgema\u00dfnahme", "module": "modul-molgen", "url": "https://www.medizininformatik-initiative.de/fhir/ext/modul-molgen/StructureDefinition/empfohlene-folgemassnahme", "leaf": true, "selectable": true}, {"id": "8c4a492a-1e62-441e-8fe1-dcd84d73549a", "name": "MII_PR_MolGen_Familienanamnese", "display": "MII PR MolGen Familienanamnese", "module": "modul-molgen", "url": "https://www.medizininformatik-initiative.de/fhir/ext/modul-molgen/StructureDefinition/familienanamnese", "leaf": true, "selectable": true}, {"id": "fb29cb4e-147b-4420-940f-f59f613efafb", "name": "MII_PR_MolGen_ErgebnisZusammenfassung", "display": "MII PR MolGen Ergebnis Zusammenfassung", "module": "modul-molgen", "url": "https://www.medizininformatik-initiative.de/fhir/ext/modul-molgen/StructureDefinition/ergebnis-zusammenfassung", "leaf": true, "selectable": true}, {"id": "c4560841-bef4-4367-b734-5d59fcf38a4c", "name": "MII_PR_MolGen_MolekulargenetischerBefundbericht", "display": "MII PR MolGen Molekulargenetischer Befundbericht", "module": "modul-molgen", "url": "https://www.medizininformatik-initiative.de/fhir/ext/modul-molgen/StructureDefinition/molekulargenetischer-befundbericht", "leaf": true, "selectable": true}, {"id": "e62b4f00-b817-4a04-8e4b-00b41b3b617e", "name": "MII_PR_MolGen_DiagnostischeImplikation", "display": "MII PR MolGen Diagnostische Implikation", "module": "modul-molgen", "url": "https://www.medizininformatik-initiative.de/fhir/ext/modul-molgen/StructureDefinition/diagnostische-implikation", "leaf": true, "selectable": true}, {"id": "d672cd4b-eb02-41c6-be6d-038f2bb05221", "name": "MII_PR_MolGen_AnforderungGenetischerTest", "display": "MII PR MolGen Anforderung genetischer Test", "module": "modul-molgen", "url": "https://www.medizininformatik-initiative.de/fhir/ext/modul-molgen/StructureDefinition/anforderung-genetischer-test", "leaf": true, "selectable": true}, {"id": "5e74fa3e-ab79-4cb6-b0db-1d0d3a6596e6", "name": "MII_PR_MolGen_Mikrosatelliteninstabilitaet", "display": "MII PR MolGen Mikrosatelliteninstabilit\u00e4t", "module": "modul-molgen", "url": "https://www.medizininformatik-initiative.de/fhir/ext/modul-molgen/StructureDefinition/mikrosatelliteninstabilitaet", "leaf": true, "selectable": true}, {"id": "8a82d734-4511-4ac5-8c70-393aeba623e7", "name": "MII_PR_MolGen_Mutationslast", "display": "MII PR MolGen Mutationslast", "module": "modul-molgen", "url": "https://www.medizininformatik-initiative.de/fhir/ext/modul-molgen/StructureDefinition/mutationslast", "leaf": true, "selectable": true}, {"id": "06099851-a0a7-4988-bc2b-5aeadde8ceda", "name": "MII_PR_MolGen_Variante", "display": "MII PR MolGen Variante", "module": "modul-molgen", "url": "https://www.medizininformatik-initiative.de/fhir/ext/modul-molgen/StructureDefinition/variante", "leaf": true, "selectable": true}, {"id": "6ec3b72c-e350-4f79-8478-de7bad9b090e", "name": "MII_PR_MolGen_TherapeutischeImplikation", "display": "MII PR MolGen Therapeutische Implikation", "module": "modul-molgen", "url": "https://www.medizininformatik-initiative.de/fhir/ext/modul-molgen/StructureDefinition/therapeutische-implikation", "leaf": true, "selectable": true}, {"id": "f60682be-668e-40f5-be9a-67268a570d94", "name": "MII_PR_MolGen_UntersuchteRegion", "display": "MII PR MolGen Untersuchte Region", "module": "modul-molgen", "url": "https://www.medizininformatik-initiative.de/fhir/ext/modul-molgen/StructureDefinition/untersuchte-region", "leaf": true, "selectable": true}, {"id": "a9549285-dc99-4b80-8158-d5340b04cc68", "name": "MII_PR_MolGen_PolygenerRisikoScore", "display": "MII PR MolGen Polygener Risiko Score", "module": "modul-molgen", "url": "https://www.medizininformatik-initiative.de/fhir/ext/modul-molgen/StructureDefinition/polygener-risiko-score", "leaf": true, "selectable": true}]}, {"id": "c512632d-2a29-4ef0-aff3-152080d97e91", "name": "modul-labor", "display": "Labor", "url": "modul-labor", "module": "modul-labor", "selectable": false, "leaf": false, "children": [{"id": "8f45affe-ba8e-4ea1-8130-5c9a23a23fce", "name": "ProfileObservationLaboruntersuchung", "display": "Profile - Observation - Laboruntersuchung", "module": "modul-labor", "url": "https://www.medizininformatik-initiative.de/fhir/core/modul-labor/StructureDefinition/ObservationLab", "leaf": true, "selectable": true}, {"id": "5b8730e4-e457-4b98-b9fa-b18eb4cd5d9f", "name": "ProfileServiceRequestLaboranforderung", "display": "Profile - ServiceRequest - Laboranforderung", "module": "modul-labor", "url": "https://www.medizininformatik-initiative.de/fhir/core/modul-labor/StructureDefinition/ServiceRequestLab", "leaf": true, "selectable": true}, {"id": "88081eee-7ee6-4751-92a7-2c41d1c6aee4", "name": "ProfileDiagnosticReportLaborbefund", "display": "Profile - DiagnosticReport - Laborbefund", "module": "modul-labor", "url": "https://www.medizininformatik-initiative.de/fhir/core/modul-labor/StructureDefinition/DiagnosticReportLab", "leaf": true, "selectable": true}]}], "selectable": false}