{"name": "Root", "module": "no-module", "url": "no-url", "children": [{"id": "e4709791-214f-4227-9e2e-4f8dbcc4fdf9", "name": "modul-medikation", "display": "Medikation", "url": "modul-medikation", "module": "modul-medikation", "selectable": false, "leaf": false, "children": [{"id": "2cf71721-0f55-4aba-bfc5-de20b3b9c2b0", "name": "MII_PR_Medikation_MedicationStatement", "display": "MII PR Medikation MedicationStatement", "module": "modul-medikation", "url": "https://www.medizininformatik-initiative.de/fhir/core/modul-medikation/StructureDefinition/MedicationStatement", "leaf": true, "selectable": true}, {"id": "03b0fc98-cabf-4d10-998b-c21a597ed7bf", "name": "MII_PR_Medikation_Medikationsliste", "display": "MII PR Medikation Medikationsliste", "module": "modul-medikation", "url": "https://www.medizininformatik-initiative.de/fhir/core/modul-medikation/StructureDefinition/medikationsliste", "leaf": true, "selectable": true}, {"id": "ce67beac-3c68-4cb0-a4cc-66e45147743f", "name": "MII_PR_Medikation_MedicationRequest", "display": "MII PR Medikation MedicationRequest", "module": "modul-medikation", "url": "https://www.medizininformatik-initiative.de/fhir/core/modul-medikation/StructureDefinition/MedicationRequest", "leaf": true, "selectable": true}, {"id": "e5731573-a451-4a86-b8cc-5a18dd6e6232", "name": "MII_PR_Medikation_Medication", "display": "MII PR Medikation Medication", "module": "modul-medikation", "url": "https://www.medizininformatik-initiative.de/fhir/core/modul-medikation/StructureDefinition/Medication", "leaf": true, "selectable": true}, {"id": "febd01d5-da9b-4efa-9bef-1a89d710cbce", "name": "MII_PR_Medikation_MedicationAdministration", "display": "MII PR Medikation MedicationAdministration", "module": "modul-medikation", "url": "https://www.medizininformatik-initiative.de/fhir/core/modul-medikation/StructureDefinition/MedicationAdministration", "leaf": true, "selectable": true}]}, {"id": "11298b19-efc9-442f-b55a-bc36aa89c470", "name": "modul-consent", "display": "Consent", "url": "modul-consent", "module": "modul-consent", "selectable": false, "leaf": false, "children": [{"id": "fba51de9-dead-45a3-bb03-47569d9981e7", "name": "ConsentManagementProvenance", "display": "Consent Management Provenance", "module": "http://fhir.de/ConsentManagement/StructureDefinition/Provenance", "url": "http://fhir.de/ConsentManagement/StructureDefinition/Provenance", "leaf": false, "selectable": false, "children": [{"id": "39b113ef-bb85-464e-aaa0-d01bc6f3f1f5", "name": "MII_PR_Consent_Provenance", "display": "Profile - MI-I - Consent - Provenance", "module": "modul-consent", "url": "https://www.medizininformatik-initiative.de/fhir/modul-consent/StructureDefinition/mii-pr-consent-provenance", "leaf": true, "selectable": true}]}, {"id": "dca63d7c-a5ae-49f2-a441-d5c8a4d304d5", "name": "MII_PR_Consent_Einwilligung", "display": "Profile - MI-I - Consent - Einwilligung", "module": "modul-consent", "url": "https://www.medizininformatik-initiative.de/fhir/modul-consent/StructureDefinition/mii-pr-consent-einwilligung", "leaf": true, "selectable": true}, {"id": "d15581be-ee4c-4c7c-bfb7-7564824d9de2", "name": "ConsentManagementDocumentReference", "display": "Consent Management DocumentReference", "module": "http://fhir.de/ConsentManagement/StructureDefinition/DocumentReference", "url": "http://fhir.de/ConsentManagement/StructureDefinition/DocumentReference", "leaf": false, "selectable": false, "children": [{"id": "c8566833-a884-4721-b4c1-cfe957fbcd93", "name": "MII_PR_Consent_DocumentReference", "display": "Profile - MI-I - Consent - DocumentReference", "module": "modul-consent", "url": "https://www.medizininformatik-initiative.de/fhir/modul-consent/StructureDefinition/mii-pr-consent-documentreference", "leaf": true, "selectable": true}]}]}, {"id": "f29dfb51-da2b-466c-b695-dbfe4a614b86", "name": "modul-biobank", "display": "Biobank", "url": "modul-biobank", "module": "modul-biobank", "selectable": false, "leaf": false, "children": [{"id": "000f0e85-729f-4c05-bcf6-06cee0a61042", "name": "ProfileSubstanceAdditiv", "display": "Profile - Substance - Additiv", "module": "modul-biobank", "url": "https://www.medizininformatik-initiative.de/fhir/ext/modul-biobank/StructureDefinition/Substance", "leaf": true, "selectable": true}, {"id": "e109dfc9-d583-4f95-a85a-c894bd4dbb7c", "name": "ProfileOrganizationSammlungBiobank", "display": "Profile - Organization - Sammlung/Biobank", "module": "modul-biobank", "url": "https://www.medizininformatik-initiative.de/fhir/ext/modul-biobank/StructureDefinition/Organization", "leaf": true, "selectable": true}, {"id": "448b883f-f550-47a9-a086-26fac99a0ea2", "name": "ProfileSpecimenBioprobeCore", "display": "Profile - Specimen - Bioprobe - Core", "module": "modul-biobank", "url": "https://www.medizininformatik-initiative.de/fhir/ext/modul-biobank/StructureDefinition/SpecimenCore", "leaf": false, "selectable": false, "children": [{"id": "724bf329-ef28-4ed8-aa71-4d5100a12025", "name": "ProfileSpecimenBioprobe", "display": "Profile - Specimen - Bioprobe", "module": "modul-biobank", "url": "https://www.medizininformatik-initiative.de/fhir/ext/modul-biobank/StructureDefinition/Specimen", "leaf": true, "selectable": true}]}]}, {"id": "b556e361-6cd9-4173-b7f1-25c3792b2f02", "name": "modul-prozedur", "display": "Prozedur", "url": "modul-prozedur", "module": "modul-prozedur", "selectable": false, "leaf": false, "children": [{"id": "9f83cd3b-74a0-4513-b1a0-18030b857a32", "name": "MII_PR_Prozedur_Procedure", "display": "MII PR Prozedur Procedure", "module": "modul-prozedur", "url": "https://www.medizininformatik-initiative.de/fhir/core/modul-prozedur/StructureDefinition/Procedure", "leaf": true, "selectable": true}]}, {"id": "fd10f273-fe47-4b6c-afd5-dadb628ea37a", "name": "modul-person", "display": "Person", "url": "modul-person", "module": "modul-person", "selectable": false, "leaf": false, "children": [{"id": "c6564da7-d94a-421e-ac11-59cdbfd662a5", "name": "MII_PR_Person_Vitalstatus", "display": "MII PR Person Vitalstatus", "module": "modul-person", "url": "https://www.medizininformatik-initiative.de/fhir/core/modul-person/StructureDefinition/Vitalstatus", "leaf": true, "selectable": true}, {"id": "2c8c3827-b304-4576-9b22-891001105cec", "name": "MII_PR_Person_PatientPseudonymisiert", "display": "MII PR Person Patient (Pseudonymisiert)", "module": "modul-person", "url": "https://www.medizininformatik-initiative.de/fhir/core/modul-person/StructureDefinition/PatientPseudonymisiert", "leaf": true, "selectable": true}, {"id": "d68a7599-3388-4af1-96d2-e53b08851bea", "name": "MII_PR_Person_Proband", "display": "MII PR Person Proband", "module": "modul-person", "url": "https://www.medizininformatik-initiative.de/fhir/core/modul-person/StructureDefinition/ResearchSubject", "leaf": true, "selectable": true}, {"id": "c5d69b01-fdb5-43a5-a677-44fa19b0ed70", "name": "MII_PR_Person_Patient", "display": "MII PR Person Patient", "module": "modul-person", "url": "https://www.medizininformatik-initiative.de/fhir/core/modul-person/StructureDefinition/Patient", "leaf": true, "selectable": true}, {"id": "d2f5c8eb-66fe-4ed6-bfbf-a8f600aa1727", "name": "MII_PR_Person_Todesursache", "display": "MII PR Person Todesursache", "module": "modul-person", "url": "https://www.medizininformatik-initiative.de/fhir/core/modul-person/StructureDefinition/Todesursache", "leaf": true, "selectable": true}]}, {"id": "5097423e-d458-4f56-a788-05ca4cf1b88b", "name": "http://fhir.de/ConsentManagement/StructureDefinition/DocumentReference", "display": "http://fhir.de/ConsentManagement/StructureDefinition/DocumentReference", "url": "http://fhir.de/ConsentManagement/StructureDefinition/DocumentReference", "module": "http://fhir.de/ConsentManagement/StructureDefinition/DocumentReference", "selectable": false, "leaf": false, "children": [{"id": "004f8486-08b2-4889-bb7f-ccd4cbe70185", "name": "ConsentManagementDocumentReference", "display": "Consent Management DocumentReference", "module": "http://fhir.de/ConsentManagement/StructureDefinition/DocumentReference", "url": "http://fhir.de/ConsentManagement/StructureDefinition/DocumentReference", "leaf": true, "selectable": true}]}, {"id": "35f6f734-0ba3-490e-9ff6-5e058aba1c07", "name": "http://fhir.de/ConsentManagement/StructureDefinition/TemplateFrame", "display": "http://fhir.de/ConsentManagement/StructureDefinition/TemplateFrame", "url": "http://fhir.de/ConsentManagement/StructureDefinition/TemplateFrame", "module": "http://fhir.de/ConsentManagement/StructureDefinition/TemplateFrame", "selectable": false, "leaf": false, "children": [{"id": "4c68b3eb-2b2c-4237-97b0-caec3954c746", "name": "ConsentManagementTemplateFrame", "display": "Consent Management Template Frame", "module": "http://fhir.de/ConsentManagement/StructureDefinition/TemplateFrame", "url": "http://fhir.de/ConsentManagement/StructureDefinition/TemplateFrame", "leaf": true, "selectable": true}]}, {"id": "89d2e110-2ee5-46a8-a660-e72c4db42536", "name": "http://fhir.de/ConsentManagement/StructureDefinition/Consent", "display": "http://fhir.de/ConsentManagement/StructureDefinition/Consent", "url": "http://fhir.de/ConsentManagement/StructureDefinition/Consent", "module": "http://fhir.de/ConsentManagement/StructureDefinition/Consent", "selectable": false, "leaf": false, "children": [{"id": "2fcea4dd-144d-4bcd-9aa2-214dad87a880", "name": "ConsentManagementConsent", "display": "Consent Management: Consent", "module": "http://fhir.de/ConsentManagement/StructureDefinition/Consent", "url": "http://fhir.de/ConsentManagement/StructureDefinition/Consent", "leaf": true, "selectable": true}]}, {"id": "87e06f67-931e-49c3-8fb0-51d1d87e23de", "name": "http://fhir.de/ConsentManagement/StructureDefinition/TemplateModule", "display": "http://fhir.de/ConsentManagement/StructureDefinition/TemplateModule", "url": "http://fhir.de/ConsentManagement/StructureDefinition/TemplateModule", "module": "http://fhir.de/ConsentManagement/StructureDefinition/TemplateModule", "selectable": false, "leaf": false, "children": [{"id": "d94f2d5f-7600-48cd-afd3-a23db98d04f9", "name": "ConsentManagementTemplateModule", "display": "Consent Management Template Module", "module": "http://fhir.de/ConsentManagement/StructureDefinition/TemplateModule", "url": "http://fhir.de/ConsentManagement/StructureDefinition/TemplateModule", "leaf": true, "selectable": true}]}, {"id": "63e5f7ba-a63f-4a90-96c0-72d02a0d2815", "name": "http://fhir.de/ConsentManagement/StructureDefinition/Domain/Organization", "display": "http://fhir.de/ConsentManagement/StructureDefinition/Domain/Organization", "url": "http://fhir.de/ConsentManagement/StructureDefinition/Domain/Organization", "module": "http://fhir.de/ConsentManagement/StructureDefinition/Domain/Organization", "selectable": false, "leaf": false, "children": [{"id": "25d39dfd-17b5-40cd-8410-40dd59a22102", "name": "ConsentManagementDomainOrganization", "display": "Consent Management Domain Organization", "module": "http://fhir.de/ConsentManagement/StructureDefinition/Domain/Organization", "url": "http://fhir.de/ConsentManagement/StructureDefinition/Domain/Organization", "leaf": true, "selectable": true}]}, {"id": "32cd06bd-9487-4a57-83f4-0250102b426e", "name": "http://fhir.de/ConsentManagement/StructureDefinition/QuestionnaireComposed", "display": "http://fhir.de/ConsentManagement/StructureDefinition/QuestionnaireComposed", "url": "http://fhir.de/ConsentManagement/StructureDefinition/QuestionnaireComposed", "module": "http://fhir.de/ConsentManagement/StructureDefinition/QuestionnaireComposed", "selectable": false, "leaf": false, "children": [{"id": "e22ed04b-e018-4426-8afd-d16f1d0d6a2d", "name": "ConsentManagementQuestionnaireComposed", "display": "Consent Management Questionnaire Composed", "module": "http://fhir.de/ConsentManagement/StructureDefinition/QuestionnaireComposed", "url": "http://fhir.de/ConsentManagement/StructureDefinition/QuestionnaireComposed", "leaf": true, "selectable": true}]}, {"id": "5055a94f-7b27-46b8-a90b-f3e9a9ea75a3", "name": "http://fhir.de/ConsentManagement/StructureDefinition/Domain/ResearchStudy", "display": "http://fhir.de/ConsentManagement/StructureDefinition/Domain/ResearchStudy", "url": "http://fhir.de/ConsentManagement/StructureDefinition/Domain/ResearchStudy", "module": "http://fhir.de/ConsentManagement/StructureDefinition/Domain/ResearchStudy", "selectable": false, "leaf": false, "children": [{"id": "fe000c39-a44f-42c3-bb2d-02f47aff7b70", "name": "ConsentManagementDomainResearchStudy", "display": "Consent Management Domain Research Study", "module": "http://fhir.de/ConsentManagement/StructureDefinition/Domain/ResearchStudy", "url": "http://fhir.de/ConsentManagement/StructureDefinition/Domain/ResearchStudy", "leaf": true, "selectable": true}]}, {"id": "205d513a-cd04-481d-92d8-811dac114d06", "name": "http://fhir.de/ConsentManagement/StructureDefinition/QuestionnaireResponse", "display": "http://fhir.de/ConsentManagement/StructureDefinition/QuestionnaireResponse", "url": "http://fhir.de/ConsentManagement/StructureDefinition/QuestionnaireResponse", "module": "http://fhir.de/ConsentManagement/StructureDefinition/QuestionnaireResponse", "selectable": false, "leaf": false, "children": [{"id": "3dc2acfe-305f-4339-9ac8-83dfaf68a83e", "name": "ConsentManagementQuestionnaireResponse", "display": "Consent Management QuestionnaireResponse", "module": "http://fhir.de/ConsentManagement/StructureDefinition/QuestionnaireResponse", "url": "http://fhir.de/ConsentManagement/StructureDefinition/QuestionnaireResponse", "leaf": true, "selectable": true}]}, {"id": "320c8a0c-30fb-4d60-81d3-55351046bed1", "name": "http://fhir.de/ConsentManagement/StructureDefinition/Provenance", "display": "http://fhir.de/ConsentManagement/StructureDefinition/Provenance", "url": "http://fhir.de/ConsentManagement/StructureDefinition/Provenance", "module": "http://fhir.de/ConsentManagement/StructureDefinition/Provenance", "selectable": false, "leaf": false, "children": [{"id": "3cb461e0-9350-4ab0-abea-f221fbcb1ba5", "name": "ConsentManagementProvenance", "display": "Consent Management Provenance", "module": "http://fhir.de/ConsentManagement/StructureDefinition/Provenance", "url": "http://fhir.de/ConsentManagement/StructureDefinition/Provenance", "leaf": true, "selectable": true}]}, {"id": "7a10d554-efdd-41b8-9984-0f2c9bd9cfc0", "name": "http://fhir.de/ConsentManagement/StructureDefinition/Patient", "display": "http://fhir.de/ConsentManagement/StructureDefinition/Patient", "url": "http://fhir.de/ConsentManagement/StructureDefinition/Patient", "module": "http://fhir.de/ConsentManagement/StructureDefinition/Patient", "selectable": false, "leaf": false, "children": [{"id": "fc9d105a-6bf4-4d80-af1e-ef7e39544bc5", "name": "ConsentManagementPatient", "display": "Consent Management: Patient", "module": "http://fhir.de/ConsentManagement/StructureDefinition/Patient", "url": "http://fhir.de/ConsentManagement/StructureDefinition/Patient", "leaf": true, "selectable": true}]}, {"id": "2c2efc72-8691-46ce-9860-34267b6e4172", "name": "modul-diagnose", "display": "Diagnose", "url": "modul-diagnose", "module": "modul-diagnose", "selectable": false, "leaf": false, "children": [{"id": "82b5f810-e137-4c47-bf91-6841bdca9def", "name": "MII_PR_Diagnose_Condition", "display": "MII PR Diagnose Condition", "module": "modul-diagnose", "url": "https://www.medizininformatik-initiative.de/fhir/core/modul-diagnose/StructureDefinition/Diagnose", "leaf": true, "selectable": true}]}, {"id": "c5400214-f5c4-42b7-8929-1f42cd2a41b9", "name": "modul-fall", "display": "Fall", "url": "modul-fall", "module": "modul-fall", "selectable": false, "leaf": false, "children": [{"id": "04748306-048e-4e24-9b6c-42729ed78146", "name": "MII_PR_Fall_KontaktGesundheitseinrichtung", "display": "MII PR Fall Kontakt mit einer Gesundheitseinrichtung", "module": "modul-fall", "url": "https://www.medizininformatik-initiative.de/fhir/core/modul-fall/StructureDefinition/KontaktGesundheitseinrichtung", "leaf": true, "selectable": true}]}, {"id": "a63ff838-1101-43c4-9b5e-dcd1d8a17985", "name": "modul-icu", "display": "Icu", "url": "modul-icu", "module": "modul-icu", "selectable": false, "leaf": false, "children": [{"id": "65335027-a130-43e8-a340-79eb8dcf33da", "name": "SD_MII_ICU_Devicemetric_Eingestellte_Gemessene_Parameter_Beatmung", "display": "SD MII ICU DeviceMetric Eingestellte Gemessene Parameter Beatmung", "module": "modul-icu", "url": "https://www.medizininformatik-initiative.de/fhir/ext/modul-icu/StructureDefinition/devicemetric-eingestellte-gemessene-parameter-beatmung", "leaf": true, "selectable": true}, {"id": "d8822f17-e57e-4637-863e-a3c1c52043e5", "name": "SD_MII_ICU_Monitoring_Und_Vitaldaten", "display": "SD MII ICU Monitoring und Vitaldaten", "module": "modul-icu", "url": "https://www.medizininformatik-initiative.de/fhir/ext/modul-icu/StructureDefinition/monitoring-und-vitaldaten", "leaf": false, "selectable": false, "children": [{"id": "79e052c4-fd96-4229-8441-3a6ba6478f0b", "name": "SD_MII_ICU_Linksventrikulaeres_Herzzeitvolumen_Durch_Indikatorverduennung", "display": "SD MII ICU Linksventrikulaeres Herzzeitvolumen Durch Indikatorverduennung", "module": "modul-icu", "url": "https://www.medizininformatik-initiative.de/fhir/ext/modul-icu/StructureDefinition/linksventrikulaeres-herzzeitvolumen-durch-indikatorverduennung", "leaf": true, "selectable": true}, {"id": "7d3c5603-83cf-4089-a712-12cb9b5f420c", "name": "SD_MII_ICU_Sauerstoffsaettigung_Im_Blut_Preduktal_Durch_Pulsoxymetrie", "display": "SD MII ICU Sauerstoffsaettigung Im Blut Preduktal Durch Pulsoxymetrie", "module": "modul-icu", "url": "https://www.medizininformatik-initiative.de/fhir/ext/modul-icu/StructureDefinition/sauerstoffsaettigung-im-blut-preduktal-durch-pulsoxymetrie", "leaf": true, "selectable": true}, {"id": "87cd4122-7ab8-496b-82ba-029888de1db8", "name": "SD_MII_ICU_Koerpertemperatur_Generisch", "display": "SD MII ICU Koerpertemperatur Generisch", "module": "modul-icu", "url": "https://www.medizininformatik-initiative.de/fhir/ext/modul-icu/StructureDefinition/koerpertemperatur-generisch", "leaf": false, "selectable": false, "children": [{"id": "78a12c89-c244-4f64-877e-fd25d7c9234d", "name": "SD_MII_ICU_Koerpertemperatur_Brust", "display": "SD MII ICU Koerpertemperatur Brust", "module": "modul-icu", "url": "https://www.medizininformatik-initiative.de/fhir/ext/modul-icu/StructureDefinition/koerpertemperatur-brust", "leaf": true, "selectable": true}, {"id": "5759d072-06a5-4f1a-8af1-544798a573d9", "name": "SD_MII_ICU_Koerpertemperatur_Nasal", "display": "SD MII ICU Koerpertemperatur nasal", "module": "modul-icu", "url": "https://www.medizininformatik-initiative.de/fhir/ext/modul-icu/StructureDefinition/koerpertemperatur-nasal", "leaf": true, "selectable": true}, {"id": "64ae5e9e-bb0c-49dc-8849-54b2f7915a8b", "name": "SD_MII_ICU_Koerpertemperatur_Rektal", "display": "SD MII ICU Koerpertemperatur rektal", "module": "modul-icu", "url": "https://www.medizininformatik-initiative.de/fhir/ext/modul-icu/StructureDefinition/koerpertemperatur-rektal", "leaf": true, "selectable": true}, {"id": "5d610606-f182-4576-9ff0-d9acc8389d14", "name": "SD_MII_ICU_Koerpertemperatur_Vaginal", "display": "SD MII ICU Koerpertemperatur vaginal", "module": "modul-icu", "url": "https://www.medizininformatik-initiative.de/fhir/ext/modul-icu/StructureDefinition/koerpertemperatur-vaginal", "leaf": true, "selectable": true}, {"id": "bf20571d-f4e0-481f-ac97-64051eaa9b04", "name": "SD_MII_ICU_Koerpertemperatur_Lendenwirbelsaeule", "display": "SD MII ICU Koerpertemperatur Lendenwirbelsaeule", "module": "modul-icu", "url": "https://www.medizininformatik-initiative.de/fhir/ext/modul-icu/StructureDefinition/koerpertemperatur-lendenwirbelsaeule", "leaf": true, "selectable": true}, {"id": "97cef451-0c19-4b17-a93d-b739b7624807", "name": "SD_MII_ICU_Koerpertemperatur_Trommelfell", "display": "SD MII ICU Koerpertemperatur Trommelfell", "module": "modul-icu", "url": "https://www.medizininformatik-initiative.de/fhir/ext/modul-icu/StructureDefinition/koerpertemperatur-trommelfell", "leaf": true, "selectable": true}, {"id": "12b18316-0b33-4a24-a402-a3e373f3bd71", "name": "SD_MII_ICU_Koerpertemperatur_Unter_Der_Zunge", "display": "SD MII ICU Koerpertemperatur unter der Zunge", "module": "modul-icu", "url": "https://www.medizininformatik-initiative.de/fhir/ext/modul-icu/StructureDefinition/koerpertemperatur-unter-der-zunge", "leaf": true, "selectable": true}, {"id": "8418010d-3cd4-40f1-9ffe-185ccc4a7caa", "name": "SD_MII_ICU_Koerpertemperatur_Leiste", "display": "SD MII ICU Koerpertemperatur Leiste", "module": "modul-icu", "url": "https://www.medizininformatik-initiative.de/fhir/ext/modul-icu/StructureDefinition/koerpertemperatur-leiste", "leaf": true, "selectable": true}, {"id": "731e4e31-32d8-4271-8013-426e31460b16", "name": "SD_MII_ICU_Koerpertemperatur_Nasen_Rachen_Raum", "display": "SD MII ICU Koerpertemperatur Nasen-Rachen-Raum", "module": "modul-icu", "url": "https://www.medizininformatik-initiative.de/fhir/ext/modul-icu/StructureDefinition/koerpertemperatur-nasen-rachen-raum", "leaf": true, "selectable": true}, {"id": "ae9c3bf8-cbe7-4f51-a4d7-7351838051e7", "name": "SD_MII_ICU_Koerpertemperatur_Speiseroehre", "display": "SD MII ICU Koerpertemperatur Speiseroehre", "module": "modul-icu", "url": "https://www.medizininformatik-initiative.de/fhir/ext/modul-icu/StructureDefinition/koerpertemperatur-speiseroehre", "leaf": true, "selectable": true}, {"id": "06d5d74f-1afc-4aa4-8ecd-5435d23763b4", "name": "SD_MII_ICU_Koerpertemperatur_Stirn", "display": "SD MII ICU Koerpertemperatur Stirn", "module": "modul-icu", "url": "https://www.medizininformatik-initiative.de/fhir/ext/modul-icu/StructureDefinition/koerpertemperatur-stirn", "leaf": true, "selectable": true}, {"id": "41ecf13f-096b-4162-9f50-cbd5270d83a3", "name": "SD_MII_ICU_Koerpertemperatur_Achsel", "display": "SD MII ICU Koerpertemperatur Achsel", "module": "modul-icu", "url": "https://www.medizininformatik-initiative.de/fhir/ext/modul-icu/StructureDefinition/koerpertemperatur-achsel", "leaf": true, "selectable": true}, {"id": "56a60608-b50b-410b-9559-3c986e545f26", "name": "SD_MII_ICU_Koerpertemperatur_Halswirbelsaeule", "display": "SD MII ICU Koerpertemperatur Halswirbelsaeule", "module": "modul-icu", "url": "https://www.medizininformatik-initiative.de/fhir/ext/modul-icu/StructureDefinition/koerpertemperatur-halswirbelsaeule", "leaf": true, "selectable": true}, {"id": "7cbddd05-b553-4dcc-8042-a85a9cc2a8f6", "name": "SD_MII_ICU_Koerpertemperatur_Kern", "display": "SD MII ICU Koerpertemperatur Kern", "module": "modul-icu", "url": "https://www.medizininformatik-initiative.de/fhir/ext/modul-icu/StructureDefinition/koerpertemperatur-kern", "leaf": true, "selectable": true}, {"id": "21f4c1dd-5a0f-4e32-938e-d0f563454d0e", "name": "SD_MII_ICU_Koerpertemperatur_Atemwege", "display": "SD MII ICU Koerpertemperatur Atemwege", "module": "modul-icu", "url": "https://www.medizininformatik-initiative.de/fhir/ext/modul-icu/StructureDefinition/koerpertemperatur-atemwege", "leaf": true, "selectable": true}, {"id": "1c4e73dd-d01f-40a0-bde7-0a6399b806ad", "name": "SD_MII_ICU_Koerpertemperatur_Blut", "display": "SD MII ICU Koerpertemperatur Blut", "module": "modul-icu", "url": "https://www.medizininformatik-initiative.de/fhir/ext/modul-icu/StructureDefinition/koerpertemperatur-blut", "leaf": true, "selectable": true}, {"id": "7c1c1be0-cb12-413c-82dc-f7e5e056101c", "name": "SD_MII_ICU_Koerpertemperatur_Brustwirbelsaeule", "display": "SD MII ICU Koerpertemperatur Brustwirbelsaeule", "module": "modul-icu", "url": "https://www.medizininformatik-initiative.de/fhir/ext/modul-icu/StructureDefinition/koerpertemperatur-brustwirbelsaeule", "leaf": true, "selectable": true}, {"id": "bcac3d2b-b56c-46b1-aa38-4c7b021c1301", "name": "SD_MII_ICU_Koerpertemperatur_Harnblase", "display": "SD MII ICU Koerpertemperatur Harnblase", "module": "modul-icu", "url": "https://www.medizininformatik-initiative.de/fhir/ext/modul-icu/StructureDefinition/koerpertemperatur-harnblase", "leaf": true, "selectable": true}]}, {"id": "cfe7d7cb-87c4-4962-a200-f726040ce819", "name": "SD_MII_ICU_Linksventrikulaeres_Schlagvolumenindex", "display": "SD MII ICU Linksventrikulaeres Schlagvolumenindex", "module": "modul-icu", "url": "https://www.medizininformatik-initiative.de/fhir/ext/modul-icu/StructureDefinition/linksventrikulaeres-schlagvolumenindex", "leaf": true, "selectable": true}, {"id": "73ad4e76-76bc-41cc-9bdc-f48b5a8fbb04", "name": "SD_MII_ICU_Linksventrikulaerer_Herzindex", "display": "SD MII ICU Linksventrikulaerer Herzindex", "module": "modul-icu", "url": "https://www.medizininformatik-initiative.de/fhir/ext/modul-icu/StructureDefinition/linksventrikulaerer-herzindex", "leaf": true, "selectable": true}, {"id": "d7af2ac2-90f2-4074-a5d3-b324fec9e422", "name": "SD_MII_ICU_Pulmonalarterieller_Wedge_Druck", "display": "SD MII ICU Pulmonalarterieller Wedge Druck", "module": "modul-icu", "url": "https://www.medizininformatik-initiative.de/fhir/ext/modul-icu/StructureDefinition/pulmonalarterieller-wedge-druck", "leaf": true, "selectable": true}, {"id": "175d2722-02e0-4b9a-92c5-91dbec1f1711", "name": "SD_MII_ICU_Sauerstoffsaettigung_Im_Arteriellen_Blut_Durch_Pulsoxymetrie", "display": "SD MII ICU Sauerstoffsaettigung Im Arteriellen Blut Durch Pulsoxymetrie", "module": "modul-icu", "url": "https://www.medizininformatik-initiative.de/fhir/ext/modul-icu/StructureDefinition/sauerstoffsaettigung-im-arteriellen-blut-durch-pulsoxymetrie", "leaf": true, "selectable": true}, {"id": "6e1dd00e-5472-439b-89c7-30da98974e07", "name": "SD_MII_ICU_Sauerstoffsaettigung_Im_Blut_Postduktal_Durch_Pulsoxymetrie", "display": "SD MII ICU Sauerstoffsaettigung Im Blut Postduktal Durch Pulsoxymetrie", "module": "modul-icu", "url": "https://www.medizininformatik-initiative.de/fhir/ext/modul-icu/StructureDefinition/sauerstoffsaettigung-im-blut-postduktal-durch-pulsoxymetrie", "leaf": true, "selectable": true}, {"id": "848673f4-d85b-475d-92ed-b41cad034b1c", "name": "SD_MII_ICU_Linksventrikulaerer_Herzindex_Durch_Indikatorverduennung", "display": "SD MII ICU Linksventrikulaerer Herzindex durch Indikatorverduennung", "module": "modul-icu", "url": "https://www.medizininformatik-initiative.de/fhir/ext/modul-icu/StructureDefinition/linksventrikulaerer-herzindex-durch-indikatorverduennung", "leaf": true, "selectable": true}, {"id": "9d6a1b5a-9b6a-4a9b-8eb0-19c3699655f7", "name": "SD_MII_ICU_Linksventrikulaerer_Schlagvolumenindex_Durch_Indikatorverduennung", "display": "SD MII ICU Linksventrikulaerer Schlagvolumenindex Durch Indikatorverduennung", "module": "modul-icu", "url": "https://www.medizininformatik-initiative.de/fhir/ext/modul-icu/StructureDefinition/linksventrikulaerer-schlagvolumenindex-durch-indikatorverduennung", "leaf": true, "selectable": true}, {"id": "016913c2-552b-4846-a95b-1819cd2a6fb6", "name": "SD_MII_ICU_Herzfrequenz", "display": "SD MII ICU Herzfrequenz", "module": "modul-icu", "url": "https://www.medizininformatik-initiative.de/fhir/ext/modul-icu/StructureDefinition/herzfrequenz", "leaf": true, "selectable": true}, {"id": "07a246de-9440-4816-a23b-dc0f43e0eab3", "name": "SD_MII_ICU_Systemischer_Vaskulaerer_Widerstandsindex", "display": "SD MII ICU Systemischer Vaskulaerer Widerstandsindex", "module": "modul-icu", "url": "https://www.medizininformatik-initiative.de/fhir/ext/modul-icu/StructureDefinition/systemischer-vaskulaerer-widerstandsindex", "leaf": true, "selectable": true}, {"id": "bdc2bc43-3175-493b-9e9e-8ccf38f8fce3", "name": "SD_MII_ICU_Puls", "display": "SD MII ICU Puls", "module": "modul-icu", "url": "https://www.medizininformatik-initiative.de/fhir/ext/modul-icu/StructureDefinition/puls", "leaf": true, "selectable": true}, {"id": "e8be1db5-30fc-4a17-a634-8c56a52964db", "name": "SD_MII_ICU_Linksventrikulaeres_Schlagvolumen_Durch_Indikatorverduennung", "display": "SD MII ICU Linksventrikulaeres Schlagvolumen Durch Indikatorverduennung", "module": "modul-icu", "url": "https://www.medizininformatik-initiative.de/fhir/ext/modul-icu/StructureDefinition/linksventrikulaeres-schlagvolumen-durch-indikatorverduennung", "leaf": true, "selectable": true}, {"id": "2561a9e0-e6e0-4d34-ba47-ad2cf1516201", "name": "SD_MII_ICU_Herzzeitvolumen", "display": "SD MII ICU Herzzeitvolumen", "module": "modul-icu", "url": "https://www.medizininformatik-initiative.de/fhir/ext/modul-icu/StructureDefinition/herzzeitvolumen", "leaf": true, "selectable": true}, {"id": "97273c7c-9039-4ec4-b4e3-d1f8cb02979f", "name": "SD_MII_ICU_Intrakranieller_Druck_Icp", "display": "SD MII ICU Intrakranieller Druck ICP", "module": "modul-icu", "url": "https://www.medizininformatik-initiative.de/fhir/ext/modul-icu/StructureDefinition/intrakranieller-druck-icp", "leaf": true, "selectable": true}, {"id": "48b57335-d7b8-4bef-974f-4bc4dc086491", "name": "SD_MII_ICU_Koerpergewicht_Percentil_Altersabhaengig", "display": "SD MII ICU Koerpergewicht Percentil Altersabhaengig", "module": "modul-icu", "url": "https://www.medizininformatik-initiative.de/fhir/ext/modul-icu/StructureDefinition/koerpergewicht-percentil-altersabhaengig", "leaf": true, "selectable": true}, {"id": "37fec7a4-bec2-4a5c-8d09-70dc0d30c11c", "name": "SD_MII_ICU_Zentralvenoeser_Blutdruck", "display": "SD MII ICU Zentralvenoeser Blutdruck", "module": "modul-icu", "url": "https://www.medizininformatik-initiative.de/fhir/ext/modul-icu/StructureDefinition/zentralvenoeser-blutdruck", "leaf": true, "selectable": true}, {"id": "a6529058-1ad0-4171-9763-d7a56089ccc0", "name": "SD_MII_ICU_Ideales_Koerpergewicht", "display": "SD MII ICU Ideales Koerpergewicht", "module": "modul-icu", "url": "https://www.medizininformatik-initiative.de/fhir/ext/modul-icu/StructureDefinition/ideales-koerpergewicht", "leaf": true, "selectable": true}, {"id": "b513474a-f00a-4c26-942e-59005d938a48", "name": "SD_MII_ICU_Koerpergroesse_Percentil", "display": "SD MII ICU Koerpergroesse Percentil", "module": "modul-icu", "url": "https://www.medizininformatik-initiative.de/fhir/ext/modul-icu/StructureDefinition/koerpergroesse-percentil", "leaf": true, "selectable": true}, {"id": "fbcffee0-7886-429c-b2e6-44801b0406e4", "name": "SD_MII_ICU_Pulmonalvaskulaerer_Widerstandsindex", "display": "SD MII ICU Pulmonalvaskulaerer Widerstandsindex", "module": "modul-icu", "url": "https://www.medizininformatik-initiative.de/fhir/ext/modul-icu/StructureDefinition/pulmonalvaskulaerer-widerstandsindex", "leaf": true, "selectable": true}, {"id": "7c8d088e-08c2-4acf-962a-ee51ed47a13a", "name": "SD_MII_ICU_Linksventrikulaeres_Schlagvolumen", "display": "SD MII ICU Linksventrikulaeres Schlagvolumen", "module": "modul-icu", "url": "https://www.medizininformatik-initiative.de/fhir/ext/modul-icu/StructureDefinition/linksventrikulaeres-schlagvolumen", "leaf": true, "selectable": true}]}, {"id": "10526531-e3da-42ad-9ef2-11fef9a2f864", "name": "SD_MII_ICU_Sonstige_Pulsatile_Druecke_Generisch", "display": "SD MII ICU Sonstige pulsatile Druecke Generisch", "module": "modul-icu", "url": "https://www.medizininformatik-initiative.de/fhir/ext/modul-icu/StructureDefinition/sonstige-pulsatile-druecke-generisch", "leaf": false, "selectable": false, "children": [{"id": "74edb6c6-cc98-4a27-84d3-61cca64cffde", "name": "SD_MII_ICU_Linksventrikulaerer_Druck", "display": "SD MII ICU Linksventrikulaerer Druck", "module": "modul-icu", "url": "https://www.medizininformatik-initiative.de/fhir/ext/modul-icu/StructureDefinition/linksventrikulaerer-druck", "leaf": true, "selectable": true}, {"id": "7af9b6a6-7ce2-4144-9ea2-a6af17787a22", "name": "SD_MII_ICU_Linksatrialer_Druck", "display": "SD MII ICU Linksatrialer Druck", "module": "modul-icu", "url": "https://www.medizininformatik-initiative.de/fhir/ext/modul-icu/StructureDefinition/linksatrialer-druck", "leaf": true, "selectable": true}, {"id": "e46d8b54-e208-46e0-8ca9-e2b14ec76a83", "name": "SD_MII_ICU_Rechtsatrialer_Druck", "display": "SD MII ICU Rechtsatrialer Druck", "module": "modul-icu", "url": "https://www.medizininformatik-initiative.de/fhir/ext/modul-icu/StructureDefinition/rechtsatrialer-druck", "leaf": true, "selectable": true}, {"id": "1356f76f-627c-4050-ab2c-3f5ca67db95e", "name": "SD_MII_ICU_Rechtsventrikulaerer_Druck", "display": "SD MII ICU Rechtsventrikulaerer Druck", "module": "modul-icu", "url": "https://www.medizininformatik-initiative.de/fhir/ext/modul-icu/StructureDefinition/rechtsventrikulaerer-druck", "leaf": true, "selectable": true}, {"id": "a9d990ed-40e9-42a8-ac61-fb7b77e2edcb", "name": "SD_MII_ICU_Pulmonalarterieller_Blutdruck", "display": "SD MII ICU Pulmonalarterieller Blutdruck", "module": "modul-icu", "url": "https://www.medizininformatik-initiative.de/fhir/ext/modul-icu/StructureDefinition/pulmonalarterieller-blutdruck", "leaf": true, "selectable": true}]}, {"id": "c81fe666-6258-4be7-928f-09484d70815b", "name": "SD_MII_ICU_Parameter_Von_Beatmung", "display": "SD MII ICU Parameter von Beatmung", "module": "modul-icu", "url": "https://www.medizininformatik-initiative.de/fhir/ext/modul-icu/StructureDefinition/parameter-von-beatmung", "leaf": false, "selectable": false, "children": [{"id": "ab89e42b-082c-4724-9115-106528f73781", "name": "SD_MII_ICU_Maximaler_Beatmungsdruck", "display": "SD MII ICU Maximaler Beatmungsdruck", "module": "modul-icu", "url": "https://www.medizininformatik-initiative.de/fhir/ext/modul-icu/StructureDefinition/maximaler-beatmungsdruck", "leaf": true, "selectable": true}, {"id": "ee23c35d-0748-4150-854a-68a9803729cf", "name": "SD_MII_ICU_Beatmungszeit_Hohem_Druck", "display": "SD MII ICU Beatmungszeit Hohem Druck", "module": "modul-icu", "url": "https://www.medizininformatik-initiative.de/fhir/ext/modul-icu/StructureDefinition/beatmungszeit-hohem-druck", "leaf": true, "selectable": true}, {"id": "0d82ac3e-fc18-407d-aa1f-a0b0ea1090e4", "name": "SD_MII_ICU_Atemzugvolumen_Einstellung", "display": "SD MII ICU Atemzugvolumen Einstellung", "module": "modul-icu", "url": "https://www.medizininformatik-initiative.de/fhir/ext/modul-icu/StructureDefinition/atemzugvolumen-einstellung", "leaf": true, "selectable": true}, {"id": "207fe3ee-68d8-480d-8948-e6e901bbbd01", "name": "SD_MII_ICU_Einstellung_Einatmungszeit_Beatmung", "display": "SD MII ICU Einstellung Einatmungszeit Beatmung", "module": "modul-icu", "url": "https://www.medizininformatik-initiative.de/fhir/ext/modul-icu/StructureDefinition/einstellung-einatmungszeit-beatmung", "leaf": true, "selectable": true}, {"id": "284a75a5-6bcc-454d-93b3-61f29fbed25c", "name": "SD_MII_ICU_Inspiratorischer_Gasfluss", "display": "SD MII ICU Inspiratorischer Gasfluss", "module": "modul-icu", "url": "https://www.medizininformatik-initiative.de/fhir/ext/modul-icu/StructureDefinition/inspiratorischer-gasfluss", "leaf": true, "selectable": true}, {"id": "758a999a-81ca-4844-a6ed-2a61d6ed31c7", "name": "SD_MII_ICU_Spontane_Atemfrequenz_Beatmet", "display": "SD MII ICU Spontane Atemfrequenz Beatmet", "module": "modul-icu", "url": "https://www.medizininformatik-initiative.de/fhir/ext/modul-icu/StructureDefinition/spontane-atemfrequenz-beatmet", "leaf": true, "selectable": true}, {"id": "39c793a1-8c18-4af3-86cd-3c5710d393d9", "name": "SD_MII_ICU_Mittlerer_Beatmungsdruck", "display": "SD MII ICU Mittlerer Beatmungsdruck", "module": "modul-icu", "url": "https://www.medizininformatik-initiative.de/fhir/ext/modul-icu/StructureDefinition/mittlerer-beatmungsdruck", "leaf": true, "selectable": true}, {"id": "c049ccd9-e998-4627-8f6d-0bc83228c5a2", "name": "SD_MII_ICU_Atemwegsdruck_Bei_Mittlerem_Expiratorischem_Gasfluss", "display": "SD MII ICU Atemwegsdruck Bei Mittlerem Expiratorischem Gasfluss", "module": "modul-icu", "url": "https://www.medizininformatik-initiative.de/fhir/ext/modul-icu/StructureDefinition/atemwegsdruck-bei-mittlerem-expiratorischem-gasfluss", "leaf": true, "selectable": true}, {"id": "6df4d458-9f26-408d-ba9f-09a81c7eb900", "name": "SD_MII_ICU_Zeitverhaeltnis_Ein_Ausatmung", "display": "SD MII ICU Zeitverhaeltnis Ein Ausatmung", "module": "modul-icu", "url": "https://www.medizininformatik-initiative.de/fhir/ext/modul-icu/StructureDefinition/zeitverhaeltnis-ein-ausatmung", "leaf": true, "selectable": true}, {"id": "0b5fa1e6-3369-42e4-9ce8-ba10f83cec39", "name": "SD_MII_ICU_Spontanes_Atemzugvolumen", "display": "SD MII ICU Spontanes Atemzugvolumen", "module": "modul-icu", "url": "https://www.medizininformatik-initiative.de/fhir/ext/modul-icu/StructureDefinition/spontanes-atemzugvolumen", "leaf": true, "selectable": true}, {"id": "6ff8288d-86b4-4cd5-8a28-2730e8d2df4d", "name": "SD_MII_ICU_Beatmungszeit_Niedrigem_Druck", "display": "SD MII ICU Beatmungszeit Niedrigem Druck", "module": "modul-icu", "url": "https://www.medizininformatik-initiative.de/fhir/ext/modul-icu/StructureDefinition/beatmungszeit-niedrigem-druck", "leaf": true, "selectable": true}, {"id": "9b226e81-8aa5-4b5a-9672-c8f5bab65be6", "name": "SD_MII_ICU_Atemzugvolumen_Waehrend_Beatmung", "display": "SD MII ICU Atemzugvolumen Waehrend Beatmung", "module": "modul-icu", "url": "https://www.medizininformatik-initiative.de/fhir/ext/modul-icu/StructureDefinition/atemzugvolumen-waehrend-beatmung", "leaf": true, "selectable": true}, {"id": "4bc69bb4-7968-4f37-abeb-5cbb7793120f", "name": "SD_MII_ICU_Eingestellter_Inspiratorischer_Gasfluss", "display": "SD MII ICU Eingestellter Inspiratorischer Gasfluss", "module": "modul-icu", "url": "https://www.medizininformatik-initiative.de/fhir/ext/modul-icu/StructureDefinition/eingestellter-inspiratorischer-gasfluss", "leaf": true, "selectable": true}, {"id": "8ec81675-41b0-4b69-8731-2ff4e5e5684a", "name": "SD_MII_ICU_Druckdifferenz_Beatmung", "display": "SD MII ICU Druckdifferenz Beatmung", "module": "modul-icu", "url": "https://www.medizininformatik-initiative.de/fhir/ext/modul-icu/StructureDefinition/druckdifferenz-beatmung", "leaf": true, "selectable": true}, {"id": "a42f9bb3-242d-41dc-a865-b5697063439c", "name": "SD_MII_ICU_Endexpiratorischer_Kohlendioxidpartialdruck", "display": "SD MII ICU Endexpiratorischer Kohlendioxidpartialdruck", "module": "modul-icu", "url": "https://www.medizininformatik-initiative.de/fhir/ext/modul-icu/StructureDefinition/endexpiratorischer-kohlendioxidpartialdruck", "leaf": true, "selectable": true}, {"id": "56037617-4eb6-4d35-ab19-7679654431c5", "name": "SD_MII_ICU_Inspiratorische_Sauerstofffraktion_Gemessen", "display": "SD MII ICU Inspiratorische Sauerstofffraktion Gemessen", "module": "modul-icu", "url": "https://www.medizininformatik-initiative.de/fhir/ext/modul-icu/StructureDefinition/inspiratorische-sauerstofffraktion-gemessen", "leaf": true, "selectable": true}, {"id": "7d966551-0a25-44f1-b8be-de23cd295b78", "name": "SD_MII_ICU_Beatmungsvolumen_Pro_Minute_Maschineller_Beatmung", "display": "SD MII ICU Beatmungsvolumen Pro Minute Maschineller Beatmung", "module": "modul-icu", "url": "https://www.medizininformatik-initiative.de/fhir/ext/modul-icu/StructureDefinition/beatmungsvolumen-pro-minute-maschineller-beatmung", "leaf": true, "selectable": true}, {"id": "8285d261-6cc1-4b7d-bcdd-1e77c0e1a5b0", "name": "SD_MII_ICU_Spontane_Mechanische_Atemfrequenz_Beatmet", "display": "SD MII ICU Spontane Mechanische Atemfrequenz Beatmet", "module": "modul-icu", "url": "https://www.medizininformatik-initiative.de/fhir/ext/modul-icu/StructureDefinition/spontane-mechanische-atemfrequenz-beatmet", "leaf": true, "selectable": true}, {"id": "9c23014b-2b00-4d79-9167-032033a50e2a", "name": "SD_MII_ICU_Inspiratorische_Sauerstofffraktion_Eingestellt", "display": "SD MII ICU Inspiratorische Sauerstofffraktion Eingestellt", "module": "modul-icu", "url": "https://www.medizininformatik-initiative.de/fhir/ext/modul-icu/StructureDefinition/inspiratorische-sauerstofffraktion-eingestellt", "leaf": true, "selectable": true}, {"id": "3f962cad-f152-4d91-9f67-eecd2294ee1e", "name": "SD_MII_ICU_Horowitz_In_Arteriellem_Blut", "display": "SD MII ICU Horowitz In Arteriellem Blut", "module": "modul-icu", "url": "https://www.medizininformatik-initiative.de/fhir/ext/modul-icu/StructureDefinition/horowitz-in-arteriellem-blut", "leaf": true, "selectable": true}, {"id": "7ceadef8-31d8-4603-afb3-10813c0e6a3d", "name": "SD_MII_ICU_Exspiratorischer_Gasfluss", "display": "SD MII ICU Exspiratorischer Gasfluss", "module": "modul-icu", "url": "https://www.medizininformatik-initiative.de/fhir/ext/modul-icu/StructureDefinition/exspiratorischer-gasfluss", "leaf": true, "selectable": true}, {"id": "e37d92d1-c1ad-47c1-a9c2-9702846fe3f6", "name": "SD_MII_ICU_Mechanische_Atemfrequenz_Beatmet", "display": "SD MII ICU Mechanische Atemfrequenz Beatmet", "module": "modul-icu", "url": "https://www.medizininformatik-initiative.de/fhir/ext/modul-icu/StructureDefinition/mechanische-atemfrequenz-beatmet", "leaf": true, "selectable": true}, {"id": "177a4f19-a154-4cfd-9920-0a68c7a2f834", "name": "SD_MII_ICU_Exspiratorischer_Sauerstoffpartialdruck", "display": "SD MII ICU Exspiratorischer Sauerstoffpartialdruck", "module": "modul-icu", "url": "https://www.medizininformatik-initiative.de/fhir/ext/modul-icu/StructureDefinition/exspiratorischer-sauerstoffpartialdruck", "leaf": true, "selectable": true}, {"id": "3ba3358b-cc00-432a-bd79-128d1f48d208", "name": "SD_MII_ICU_Einstellung_Ausatmungszeit_Beatmung", "display": "SD MII ICU Einstellung Ausatmungszeit Beatmung", "module": "modul-icu", "url": "https://www.medizininformatik-initiative.de/fhir/ext/modul-icu/StructureDefinition/einstellung-ausatmungszeit-beatmung", "leaf": true, "selectable": true}, {"id": "d2aeb8c5-a823-4820-b595-a4e215c0eef1", "name": "SD_MII_ICU_Atemwegsdruck_Bei_Null_Expiratorischem_Gasfluss", "display": "SD MII ICU Atemwegsdruck Bei Null Expiratorischem Gasfluss", "module": "modul-icu", "url": "https://www.medizininformatik-initiative.de/fhir/ext/modul-icu/StructureDefinition/atemwegsdruck-bei-null-expiratorischem-gasfluss", "leaf": true, "selectable": true}, {"id": "572857c7-4165-4b54-80ae-10d44b27c82c", "name": "SD_MII_ICU_Positiv_Endexpiratorischer_Druck", "display": "SD MII ICU Positiv Endexpiratorischer Druck", "module": "modul-icu", "url": "https://www.medizininformatik-initiative.de/fhir/ext/modul-icu/StructureDefinition/positiv-endexpiratorischer-druck", "leaf": true, "selectable": true}, {"id": "c92cbe68-cf36-4a44-873d-08bee9d05941", "name": "SD_MII_ICU_Spontanes_Mechanisches_Atemzugvolumen_Waehrend_Beatmung", "display": "SD MII ICU Spontanes Mechanisches Atemzugvolumen Waehrend Beatmung", "module": "modul-icu", "url": "https://www.medizininformatik-initiative.de/fhir/ext/modul-icu/StructureDefinition/spontanes-mechanisches-atemzugvolumen-waehrend-beatmung", "leaf": true, "selectable": true}, {"id": "2bb6193e-ce6a-4ecc-bd84-5b2186da782a", "name": "SD_MII_ICU_Unterstuezungsdruck_Beatmung", "display": "SD MII ICU Unterstuezungsdruck Beatmung", "module": "modul-icu", "url": "https://www.medizininformatik-initiative.de/fhir/ext/modul-icu/StructureDefinition/unterstuetzungsdruck-beatmung", "leaf": true, "selectable": true}]}, {"id": "714cec6a-1c1b-4fe8-8b2f-0d590b76157d", "name": "SD_MII_ICU_Parameter_Von_Extrakorporalen_Verfahren", "display": "SD MII ICU Parameter von Extrakorporalen Verfahren", "module": "modul-icu", "url": "https://www.medizininformatik-initiative.de/fhir/ext/modul-icu/StructureDefinition/parameter-von-extrakorporalen-verfahren", "leaf": false, "selectable": false, "children": [{"id": "961fc684-e550-4521-b893-4736a062f07b", "name": "SD_MII_ICU_Venoeser_Druck", "display": "SD MII ICU Venoeser Druck", "module": "modul-icu", "url": "https://www.medizininformatik-initiative.de/fhir/ext/modul-icu/StructureDefinition/venoeser-druck", "leaf": true, "selectable": true}, {"id": "aecbc5aa-b0be-4607-b81b-03bbdc59587a", "name": "SD_MII_ICU_Substituatvolumen", "display": "SD MII ICU Substituatvolumen", "module": "modul-icu", "url": "https://www.medizininformatik-initiative.de/fhir/ext/modul-icu/StructureDefinition/substituatvolumen", "leaf": true, "selectable": true}, {"id": "075e1206-cbaa-4279-9ef7-fba6eab18386", "name": "SD_MII_ICU_Sauerstoffgasfluss", "display": "SD MII ICU Sauerstoffgasfluss", "module": "modul-icu", "url": "https://www.medizininformatik-initiative.de/fhir/ext/modul-icu/StructureDefinition/sauerstoffgasfluss", "leaf": true, "selectable": true}, {"id": "c198d746-49c4-4624-a1f5-fc3c4cf248bc", "name": "SD_MII_ICU_Dauer_Extrakorporaler_Gasaustausch", "display": "SD MII ICU Dauer Extrakorporaler Gasaustausch", "module": "modul-icu", "url": "https://www.medizininformatik-initiative.de/fhir/ext/modul-icu/StructureDefinition/dauer-extrakorporaler-gasaustausch", "leaf": true, "selectable": true}, {"id": "a4a4e086-ea2d-4e69-818c-8c4fcbadfdff", "name": "SD_MII_ICU_Blutfluss_Extrakorporaler_Gasaustausch", "display": "SD MII ICU Blutfluss Extrakorporaler Gasaustausch", "module": "modul-icu", "url": "https://www.medizininformatik-initiative.de/fhir/ext/modul-icu/StructureDefinition/blutfluss-extrakorporaler-gasaustausch", "leaf": true, "selectable": true}, {"id": "7a62d644-615e-4dc7-8f63-2e7fa4ed2b00", "name": "SD_MII_ICU_Haemodialyse_Blutfluss", "display": "SD MII ICU Haemodialyse Blutfluss", "module": "modul-icu", "url": "https://www.medizininformatik-initiative.de/fhir/ext/modul-icu/StructureDefinition/haemodialyse-blutfluss", "leaf": true, "selectable": true}, {"id": "3bcfc8cf-a887-4369-b872-a5f6cb12cf16", "name": "SD_MII_ICU_Blutfluss_Cardiovasculaeres_Geraet", "display": "SD MII ICU Blutfluss Cardiovasculaeres Geraet", "module": "modul-icu", "url": "https://www.medizininformatik-initiative.de/fhir/ext/modul-icu/StructureDefinition/blutfluss-cardiovasculaeres-geraet", "leaf": true, "selectable": true}, {"id": "9a9a6357-83f0-4115-9486-221f01265f89", "name": "SD_MII_ICU_Ionisiertes_Kalzium_Nierenersatzverfahren", "display": "SD MII ICU Ionisiertes Kalzium Nierenersatzverfahren", "module": "modul-icu", "url": "https://www.medizininformatik-initiative.de/fhir/ext/modul-icu/StructureDefinition/ionisiertes-kalzium-nierenersatzverfahren", "leaf": true, "selectable": true}, {"id": "4767517b-35a7-4732-95f6-60ef73c858d5", "name": "SD_MII_ICU_Dauer_Haemodialysesitzung", "display": "SD MII ICU Dauer Haemodialysesitzung", "module": "modul-icu", "url": "https://www.medizininformatik-initiative.de/fhir/ext/modul-icu/StructureDefinition/dauer-haemodialysesitzung", "leaf": true, "selectable": true}, {"id": "22b8f10a-755b-4b76-bd03-6c4ab6befa70", "name": "SD_MII_ICU_Arterieller_Druck", "display": "SD MII ICU Arterieller Druck", "module": "modul-icu", "url": "https://www.medizininformatik-initiative.de/fhir/ext/modul-icu/StructureDefinition/arterieller-druck", "leaf": true, "selectable": true}, {"id": "2c69a60f-dc4f-48d9-9baa-28f78a6f144c", "name": "SD_MII_ICU_Blutflussindex_Extrakorporaler_Gasaustausch", "display": "SD MII ICU Blutflussindex Extrakorporaler Gasaustausch", "module": "modul-icu", "url": "https://www.medizininformatik-initiative.de/fhir/ext/modul-icu/StructureDefinition/blutflussindex-extrakorporaler-gasaustausch", "leaf": true, "selectable": true}, {"id": "bd69a0c6-5ab8-411a-8143-1309285f9726", "name": "SD_MII_ICU_Substituatfluss", "display": "SD MII ICU Substituatfluss", "module": "modul-icu", "url": "https://www.medizininformatik-initiative.de/fhir/ext/modul-icu/StructureDefinition/substituatfluss", "leaf": true, "selectable": true}]}, {"id": "b0db4830-7265-40e9-a3c9-cd19d61f1d21", "name": "SD_MII_ICU_Icu_Device", "display": "SD MII ICU ICU Device", "module": "modul-icu", "url": "https://www.medizininformatik-initiative.de/fhir/ext/modul-icu/StructureDefinition/icu-device", "leaf": true, "selectable": true}, {"id": "d7dddc96-1d88-410e-874c-686eaba598eb", "name": "SD_MII_ICU_Devicemetric_Eingestellte_Gemessene_Parameter_Extrakorporale_Verfahren", "display": "SD MII ICU DeviceMetric Eingestellte Gemessene Parameter Extrakorporale Verfahren", "module": "modul-icu", "url": "https://www.medizininformatik-initiative.de/fhir/ext/modul-icu/StructureDefinition/devicemetric-eingestellte-gemessene-parameter-extrakorporale-verfahren", "leaf": true, "selectable": true}]}, {"id": "2da4cdf2-2c59-429a-a4ce-465ea2d44a54", "name": "modul-molgen", "display": "Molgen", "url": "modul-molgen", "module": "modul-molgen", "selectable": false, "leaf": false, "children": [{"id": "d5c9510e-fda1-434b-9041-8b21da1fee87", "name": "MII_PR_MolGen_Genotyp", "display": "MII PR MolGen Genotyp", "module": "modul-molgen", "url": "https://www.medizininformatik-initiative.de/fhir/ext/modul-molgen/StructureDefinition/genotyp", "leaf": true, "selectable": true}, {"id": "1d7dbba4-368d-4202-b759-8aec4c05a24d", "name": "MII_PR_MolGen_Medikationsempfehlung", "display": "MII PR MolGen Medikationsempfehlung", "module": "modul-molgen", "url": "https://www.medizininformatik-initiative.de/fhir/ext/modul-molgen/StructureDefinition/medikationsempfehlung", "leaf": true, "selectable": true}, {"id": "ba9b2f86-a9d3-4534-ba59-a6120f98eb0b", "name": "MII_PR_MolGen_EmpfohleneFolgemassnahme", "display": "MII PR MolGen Empfohlene Folgema\u00dfnahme", "module": "modul-molgen", "url": "https://www.medizininformatik-initiative.de/fhir/ext/modul-molgen/StructureDefinition/empfohlene-folgemassnahme", "leaf": true, "selectable": true}, {"id": "c08db829-decc-41f4-95fc-a821f6398aa8", "name": "MII_PR_MolGen_Familienanamnese", "display": "MII PR MolGen Familienanamnese", "module": "modul-molgen", "url": "https://www.medizininformatik-initiative.de/fhir/ext/modul-molgen/StructureDefinition/familienanamnese", "leaf": true, "selectable": true}, {"id": "57f32dd3-94a5-4f81-80d8-cc882398ce2a", "name": "MII_PR_MolGen_ErgebnisZusammenfassung", "display": "MII PR MolGen Ergebnis Zusammenfassung", "module": "modul-molgen", "url": "https://www.medizininformatik-initiative.de/fhir/ext/modul-molgen/StructureDefinition/ergebnis-zusammenfassung", "leaf": true, "selectable": true}, {"id": "57183048-d0d3-429c-9d65-358abf12f367", "name": "MII_PR_MolGen_MolekulargenetischerBefundbericht", "display": "MII PR MolGen Molekulargenetischer Befundbericht", "module": "modul-molgen", "url": "https://www.medizininformatik-initiative.de/fhir/ext/modul-molgen/StructureDefinition/molekulargenetischer-befundbericht", "leaf": true, "selectable": true}, {"id": "b6f9eddd-e0fd-4372-a477-efc423fe6223", "name": "MII_PR_MolGen_DiagnostischeImplikation", "display": "MII PR MolGen Diagnostische Implikation", "module": "modul-molgen", "url": "https://www.medizininformatik-initiative.de/fhir/ext/modul-molgen/StructureDefinition/diagnostische-implikation", "leaf": true, "selectable": true}, {"id": "70b18513-5a3f-4777-961f-a17d4622ddb1", "name": "MII_PR_MolGen_AnforderungGenetischerTest", "display": "MII PR MolGen Anforderung genetischer Test", "module": "modul-molgen", "url": "https://www.medizininformatik-initiative.de/fhir/ext/modul-molgen/StructureDefinition/anforderung-genetischer-test", "leaf": true, "selectable": true}, {"id": "ba058356-6de9-4fb8-a325-11cc2e833a3b", "name": "MII_PR_MolGen_Mikrosatelliteninstabilitaet", "display": "MII PR MolGen Mikrosatelliteninstabilit\u00e4t", "module": "modul-molgen", "url": "https://www.medizininformatik-initiative.de/fhir/ext/modul-molgen/StructureDefinition/mikrosatelliteninstabilitaet", "leaf": true, "selectable": true}, {"id": "b2c76a1a-12b8-4724-a8ed-9c47a05bc40e", "name": "MII_PR_MolGen_Mutationslast", "display": "MII PR MolGen Mutationslast", "module": "modul-molgen", "url": "https://www.medizininformatik-initiative.de/fhir/ext/modul-molgen/StructureDefinition/mutationslast", "leaf": true, "selectable": true}, {"id": "72dae8c7-528a-4c64-b76a-e5ef309479f0", "name": "MII_PR_MolGen_Variante", "display": "MII PR MolGen Variante", "module": "modul-molgen", "url": "https://www.medizininformatik-initiative.de/fhir/ext/modul-molgen/StructureDefinition/variante", "leaf": true, "selectable": true}, {"id": "ceb7b07b-ec46-4983-83d9-af0d62a11d60", "name": "MII_PR_MolGen_TherapeutischeImplikation", "display": "MII PR MolGen Therapeutische Implikation", "module": "modul-molgen", "url": "https://www.medizininformatik-initiative.de/fhir/ext/modul-molgen/StructureDefinition/therapeutische-implikation", "leaf": true, "selectable": true}, {"id": "a3ff70b4-c303-4b5b-ade3-0687ed553dd4", "name": "MII_PR_MolGen_UntersuchteRegion", "display": "MII PR MolGen Untersuchte Region", "module": "modul-molgen", "url": "https://www.medizininformatik-initiative.de/fhir/ext/modul-molgen/StructureDefinition/untersuchte-region", "leaf": true, "selectable": true}, {"id": "b21e059e-34fd-4dc3-a2c5-6f28c59c71ea", "name": "MII_PR_MolGen_PolygenerRisikoScore", "display": "MII PR MolGen Polygener Risiko Score", "module": "modul-molgen", "url": "https://www.medizininformatik-initiative.de/fhir/ext/modul-molgen/StructureDefinition/polygener-risiko-score", "leaf": true, "selectable": true}]}, {"id": "35e1df95-17e6-4af2-8c78-4a1e19d59915", "name": "modul-labor", "display": "Labor", "url": "modul-labor", "module": "modul-labor", "selectable": false, "leaf": false, "children": [{"id": "d031babc-88fd-4b37-894b-d6b370fb1e50", "name": "ProfileObservationLaboruntersuchung", "display": "Profile - Observation - Laboruntersuchung", "module": "modul-labor", "url": "https://www.medizininformatik-initiative.de/fhir/core/modul-labor/StructureDefinition/ObservationLab", "leaf": true, "selectable": true}, {"id": "b158d7e2-58ec-41ad-bfbf-9a4411ff251a", "name": "ProfileServiceRequestLaboranforderung", "display": "Profile - ServiceRequest - Laboranforderung", "module": "modul-labor", "url": "https://www.medizininformatik-initiative.de/fhir/core/modul-labor/StructureDefinition/ServiceRequestLab", "leaf": true, "selectable": true}, {"id": "a3293458-2fbb-465f-8568-e69eb2096e7f", "name": "ProfileDiagnosticReportLaborbefund", "display": "Profile - DiagnosticReport - Laborbefund", "module": "modul-labor", "url": "https://www.medizininformatik-initiative.de/fhir/core/modul-labor/StructureDefinition/DiagnosticReportLab", "leaf": true, "selectable": true}]}], "selectable": false}