{"index": {"_index": "ontology", "_id": "ba402553-079e-3030-a6fd-9ef3bae9561f"}}
{"name": "Patient Disposition", "availability": 0, "terminology": "http://loinc.org", "termcode": "67162-8", "selectable": true, "context": {"system": "fdpg.mii.cds", "code": "Vitalstatus", "display": "Vitalstatus", "version": "1.0.0"}, "termcodes": [{"system": "http://loinc.org", "code": "67162-8", "display": "Patient Disposition", "version": null}], "criteria_sets": [], "translations": [], "parents": [], "children": [], "related_terms": [], "kds_module": "Person"}
{"index": {"_index": "ontology", "_id": "c4c47cd1-1707-3e93-bc98-0f28430aa06e"}}
{"name": "Gegenw\u00e4rtiges chronologisches Alter", "availability": 0, "terminology": "http://snomed.info/sct", "termcode": "424144002", "selectable": true, "context": {"system": "fdpg.mii.cds", "code": "Patient", "display": "Patient", "version": "1.0.0"}, "termcodes": [{"system": "http://snomed.info/sct", "code": "424144002", "display": "Gegenw\u00e4rtiges chronologisches Alter", "version": null}], "criteria_sets": [], "translations": [], "parents": [], "children": [], "related_terms": [], "kds_module": "Person"}
{"index": {"_index": "ontology", "_id": "a36b6ef7-40ce-3148-b815-dc7b13fb9016"}}
{"name": "Geschlecht", "availability": 0, "terminology": "http://snomed.info/sct", "termcode": "263495000", "selectable": true, "context": {"system": "fdpg.mii.cds", "code": "Patient", "display": "Patient", "version": "1.0.0"}, "termcodes": [{"system": "http://snomed.info/sct", "code": "263495000", "display": "Geschlecht", "version": null}], "criteria_sets": [], "translations": [], "parents": [], "children": [], "related_terms": [], "kds_module": "Person"}
{"index": {"_index": "ontology", "_id": "ba402553-079e-3030-a6fd-9ef3bae9561f"}}
{"name": "Patient Disposition", "availability": 0, "terminology": "http://loinc.org", "termcode": "67162-8", "selectable": true, "context": {"system": "fdpg.mii.cds", "code": "Vitalstatus", "display": "Vitalstatus", "version": "1.0.0"}, "termcodes": [{"system": "http://loinc.org", "code": "67162-8", "display": "Patient Disposition", "version": null}], "criteria_sets": [], "translations": [], "parents": [], "children": [], "related_terms": [], "kds_module": "Person"}
{"index": {"_index": "ontology", "_id": "c4c47cd1-1707-3e93-bc98-0f28430aa06e"}}
{"name": "Gegenw\u00e4rtiges chronologisches Alter", "availability": 0, "terminology": "http://snomed.info/sct", "termcode": "424144002", "selectable": true, "context": {"system": "fdpg.mii.cds", "code": "Patient", "display": "Patient", "version": "1.0.0"}, "termcodes": [{"system": "http://snomed.info/sct", "code": "424144002", "display": "Gegenw\u00e4rtiges chronologisches Alter", "version": null}], "criteria_sets": [], "translations": [], "parents": [], "children": [], "related_terms": [], "kds_module": "Person"}
{"index": {"_index": "ontology", "_id": "a36b6ef7-40ce-3148-b815-dc7b13fb9016"}}
{"name": "Geschlecht", "availability": 0, "terminology": "http://snomed.info/sct", "termcode": "263495000", "selectable": true, "context": {"system": "fdpg.mii.cds", "code": "Patient", "display": "Patient", "version": "1.0.0"}, "termcodes": [{"system": "http://snomed.info/sct", "code": "263495000", "display": "Geschlecht", "version": null}], "criteria_sets": [], "translations": [], "parents": [], "children": [], "related_terms": [], "kds_module": "Person"}
{"index": {"_index": "ontology", "_id": "ba402553-079e-3030-a6fd-9ef3bae9561f"}}
{"name": "Patient Disposition", "availability": 0, "terminology": "http://loinc.org", "termcode": "67162-8", "selectable": true, "context": {"system": "fdpg.mii.cds", "code": "Vitalstatus", "display": "Vitalstatus", "version": "1.0.0"}, "termcodes": [{"system": "http://loinc.org", "code": "67162-8", "display": "Patient Disposition", "version": null}], "criteria_sets": [], "translations": [], "parents": [], "children": [], "related_terms": [], "kds_module": "Person"}
{"index": {"_index": "ontology", "_id": "c4c47cd1-1707-3e93-bc98-0f28430aa06e"}}
{"name": "Gegenw\u00e4rtiges chronologisches Alter", "availability": 0, "terminology": "http://snomed.info/sct", "termcode": "424144002", "selectable": true, "context": {"system": "fdpg.mii.cds", "code": "Patient", "display": "Patient", "version": "1.0.0"}, "termcodes": [{"system": "http://snomed.info/sct", "code": "424144002", "display": "Gegenw\u00e4rtiges chronologisches Alter", "version": null}], "criteria_sets": [], "translations": [], "parents": [], "children": [], "related_terms": [], "kds_module": "Person"}
{"index": {"_index": "ontology", "_id": "a36b6ef7-40ce-3148-b815-dc7b13fb9016"}}
{"name": "Geschlecht", "availability": 0, "terminology": "http://snomed.info/sct", "termcode": "263495000", "selectable": true, "context": {"system": "fdpg.mii.cds", "code": "Patient", "display": "Patient", "version": "1.0.0"}, "termcodes": [{"system": "http://snomed.info/sct", "code": "263495000", "display": "Geschlecht", "version": null}], "criteria_sets": [], "translations": [], "parents": [], "children": [], "related_terms": [], "kds_module": "Person"}
