{"index": {"_index": "codeable_concept", "_id": "5fed0bff-c8f9-34ff-9d3d-1344adfb8d25"}}
{"termcode": {"code": "150017", "display": "Systolic blood pressure", "system": "urn:iso:std:iso:11073:10101", "version": 2099}, "valuesets": ["https://www.medizininformatik-initiative.de/fhir/ext/modul-icu/ValueSet/Code-Monitoring-und-Vitaldaten-ISO11073"]}
{"index": {"_index": "codeable_concept", "_id": "76de457a-f6b7-33e0-9b97-4f92645c988e"}}
{"termcode": {"code": "150019", "display": "Mean blood pressure", "system": "urn:iso:std:iso:11073:10101", "version": 2099}, "valuesets": ["https://www.medizininformatik-initiative.de/fhir/ext/modul-icu/ValueSet/Code-Monitoring-und-Vitaldaten-ISO11073"]}
{"index": {"_index": "codeable_concept", "_id": "d067ab5f-f8ec-3827-927f-04a5a0e32b41"}}
{"termcode": {"code": "150018", "display": "Diastolic blood pressure", "system": "urn:iso:std:iso:11073:10101", "version": 2099}, "valuesets": ["https://www.medizininformatik-initiative.de/fhir/ext/modul-icu/ValueSet/Code-Monitoring-und-Vitaldaten-ISO11073"]}
{"index": {"_index": "codeable_concept", "_id": "42802f44-ac30-3d91-9ace-3f428efcd027"}}
{"termcode": {"code": "150084", "display": "Central venous pressure", "system": "urn:iso:std:iso:11073:10101", "version": 2099}, "valuesets": ["https://www.medizininformatik-initiative.de/fhir/ext/modul-icu/ValueSet/Code-Monitoring-und-Vitaldaten-ISO11073"]}
{"index": {"_index": "codeable_concept", "_id": "63d12db0-0eb8-310c-92d1-92b370030883"}}
{"termcode": {"code": "150045", "display": "Systolic pulmonary arterial pressure", "system": "urn:iso:std:iso:11073:10101", "version": 2099}, "valuesets": ["https://www.medizininformatik-initiative.de/fhir/ext/modul-icu/ValueSet/Code-Monitoring-und-Vitaldaten-ISO11073"]}
{"index": {"_index": "codeable_concept", "_id": "225539ed-ed46-35dc-aea6-0fe379aeff70"}}
{"termcode": {"code": "150047", "display": "Mean pulmonary arterial pressure", "system": "urn:iso:std:iso:11073:10101", "version": 2099}, "valuesets": ["https://www.medizininformatik-initiative.de/fhir/ext/modul-icu/ValueSet/Code-Monitoring-und-Vitaldaten-ISO11073"]}
{"index": {"_index": "codeable_concept", "_id": "74cc80ba-e046-3c56-9569-ada58ccf6623"}}
{"termcode": {"code": "150046", "display": "Diastolic pulmonary arterial pressure", "system": "urn:iso:std:iso:11073:10101", "version": 2099}, "valuesets": ["https://www.medizininformatik-initiative.de/fhir/ext/modul-icu/ValueSet/Code-Monitoring-und-Vitaldaten-ISO11073"]}
{"index": {"_index": "codeable_concept", "_id": "30ab54f6-18f9-3960-8e04-beb8ca962ee2"}}
{"termcode": {"code": "150052", "display": "Pulmonary artery wedge pressure", "system": "urn:iso:std:iso:11073:10101", "version": 2099}, "valuesets": ["https://www.medizininformatik-initiative.de/fhir/ext/modul-icu/ValueSet/Code-Monitoring-und-Vitaldaten-ISO11073"]}
{"index": {"_index": "codeable_concept", "_id": "09843b47-cd3d-3423-9024-a542b49f35f0"}}
{"termcode": {"code": "150276", "display": "Cardiac output", "system": "urn:iso:std:iso:11073:10101", "version": 2099}, "valuesets": ["https://www.medizininformatik-initiative.de/fhir/ext/modul-icu/ValueSet/Code-Monitoring-und-Vitaldaten-ISO11073"]}
{"index": {"_index": "codeable_concept", "_id": "a6303348-9914-38c9-a97c-bf35cb9d4aa1"}}
{"termcode": {"code": "149772", "display": "Cardiac index", "system": "urn:iso:std:iso:11073:10101", "version": 2099}, "valuesets": ["https://www.medizininformatik-initiative.de/fhir/ext/modul-icu/ValueSet/Code-Monitoring-und-Vitaldaten-ISO11073"]}
{"index": {"_index": "codeable_concept", "_id": "cde8f803-c326-3325-a575-eee50f774ac1"}}
{"termcode": {"code": "149760", "display": "Systemic vascular resistance indexed", "system": "urn:iso:std:iso:11073:10101", "version": 2099}, "valuesets": ["https://www.medizininformatik-initiative.de/fhir/ext/modul-icu/ValueSet/Code-Monitoring-und-Vitaldaten-ISO11073"]}
{"index": {"_index": "codeable_concept", "_id": "e8c929c7-9d5c-3410-8554-133169f94389"}}
{"termcode": {"code": "152852", "display": "Pulmonary Vascular Resistance Index", "system": "urn:iso:std:iso:11073:10101", "version": 2099}, "valuesets": ["https://www.medizininformatik-initiative.de/fhir/ext/modul-icu/ValueSet/Code-Monitoring-und-Vitaldaten-ISO11073"]}
{"index": {"_index": "codeable_concept", "_id": "233d2ea1-4b4b-3fca-83cb-825555aebc09"}}
{"termcode": {"code": "150428", "display": "Ventricular stroke", "system": "urn:iso:std:iso:11073:10101", "version": 2099}, "valuesets": ["https://www.medizininformatik-initiative.de/fhir/ext/modul-icu/ValueSet/Code-Monitoring-und-Vitaldaten-ISO11073"]}
{"index": {"_index": "codeable_concept", "_id": "bf084919-2826-3ec1-b495-66ced4f29eb3"}}
{"termcode": {"code": "149764", "display": "Left Ventricular Stroke Work Index", "system": "urn:iso:std:iso:11073:10101", "version": 2099}, "valuesets": ["https://www.medizininformatik-initiative.de/fhir/ext/modul-icu/ValueSet/Code-Monitoring-und-Vitaldaten-ISO11073"]}
{"index": {"_index": "codeable_concept", "_id": "1edf63e8-1748-3ccd-8138-d7a65032404c"}}
{"termcode": {"code": "150368", "display": "Body temperature - Core", "system": "urn:iso:std:iso:11073:10101", "version": 2099}, "valuesets": ["https://www.medizininformatik-initiative.de/fhir/ext/modul-icu/ValueSet/Code-Monitoring-und-Vitaldaten-ISO11073"]}
{"index": {"_index": "codeable_concept", "_id": "da94cda3-9fd9-37fd-8569-b53d6d08a3dd"}}
{"termcode": {"code": "150456", "display": "Oxygen saturation in Arterial blood by Pulse oximetry", "system": "urn:iso:std:iso:11073:10101", "version": 2099}, "valuesets": ["https://www.medizininformatik-initiative.de/fhir/ext/modul-icu/ValueSet/Code-Monitoring-und-Vitaldaten-ISO11073"]}
{"index": {"_index": "codeable_concept", "_id": "2b467bce-fbf7-3e46-a2d0-36082472c8d1"}}
{"termcode": {"code": "160300", "display": "Postductal SpO2", "system": "urn:iso:std:iso:11073:10101", "version": 2099}, "valuesets": ["https://www.medizininformatik-initiative.de/fhir/ext/modul-icu/ValueSet/Code-Monitoring-und-Vitaldaten-ISO11073"]}
{"index": {"_index": "codeable_concept", "_id": "09e0a294-8e4d-3051-8695-4a1c709c54c9"}}
{"termcode": {"code": "160296", "display": "Preductal SpO2", "system": "urn:iso:std:iso:11073:10101", "version": 2099}, "valuesets": ["https://www.medizininformatik-initiative.de/fhir/ext/modul-icu/ValueSet/Code-Monitoring-und-Vitaldaten-ISO11073"]}
{"index": {"_index": "codeable_concept", "_id": "4012e96d-519b-3ce5-a803-c7778ff59834"}}
{"termcode": {"code": "153608", "display": "Intracranial pressure", "system": "urn:iso:std:iso:11073:10101", "version": 2099}, "valuesets": ["https://www.medizininformatik-initiative.de/fhir/ext/modul-icu/ValueSet/Code-Monitoring-und-Vitaldaten-ISO11073"]}
{"index": {"_index": "codeable_concept", "_id": "dd469beb-66fa-37bd-a2e6-ac63ca498ca3"}}
{"termcode": {"code": "150103", "display": "Mean left ventricular pressure", "system": "urn:iso:std:iso:11073:10101", "version": 2099}, "valuesets": ["https://www.medizininformatik-initiative.de/fhir/ext/modul-icu/ValueSet/Code-Monitoring-und-Vitaldaten-ISO11073"]}
{"index": {"_index": "codeable_concept", "_id": "9135a1a1-5287-3114-a23a-7efe04ea57fa"}}
{"termcode": {"code": "150107", "display": "Mean right ventricular pressure", "system": "urn:iso:std:iso:11073:10101", "version": 2099}, "valuesets": ["https://www.medizininformatik-initiative.de/fhir/ext/modul-icu/ValueSet/Code-Monitoring-und-Vitaldaten-ISO11073"]}
{"index": {"_index": "codeable_concept", "_id": "3dcdb836-084e-32cf-a301-47f079ef42f0"}}
{"termcode": {"code": "150101", "display": "Systolic left ventricular pressure", "system": "urn:iso:std:iso:11073:10101", "version": 2099}, "valuesets": ["https://www.medizininformatik-initiative.de/fhir/ext/modul-icu/ValueSet/Code-Monitoring-und-Vitaldaten-ISO11073"]}
{"index": {"_index": "codeable_concept", "_id": "5cc57a89-b889-36fa-bb64-93bff48e8131"}}
{"termcode": {"code": "150105", "display": "Systolic right ventricular pressure", "system": "urn:iso:std:iso:11073:10101", "version": 2099}, "valuesets": ["https://www.medizininformatik-initiative.de/fhir/ext/modul-icu/ValueSet/Code-Monitoring-und-Vitaldaten-ISO11073"]}
{"index": {"_index": "codeable_concept", "_id": "9ae4cb7f-3047-3829-9304-5ea8c0a8aaa1"}}
{"termcode": {"code": "150102", "display": "Diastolic left ventricular pressure", "system": "urn:iso:std:iso:11073:10101", "version": 2099}, "valuesets": ["https://www.medizininformatik-initiative.de/fhir/ext/modul-icu/ValueSet/Code-Monitoring-und-Vitaldaten-ISO11073"]}
{"index": {"_index": "codeable_concept", "_id": "16150e16-0d13-36ad-bd62-3e651d77171f"}}
{"termcode": {"code": "150106", "display": "Diastolic right ventricular pressure", "system": "urn:iso:std:iso:11073:10101", "version": 2099}, "valuesets": ["https://www.medizininformatik-initiative.de/fhir/ext/modul-icu/ValueSet/Code-Monitoring-und-Vitaldaten-ISO11073"]}
{"index": {"_index": "codeable_concept", "_id": "4d6c0686-357c-3628-ba4d-b4ba94b764db"}}
{"termcode": {"code": "150069", "display": "Systolic right atrial pressure", "system": "urn:iso:std:iso:11073:10101", "version": 2099}, "valuesets": ["https://www.medizininformatik-initiative.de/fhir/ext/modul-icu/ValueSet/Code-Monitoring-und-Vitaldaten-ISO11073"]}
{"index": {"_index": "codeable_concept", "_id": "6ba0c6b7-c35a-3cda-a2d1-f766ae1fa507"}}
{"termcode": {"code": "150065", "display": "Systolic left atrial pressure", "system": "urn:iso:std:iso:11073:10101", "version": 2099}, "valuesets": ["https://www.medizininformatik-initiative.de/fhir/ext/modul-icu/ValueSet/Code-Monitoring-und-Vitaldaten-ISO11073"]}
{"index": {"_index": "codeable_concept", "_id": "9db4e66e-6f2f-38a5-a034-726eb612b167"}}
{"termcode": {"code": "150067", "display": "Mean left atrial pressure", "system": "urn:iso:std:iso:11073:10101", "version": 2099}, "valuesets": ["https://www.medizininformatik-initiative.de/fhir/ext/modul-icu/ValueSet/Code-Monitoring-und-Vitaldaten-ISO11073"]}
{"index": {"_index": "codeable_concept", "_id": "5a7c755d-5b13-35c4-a467-c4543edf8c00"}}
{"termcode": {"code": "150071", "display": "Mean right atrial pressure", "system": "urn:iso:std:iso:11073:10101", "version": 2099}, "valuesets": ["https://www.medizininformatik-initiative.de/fhir/ext/modul-icu/ValueSet/Code-Monitoring-und-Vitaldaten-ISO11073"]}
{"index": {"_index": "codeable_concept", "_id": "e7e1f16a-a16c-30bf-a1e2-797c81d04f06"}}
{"termcode": {"code": "150066", "display": "Diastolic left atrial pressure", "system": "urn:iso:std:iso:11073:10101", "version": 2099}, "valuesets": ["https://www.medizininformatik-initiative.de/fhir/ext/modul-icu/ValueSet/Code-Monitoring-und-Vitaldaten-ISO11073"]}
{"index": {"_index": "codeable_concept", "_id": "a5f51a80-68b6-32cb-9206-4aa6650a3142"}}
{"termcode": {"code": "150070", "display": "Diastolic right atrial pressure", "system": "urn:iso:std:iso:11073:10101", "version": 2099}, "valuesets": ["https://www.medizininformatik-initiative.de/fhir/ext/modul-icu/ValueSet/Code-Monitoring-und-Vitaldaten-ISO11073"]}
{"index": {"_index": "codeable_concept", "_id": "b6f75dc5-55d8-3e22-986a-5797232f0841"}}
{"termcode": {"code": "188420", "display": "Rectal temperature", "system": "urn:iso:std:iso:11073:10101", "version": 2099}, "valuesets": ["https://www.medizininformatik-initiative.de/fhir/ext/modul-icu/ValueSet/Code-Monitoring-und-Vitaldaten-ISO11073"]}
{"index": {"_index": "codeable_concept", "_id": "83035d29-7fdd-3f95-a835-7f5ae954c326"}}
{"termcode": {"code": "188496", "display": "Axillary temperature", "system": "urn:iso:std:iso:11073:10101", "version": 2099}, "valuesets": ["https://www.medizininformatik-initiative.de/fhir/ext/modul-icu/ValueSet/Code-Monitoring-und-Vitaldaten-ISO11073"]}
{"index": {"_index": "codeable_concept", "_id": "4c5ccacb-fbdf-30cb-ac60-cac906d40e9f"}}
{"termcode": {"code": "188424", "display": "Oral temperature", "system": "urn:iso:std:iso:11073:10101", "version": 2099}, "valuesets": ["https://www.medizininformatik-initiative.de/fhir/ext/modul-icu/ValueSet/Code-Monitoring-und-Vitaldaten-ISO11073"]}
{"index": {"_index": "codeable_concept", "_id": "f0526273-c0aa-3a4f-bb18-9fd797fe12e2"}}
{"termcode": {"code": "188436", "display": "Blood temperature", "system": "urn:iso:std:iso:11073:10101", "version": 2099}, "valuesets": ["https://www.medizininformatik-initiative.de/fhir/ext/modul-icu/ValueSet/Code-Monitoring-und-Vitaldaten-ISO11073"]}
{"index": {"_index": "codeable_concept", "_id": "ada25a28-7fc7-3b0e-8af0-20eb11ac0af5"}}
{"termcode": {"code": "188500", "display": "Myocardial temperature", "system": "urn:iso:std:iso:11073:10101", "version": 2099}, "valuesets": ["https://www.medizininformatik-initiative.de/fhir/ext/modul-icu/ValueSet/Code-Monitoring-und-Vitaldaten-ISO11073"]}
{"index": {"_index": "codeable_concept", "_id": "77116ad8-7eb5-3cce-bc7c-24b61e3c1529"}}
{"termcode": {"code": "147842", "display": "Heart Rate", "system": "urn:iso:std:iso:11073:10101", "version": 2099}, "valuesets": ["https://www.medizininformatik-initiative.de/fhir/ext/modul-icu/ValueSet/Code-Monitoring-und-Vitaldaten-ISO11073"]}
{"index": {"_index": "codeable_concept", "_id": "938a153d-8d28-31f8-8b90-9d8f2d4a3028"}}
{"termcode": {"code": "188504", "display": "Nasal temperature", "system": "urn:iso:std:iso:11073:10101", "version": 2099}, "valuesets": ["https://www.medizininformatik-initiative.de/fhir/ext/modul-icu/ValueSet/Code-Monitoring-und-Vitaldaten-ISO11073"]}
{"index": {"_index": "codeable_concept", "_id": "c14b86ba-40f7-3bd4-b68f-58becf3a4737"}}
{"termcode": {"code": "149514", "display": "Pulse rate", "system": "urn:iso:std:iso:11073:10101", "version": 2099}, "valuesets": ["https://www.medizininformatik-initiative.de/fhir/ext/modul-icu/ValueSet/Code-Monitoring-und-Vitaldaten-ISO11073"]}
