{"index": {"_index": "ontology", "_id": "6eeb79b3-560e-310e-9dd3-73e8c18709b7"}}
{"name": "Fall", "availability": 0, "terminology": "fdpg.mii.cds", "termcode": "encounter", "selectable": true, "context": {"system": "fdpg.mii.cds", "code": "Fall", "display": "Fall", "version": "1.0.0"}, "termcodes": [{"system": "fdpg.mii.cds", "code": "encounter", "display": "Fall", "version": null}], "criteria_sets": [], "translations": [], "parents": [], "children": [], "related_terms": [], "kds_module": "Fall"}
{"index": {"_index": "ontology", "_id": "6eeb79b3-560e-310e-9dd3-73e8c18709b7"}}
{"name": "Fall", "availability": 0, "terminology": "fdpg.mii.cds", "termcode": "encounter", "selectable": true, "context": {"system": "fdpg.mii.cds", "code": "Fall", "display": "Fall", "version": "1.0.0"}, "termcodes": [{"system": "fdpg.mii.cds", "code": "encounter", "display": "Fall", "version": null}], "criteria_sets": [], "translations": [], "parents": [], "children": [], "related_terms": [], "kds_module": "Fall"}
{"index": {"_index": "ontology", "_id": "6eeb79b3-560e-310e-9dd3-73e8c18709b7"}}
{"name": "Fall", "availability": 0, "terminology": "fdpg.mii.cds", "termcode": "encounter", "selectable": true, "context": {"system": "fdpg.mii.cds", "code": "Fall", "display": "Fall", "version": "1.0.0"}, "termcodes": [{"system": "fdpg.mii.cds", "code": "encounter", "display": "Fall", "version": null}], "criteria_sets": [], "translations": [], "parents": [], "children": [], "related_terms": [], "kds_module": "Fall"}
{"index": {"_index": "ontology", "_id": "6eeb79b3-560e-310e-9dd3-73e8c18709b7"}}
{"name": "Fall", "availability": 0, "terminology": "fdpg.mii.cds", "termcode": "encounter", "selectable": true, "context": {"system": "fdpg.mii.cds", "code": "Fall", "display": "Fall", "version": "1.0.0"}, "termcodes": [{"system": "fdpg.mii.cds", "code": "encounter", "display": "Fall", "version": null}], "criteria_sets": [], "translations": [], "parents": [], "children": [], "related_terms": [], "kds_module": "Fall"}
