{"index": {"_index": "ontology", "_id": "5c6bc253-fdc8-3028-a7e0-febe5356bee1"}}
{"name": "Person", "availability": 0, "terminology": "fdpg.mii.cds", "termcode": "Person", "selectable": false, "context": {"code": "Person", "display": "Person", "system": "fdpg.mii.cds"}, "termcodes": [{"code": "Person", "display": "Person", "system": "fdpg.mii.cds"}], "criteria_sets": [], "translations": [], "parents": [], "children": [{"name": "Geschlecht", "contextualized_termcode_hash": "a36b6ef7-40ce-3148-b815-dc7b13fb9016"}, {"name": "Gegenw\u00e4rtiges chronologisches Alter", "contextualized_termcode_hash": "c4c47cd1-1707-3e93-bc98-0f28430aa06e"}], "related_terms": []}
{"index": {"_index": "ontology", "_id": "a36b6ef7-40ce-3148-b815-dc7b13fb9016"}}
{"name": "Geschlecht", "availability": 0, "terminology": "http://snomed.info/sct", "termcode": "263495000", "selectable": true, "context": {"code": "Patient", "display": "Patient", "system": "fdpg.mii.cds", "version": "1.0.0"}, "termcodes": [{"code": "263495000", "display": "Geschlecht", "system": "http://snomed.info/sct"}], "criteria_sets": [], "translations": [], "parents": [{"name": "Person", "contextualized_termcode_hash": "5c6bc253-fdc8-3028-a7e0-febe5356bee1"}], "children": [], "related_terms": []}
{"index": {"_index": "ontology", "_id": "c4c47cd1-1707-3e93-bc98-0f28430aa06e"}}
{"name": "Gegenw\u00e4rtiges chronologisches Alter", "availability": 0, "terminology": "http://snomed.info/sct", "termcode": "424144002", "selectable": true, "context": {"code": "Patient", "display": "Patient", "system": "fdpg.mii.cds", "version": "1.0.0"}, "termcodes": [{"code": "424144002", "display": "Gegenw\u00e4rtiges chronologisches Alter", "system": "http://snomed.info/sct"}], "criteria_sets": [], "translations": [], "parents": [{"name": "Person", "contextualized_termcode_hash": "5c6bc253-fdc8-3028-a7e0-febe5356bee1"}], "children": [], "related_terms": []}
