{"index": {"_index": "codeable_concept", "_id": "8a1e26b6-4942-348a-8063-260ad1f626f2"}}
{"termcode": {"code": "364075005", "display": "Heart rate (observable entity)", "system": "http://snomed.info/sct", "version": 2099}, "valuesets": ["https://www.medizininformatik-initiative.de/fhir/ext/modul-icu/ValueSet/Code-Monitoring-und-Vitaldaten-SNOMED"]}
{"index": {"_index": "codeable_concept", "_id": "e16be20f-2635-3afc-b3b9-00bbc9691e8e"}}
{"termcode": {"code": "75367002", "display": "Blood pressure (observable entity)", "system": "http://snomed.info/sct", "version": 2099}, "valuesets": ["https://www.medizininformatik-initiative.de/fhir/ext/modul-icu/ValueSet/Code-Monitoring-und-Vitaldaten-SNOMED"]}
{"index": {"_index": "codeable_concept", "_id": "934f7f9d-b5df-35f6-8cfe-50b4614141e3"}}
{"termcode": {"code": "271649006", "display": "Systolic blood pressure (observable entity)", "system": "http://snomed.info/sct", "version": 2099}, "valuesets": ["https://www.medizininformatik-initiative.de/fhir/ext/modul-icu/ValueSet/Code-Monitoring-und-Vitaldaten-SNOMED"]}
{"index": {"_index": "codeable_concept", "_id": "a422334f-4ac6-30df-9c14-e94c91b56894"}}
{"termcode": {"code": "6797001", "display": "Mean blood pressure (observable entity)", "system": "http://snomed.info/sct", "version": 2099}, "valuesets": ["https://www.medizininformatik-initiative.de/fhir/ext/modul-icu/ValueSet/Code-Monitoring-und-Vitaldaten-SNOMED"]}
{"index": {"_index": "codeable_concept", "_id": "73c5935f-16f6-35cd-988a-3868a121a395"}}
{"termcode": {"code": "271650006", "display": "Diastolic blood pressure (observable entity)", "system": "http://snomed.info/sct", "version": 2099}, "valuesets": ["https://www.medizininformatik-initiative.de/fhir/ext/modul-icu/ValueSet/Code-Monitoring-und-Vitaldaten-SNOMED"]}
{"index": {"_index": "codeable_concept", "_id": "39393de1-bff1-31eb-9c5d-81ad9e8b48cc"}}
{"termcode": {"code": "71420008", "display": "Central venous pressure (observable entity))", "system": "http://snomed.info/sct", "version": 2099}, "valuesets": ["https://www.medizininformatik-initiative.de/fhir/ext/modul-icu/ValueSet/Code-Monitoring-und-Vitaldaten-SNOMED"]}
{"index": {"_index": "codeable_concept", "_id": "23a45258-57b4-39f0-a3ac-2fd6bdeca7dd"}}
{"termcode": {"code": "118433006", "display": "Pulmonary artery wedge pressure (observable entity)", "system": "http://snomed.info/sct", "version": 2099}, "valuesets": ["https://www.medizininformatik-initiative.de/fhir/ext/modul-icu/ValueSet/Code-Monitoring-und-Vitaldaten-SNOMED"]}
{"index": {"_index": "codeable_concept", "_id": "e628be65-327b-3889-8d72-8091693cff4f"}}
{"termcode": {"code": "82799009", "display": "Cardiac output (observable entity)", "system": "http://snomed.info/sct", "version": 2099}, "valuesets": ["https://www.medizininformatik-initiative.de/fhir/ext/modul-icu/ValueSet/Code-Monitoring-und-Vitaldaten-SNOMED"]}
{"index": {"_index": "codeable_concept", "_id": "8e8e6fe5-e79f-39d2-b46c-9a44270fefc7"}}
{"termcode": {"code": "54993008", "display": "Left ventricular Cardiac index (observable entity)", "system": "http://snomed.info/sct", "version": 2099}, "valuesets": ["https://www.medizininformatik-initiative.de/fhir/ext/modul-icu/ValueSet/Code-Monitoring-und-Vitaldaten-SNOMED"]}
{"index": {"_index": "codeable_concept", "_id": "2e2a3cc5-129f-3f9c-b310-5604bc61fc45"}}
{"termcode": {"code": "276900001", "display": "Systemic vascular Resistance index (observable entity)", "system": "http://snomed.info/sct", "version": 2099}, "valuesets": ["https://www.medizininformatik-initiative.de/fhir/ext/modul-icu/ValueSet/Code-Monitoring-und-Vitaldaten-SNOMED"]}
{"index": {"_index": "codeable_concept", "_id": "4e1ed8b9-df49-3cfe-b000-4e746f59f603"}}
{"termcode": {"code": "276902009", "display": "Pulmonary vascular Resistance index (observable entity)", "system": "http://snomed.info/sct", "version": 2099}, "valuesets": ["https://www.medizininformatik-initiative.de/fhir/ext/modul-icu/ValueSet/Code-Monitoring-und-Vitaldaten-SNOMED"]}
{"index": {"_index": "codeable_concept", "_id": "26d322e5-09fa-39fb-8e04-52d93ea06009"}}
{"termcode": {"code": "90096001", "display": "Stroke volume (observable entity)", "system": "http://snomed.info/sct", "version": 2099}, "valuesets": ["https://www.medizininformatik-initiative.de/fhir/ext/modul-icu/ValueSet/Code-Monitoring-und-Vitaldaten-SNOMED"]}
{"index": {"_index": "codeable_concept", "_id": "b836d2b6-e9a2-35a6-b187-03cc735cee22"}}
{"termcode": {"code": "277381004", "display": "Stroke index (observable entity)", "system": "http://snomed.info/sct", "version": 2099}, "valuesets": ["https://www.medizininformatik-initiative.de/fhir/ext/modul-icu/ValueSet/Code-Monitoring-und-Vitaldaten-SNOMED"]}
{"index": {"_index": "codeable_concept", "_id": "62be5e19-2915-3257-8496-1fa9f90a3651"}}
{"termcode": {"code": "276885007", "display": "Core body temperature (observable entity)", "system": "http://snomed.info/sct", "version": 2099}, "valuesets": ["https://www.medizininformatik-initiative.de/fhir/ext/modul-icu/ValueSet/Code-Monitoring-und-Vitaldaten-SNOMED"]}
{"index": {"_index": "codeable_concept", "_id": "635cb881-6360-3715-a855-8979dc290240"}}
{"termcode": {"code": "250844005", "display": "Intracranial pressure (observable entity)", "system": "http://snomed.info/sct", "version": 2099}, "valuesets": ["https://www.medizininformatik-initiative.de/fhir/ext/modul-icu/ValueSet/Code-Monitoring-und-Vitaldaten-SNOMED"]}
{"index": {"_index": "codeable_concept", "_id": "ca9d14b5-2061-3b00-918b-0fd32d2fe8c9"}}
{"termcode": {"code": "27113001", "display": "Body weight (observable entity)", "system": "http://snomed.info/sct", "version": 2099}, "valuesets": ["https://www.medizininformatik-initiative.de/fhir/ext/modul-icu/ValueSet/Code-Monitoring-und-Vitaldaten-SNOMED"]}
{"index": {"_index": "codeable_concept", "_id": "7dbcc273-501d-38d4-ba12-616703275c4c"}}
{"termcode": {"code": "170804003", "display": "Ideal body weight (observable entity)", "system": "http://snomed.info/sct", "version": 2099}, "valuesets": ["https://www.medizininformatik-initiative.de/fhir/ext/modul-icu/ValueSet/Code-Monitoring-und-Vitaldaten-SNOMED"]}
{"index": {"_index": "codeable_concept", "_id": "6982dadf-b9c0-3dcd-b0ed-dde6b3e3a412"}}
{"termcode": {"code": "1153637007", "display": "Body height (observable entity)", "system": "http://snomed.info/sct", "version": 2099}, "valuesets": ["https://www.medizininformatik-initiative.de/fhir/ext/modul-icu/ValueSet/Code-Monitoring-und-Vitaldaten-SNOMED"]}
{"index": {"_index": "codeable_concept", "_id": "d8b4b9c4-e75c-3b33-841a-d8ca435c36a7"}}
{"termcode": {"code": "1153605006", "display": "Body height for age percentile (observable entity)", "system": "http://snomed.info/sct", "version": 2099}, "valuesets": ["https://www.medizininformatik-initiative.de/fhir/ext/modul-icu/ValueSet/Code-Monitoring-und-Vitaldaten-SNOMED"]}
{"index": {"_index": "codeable_concept", "_id": "099584a3-76db-3988-bd29-318d13b4b392"}}
{"termcode": {"code": "1153592008", "display": "Weight for age percentile (observable entity)", "system": "http://snomed.info/sct", "version": 2099}, "valuesets": ["https://www.medizininformatik-initiative.de/fhir/ext/modul-icu/ValueSet/Code-Monitoring-und-Vitaldaten-SNOMED"]}
{"index": {"_index": "codeable_concept", "_id": "e424755f-3453-3b3e-9b17-531eab9ff6b1"}}
{"termcode": {"code": "415974002", "display": "Core body temperature measured at tympanic membrane (observable entity)", "system": "http://snomed.info/sct", "version": 2099}, "valuesets": ["https://www.medizininformatik-initiative.de/fhir/ext/modul-icu/ValueSet/Code-Monitoring-und-Vitaldaten-SNOMED"]}
{"index": {"_index": "codeable_concept", "_id": "e471a62c-e2bc-3683-8634-a2a8441b4342"}}
{"termcode": {"code": "307047009", "display": "Core body temperature measured in rectum (observable entity)", "system": "http://snomed.info/sct", "version": 2099}, "valuesets": ["https://www.medizininformatik-initiative.de/fhir/ext/modul-icu/ValueSet/Code-Monitoring-und-Vitaldaten-SNOMED"]}
{"index": {"_index": "codeable_concept", "_id": "2118cd54-f70c-3c9f-aa10-808fb2d25c3b"}}
{"termcode": {"code": "431598003", "display": "Core body temperature measured in esophagus (observable entity)", "system": "http://snomed.info/sct", "version": 2099}, "valuesets": ["https://www.medizininformatik-initiative.de/fhir/ext/modul-icu/ValueSet/Code-Monitoring-und-Vitaldaten-SNOMED"]}
{"index": {"_index": "codeable_concept", "_id": "01e2e6bb-6f0d-301c-bb3c-191d69394512"}}
{"termcode": {"code": "698831002", "display": "Core body temperature measured in nasopharynx (observable entity)", "system": "http://snomed.info/sct", "version": 2099}, "valuesets": ["https://www.medizininformatik-initiative.de/fhir/ext/modul-icu/ValueSet/Code-Monitoring-und-Vitaldaten-SNOMED"]}
{"index": {"_index": "codeable_concept", "_id": "04cbb8ca-c18b-3610-b2e2-eef302041bbf"}}
{"termcode": {"code": "698832009", "display": "Core body temperature measured at urinary bladder (observable entity)", "system": "http://snomed.info/sct", "version": 2099}, "valuesets": ["https://www.medizininformatik-initiative.de/fhir/ext/modul-icu/ValueSet/Code-Monitoring-und-Vitaldaten-SNOMED"]}
{"index": {"_index": "codeable_concept", "_id": "19ce6960-f84f-3f80-ab96-960cc7b4d9b2"}}
{"termcode": {"code": "364246006", "display": "Core body temperature measured vaginally (observable entity)", "system": "http://snomed.info/sct", "version": 2099}, "valuesets": ["https://www.medizininformatik-initiative.de/fhir/ext/modul-icu/ValueSet/Code-Monitoring-und-Vitaldaten-SNOMED"]}
{"index": {"_index": "codeable_concept", "_id": "dc248e05-a530-3e35-b5da-e45a5e9b5c4e"}}
{"termcode": {"code": "415882003", "display": "Estimated core body temperature measured in axillary region (observable entity)", "system": "http://snomed.info/sct", "version": 2099}, "valuesets": ["https://www.medizininformatik-initiative.de/fhir/ext/modul-icu/ValueSet/Code-Monitoring-und-Vitaldaten-SNOMED"]}
{"index": {"_index": "codeable_concept", "_id": "0d15301d-c7f3-37b6-956b-c8e6a4b0ba50"}}
{"termcode": {"code": "415945006", "display": "Core body temperature measured in sublingual space (observable entity)", "system": "http://snomed.info/sct", "version": 2099}, "valuesets": ["https://www.medizininformatik-initiative.de/fhir/ext/modul-icu/ValueSet/Code-Monitoring-und-Vitaldaten-SNOMED"]}
{"index": {"_index": "codeable_concept", "_id": "c788beec-d9c4-3a6c-9db6-f9f4a90835a5"}}
{"termcode": {"code": "415929009", "display": "Estimated core body temperature measured in inguinal region (observable entity)", "system": "http://snomed.info/sct", "version": 2099}, "valuesets": ["https://www.medizininformatik-initiative.de/fhir/ext/modul-icu/ValueSet/Code-Monitoring-und-Vitaldaten-SNOMED"]}
{"index": {"_index": "codeable_concept", "_id": "aacfd605-3caa-3c73-96e0-1079734dd726"}}
{"termcode": {"code": "860958002", "display": "Temperature of blood (observable entity)", "system": "http://snomed.info/sct", "version": 2099}, "valuesets": ["https://www.medizininformatik-initiative.de/fhir/ext/modul-icu/ValueSet/Code-Monitoring-und-Vitaldaten-SNOMED"]}
{"index": {"_index": "codeable_concept", "_id": "16e08091-eedb-3e9a-97d6-7ec8791d9fcf"}}
{"termcode": {"code": "248835004", "display": "Temperature of breast (observable entity)", "system": "http://snomed.info/sct", "version": 2099}, "valuesets": ["https://www.medizininformatik-initiative.de/fhir/ext/modul-icu/ValueSet/Code-Monitoring-und-Vitaldaten-SNOMED"]}
{"index": {"_index": "codeable_concept", "_id": "d9d9bde7-1c51-3d74-b7cd-29808b10b579"}}
{"termcode": {"code": "364419004", "display": "Temperature of cervical spine (observable entity)", "system": "http://snomed.info/sct", "version": 2099}, "valuesets": ["https://www.medizininformatik-initiative.de/fhir/ext/modul-icu/ValueSet/Code-Monitoring-und-Vitaldaten-SNOMED"]}
{"index": {"_index": "codeable_concept", "_id": "977e67b5-49cd-3847-857f-7e7b25e42907"}}
{"termcode": {"code": "415922000", "display": "Temperature of forehead (observable entity)", "system": "http://snomed.info/sct", "version": 2099}, "valuesets": ["https://www.medizininformatik-initiative.de/fhir/ext/modul-icu/ValueSet/Code-Monitoring-und-Vitaldaten-SNOMED"]}
{"index": {"_index": "codeable_concept", "_id": "143ad529-a6b2-3fb5-b0c7-1dce1f4d2425"}}
{"termcode": {"code": "250124002", "display": "Temperature of joint (observable entity)", "system": "http://snomed.info/sct", "version": 2099}, "valuesets": ["https://www.medizininformatik-initiative.de/fhir/ext/modul-icu/ValueSet/Code-Monitoring-und-Vitaldaten-SNOMED"]}
{"index": {"_index": "codeable_concept", "_id": "81b688ec-ad63-30b6-b09a-4821e8f29d36"}}
{"termcode": {"code": "364429006", "display": "Temperature of lumbar spine (observable entity)", "system": "http://snomed.info/sct", "version": 2099}, "valuesets": ["https://www.medizininformatik-initiative.de/fhir/ext/modul-icu/ValueSet/Code-Monitoring-und-Vitaldaten-SNOMED"]}
{"index": {"_index": "codeable_concept", "_id": "09efa400-4ac4-3da0-901e-ee74341c6fd0"}}
{"termcode": {"code": "364424001", "display": "Temperature of thoracic spine (observable entity)", "system": "http://snomed.info/sct", "version": 2099}, "valuesets": ["https://www.medizininformatik-initiative.de/fhir/ext/modul-icu/ValueSet/Code-Monitoring-und-Vitaldaten-SNOMED"]}
{"index": {"_index": "codeable_concept", "_id": "61f29dbb-601d-3e72-b9ad-a0681b2ecf76"}}
{"termcode": {"code": "8499008", "display": "Pulse, function (observable entity)", "system": "http://snomed.info/sct", "version": 2099}, "valuesets": ["https://www.medizininformatik-initiative.de/fhir/ext/modul-icu/ValueSet/Code-Monitoring-und-Vitaldaten-SNOMED"]}
