{"index": {"_index": "ontology", "_id": "4c9a0679-5d40-377d-b2b7-b1c71c12d767"}}
{"name": "ambulatory", "availability": 0, "terminology": "http://terminology.hl7.org/CodeSystem/v3-ActCode", "termcode": "AMB", "selectable": true, "context": {"system": "fdpg.mii.cds", "code": "Fall", "display": "Fall", "version": "1.0.0"}, "termcodes": [{"system": "http://terminology.hl7.org/CodeSystem/v3-ActCode", "code": "AMB", "display": "ambulatory", "version": "9.0.0"}], "criteria_sets": [], "translations": [], "parents": [], "children": [], "related_terms": [], "kds_module": "Fall"}
{"index": {"_index": "ontology", "_id": "41e0b1a6-1529-3981-97ca-c7ec2b002c63"}}
{"name": "home health", "availability": 0, "terminology": "http://terminology.hl7.org/CodeSystem/v3-ActCode", "termcode": "HH", "selectable": true, "context": {"system": "fdpg.mii.cds", "code": "Fall", "display": "Fall", "version": "1.0.0"}, "termcodes": [{"system": "http://terminology.hl7.org/CodeSystem/v3-ActCode", "code": "HH", "display": "home health", "version": "9.0.0"}], "criteria_sets": [], "translations": [], "parents": [], "children": [], "related_terms": [], "kds_module": "Fall"}
{"index": {"_index": "ontology", "_id": "a14c6f57-88d1-3ea8-8b1e-3b86f7d2b4ae"}}
{"name": "inpatient encounter", "availability": 0, "terminology": "http://terminology.hl7.org/CodeSystem/v3-ActCode", "termcode": "IMP", "selectable": true, "context": {"system": "fdpg.mii.cds", "code": "Fall", "display": "Fall", "version": "1.0.0"}, "termcodes": [{"system": "http://terminology.hl7.org/CodeSystem/v3-ActCode", "code": "IMP", "display": "inpatient encounter", "version": "9.0.0"}], "criteria_sets": [], "translations": [], "parents": [], "children": [], "related_terms": [], "kds_module": "Fall"}
{"index": {"_index": "ontology", "_id": "72b2da63-7c22-3023-b0d5-f03efe804c32"}}
{"name": "pre-admission", "availability": 0, "terminology": "http://terminology.hl7.org/CodeSystem/v3-ActCode", "termcode": "PRENC", "selectable": true, "context": {"system": "fdpg.mii.cds", "code": "Fall", "display": "Fall", "version": "1.0.0"}, "termcodes": [{"system": "http://terminology.hl7.org/CodeSystem/v3-ActCode", "code": "PRENC", "display": "pre-admission", "version": "9.0.0"}], "criteria_sets": [], "translations": [], "parents": [], "children": [], "related_terms": [], "kds_module": "Fall"}
{"index": {"_index": "ontology", "_id": "cc3e2f90-a16f-3763-a15c-55f75f519bf8"}}
{"name": "short stay", "availability": 0, "terminology": "http://terminology.hl7.org/CodeSystem/v3-ActCode", "termcode": "SS", "selectable": true, "context": {"system": "fdpg.mii.cds", "code": "Fall", "display": "Fall", "version": "1.0.0"}, "termcodes": [{"system": "http://terminology.hl7.org/CodeSystem/v3-ActCode", "code": "SS", "display": "short stay", "version": "9.0.0"}], "criteria_sets": [], "translations": [], "parents": [], "children": [], "related_terms": [], "kds_module": "Fall"}
{"index": {"_index": "ontology", "_id": "de430ef2-cc47-3f09-a2b2-95bed6e55157"}}
{"name": "virtual", "availability": 0, "terminology": "http://terminology.hl7.org/CodeSystem/v3-ActCode", "termcode": "VR", "selectable": true, "context": {"system": "fdpg.mii.cds", "code": "Fall", "display": "Fall", "version": "1.0.0"}, "termcodes": [{"system": "http://terminology.hl7.org/CodeSystem/v3-ActCode", "code": "VR", "display": "virtual", "version": "9.0.0"}], "criteria_sets": [], "translations": [], "parents": [], "children": [], "related_terms": [], "kds_module": "Fall"}
