{
    "name": "Root",
    "module": "no-module",
    "url": "no-url",
    "children": [
        {
            "id": "cc2b0a2f-4aa8-442c-a3ab-71b21a834a10",
            "name": "modul-medikation",
            "display": "Medikation",
            "url": "modul-medikation",
            "module": "modul-medikation",
            "selectable": true,
            "leaf": false,
            "children": [
                {
                    "id": "70837a66-6583-4c12-bc7f-b89272cc51eb",
                    "name": "MII_PR_Medikation_MedicationStatement",
                    "display": "MII PR Medikation MedicationStatement",
                    "module": "modul-medikation",
                    "url": "https://www.medizininformatik-initiative.de/fhir/core/modul-medikation/StructureDefinition/MedicationStatement",
                    "leaf": true,
                    "selectable": true
                },
                {
                    "id": "94a91ca5-3797-4dc8-87e4-6ede47d88f12",
                    "name": "MII_PR_Medikation_Medikationsliste",
                    "display": "MII PR Medikation Medikationsliste",
                    "module": "modul-medikation",
                    "url": "https://www.medizininformatik-initiative.de/fhir/core/modul-medikation/StructureDefinition/medikationsliste",
                    "leaf": true,
                    "selectable": true
                },
                {
                    "id": "45c68392-b0e2-4386-8cde-eec02f4318b7",
                    "name": "MII_PR_Medikation_MedicationRequest",
                    "display": "MII PR Medikation MedicationRequest",
                    "module": "modul-medikation",
                    "url": "https://www.medizininformatik-initiative.de/fhir/core/modul-medikation/StructureDefinition/MedicationRequest",
                    "leaf": true,
                    "selectable": true
                },
                {
                    "id": "69eff090-2dfa-4c3d-9b39-951b59d6504a",
                    "name": "MII_PR_Medikation_Medication",
                    "display": "MII PR Medikation Medication",
                    "module": "modul-medikation",
                    "url": "https://www.medizininformatik-initiative.de/fhir/core/modul-medikation/StructureDefinition/Medication",
                    "leaf": true,
                    "selectable": true
                },
                {
                    "id": "863e20cf-be2a-41a5-aa20-87a5c006319d",
                    "name": "MII_PR_Medikation_MedicationAdministration",
                    "display": "MII PR Medikation MedicationAdministration",
                    "module": "modul-medikation",
                    "url": "https://www.medizininformatik-initiative.de/fhir/core/modul-medikation/StructureDefinition/MedicationAdministration",
                    "leaf": true,
                    "selectable": true
                }
            ]
        },
        {
            "id": "115c303c-7049-432d-a4c3-4312c71b9876",
            "name": "modul-icu",
            "display": "Icu",
            "url": "modul-icu",
            "module": "modul-icu",
            "selectable": true,
            "leaf": false,
            "children": [
                {
                    "id": "836fa686-7e5b-4fbf-b830-edff1ae12594",
                    "name": "SD_MII_ICU_Monitoring_Und_Vitaldaten",
                    "display": "SD MII ICU Monitoring und Vitaldaten",
                    "module": "modul-icu",
                    "url": "https://www.medizininformatik-initiative.de/fhir/ext/modul-icu/StructureDefinition/monitoring-und-vitaldaten",
                    "leaf": false,
                    "selectable": true,
                    "children": [
                        {
                            "id": "1e730133-641e-4e18-92c3-2aa33d5cab63",
                            "name": "SD_MII_ICU_Sauerstoffsaettigung_Im_Blut_Preduktal_Durch_Pulsoxymetrie",
                            "display": "SD MII ICU Sauerstoffsaettigung Im Blut Preduktal Durch Pulsoxymetrie",
                            "module": "modul-icu",
                            "url": "https://www.medizininformatik-initiative.de/fhir/ext/modul-icu/StructureDefinition/sauerstoffsaettigung-im-blut-preduktal-durch-pulsoxymetrie",
                            "leaf": true,
                            "selectable": true
                        },
                        {
                            "id": "3700b32f-8cfb-49c9-90b2-f2beddf1df77",
                            "name": "SD_MII_ICU_Koerpertemperatur_Generisch",
                            "display": "SD MII ICU Koerpertemperatur Generisch",
                            "module": "modul-icu",
                            "url": "https://www.medizininformatik-initiative.de/fhir/ext/modul-icu/StructureDefinition/koerpertemperatur-generisch",
                            "leaf": false,
                            "selectable": true,
                            "children": [
                                {
                                    "id": "f370c6e2-6bf8-4774-9859-cd0a59e9fecf",
                                    "name": "SD_MII_ICU_Koerpertemperatur_Kern",
                                    "display": "SD MII ICU Koerpertemperatur Kern",
                                    "module": "modul-icu",
                                    "url": "https://www.medizininformatik-initiative.de/fhir/ext/modul-icu/StructureDefinition/koerpertemperatur-kern",
                                    "leaf": true,
                                    "selectable": true
                                },
                                {
                                    "id": "2501facf-5919-498f-8f02-81a440a2267f",
                                    "name": "SD_MII_ICU_Koerpertemperatur_Rektal",
                                    "display": "SD MII ICU Koerpertemperatur rektal",
                                    "module": "modul-icu",
                                    "url": "https://www.medizininformatik-initiative.de/fhir/ext/modul-icu/StructureDefinition/koerpertemperatur-rektal",
                                    "leaf": true,
                                    "selectable": true
                                },
                                {
                                    "id": "6c0b7a1a-e566-4893-aa2f-3325a2b46b36",
                                    "name": "SD_MII_ICU_Koerpertemperatur_Trommelfell",
                                    "display": "SD MII ICU Koerpertemperatur Trommelfell",
                                    "module": "modul-icu",
                                    "url": "https://www.medizininformatik-initiative.de/fhir/ext/modul-icu/StructureDefinition/koerpertemperatur-trommelfell",
                                    "leaf": true,
                                    "selectable": true
                                },
                                {
                                    "id": "94864bb5-233c-402c-ae39-c935878d6392",
                                    "name": "SD_MII_ICU_Koerpertemperatur_Achsel",
                                    "display": "SD MII ICU Koerpertemperatur Achsel",
                                    "module": "modul-icu",
                                    "url": "https://www.medizininformatik-initiative.de/fhir/ext/modul-icu/StructureDefinition/koerpertemperatur-achsel",
                                    "leaf": true,
                                    "selectable": true
                                },
                                {
                                    "id": "98df552f-a386-4a7d-93b4-79eab4affa62",
                                    "name": "SD_MII_ICU_Koerpertemperatur_Stirn",
                                    "display": "SD MII ICU Koerpertemperatur Stirn",
                                    "module": "modul-icu",
                                    "url": "https://www.medizininformatik-initiative.de/fhir/ext/modul-icu/StructureDefinition/koerpertemperatur-stirn",
                                    "leaf": true,
                                    "selectable": true
                                },
                                {
                                    "id": "e41e6981-b8ee-46b2-9eb1-051068d40949",
                                    "name": "SD_MII_ICU_Koerpertemperatur_Gelenk",
                                    "display": "SD MII ICU Koerpertemperatur Gelenk",
                                    "module": "modul-icu",
                                    "url": "https://www.medizininformatik-initiative.de/fhir/ext/modul-icu/StructureDefinition/koerpertemperatur-gelenk",
                                    "leaf": true,
                                    "selectable": true
                                },
                                {
                                    "id": "333edb31-6b1a-4941-82ff-ed8607b5c4a5",
                                    "name": "SD_MII_ICU_Koerpertemperatur_Nasen_Rachen_Raum",
                                    "display": "SD MII ICU Koerpertemperatur Nasen-Rachen-Raum",
                                    "module": "modul-icu",
                                    "url": "https://www.medizininformatik-initiative.de/fhir/ext/modul-icu/StructureDefinition/koerpertemperatur-nasen-rachen-raum",
                                    "leaf": true,
                                    "selectable": true
                                },
                                {
                                    "id": "f89b711c-8c64-401b-8cc8-95b966130c10",
                                    "name": "SD_MII_ICU_Koerpertemperatur_Halswirbelsaeule",
                                    "display": "SD MII ICU Koerpertemperatur Halswirbelsaeule",
                                    "module": "modul-icu",
                                    "url": "https://www.medizininformatik-initiative.de/fhir/ext/modul-icu/StructureDefinition/koerpertemperatur-halswirbelsaeule",
                                    "leaf": true,
                                    "selectable": true
                                },
                                {
                                    "id": "f2894a69-69db-4f7d-8741-ec17a2d03bc4",
                                    "name": "SD_MII_ICU_Koerpertemperatur_Vaginal",
                                    "display": "SD MII ICU Koerpertemperatur vaginal",
                                    "module": "modul-icu",
                                    "url": "https://www.medizininformatik-initiative.de/fhir/ext/modul-icu/StructureDefinition/koerpertemperatur-vaginal",
                                    "leaf": true,
                                    "selectable": true
                                },
                                {
                                    "id": "759a05bc-a370-42a1-87ed-872ee330f8d6",
                                    "name": "SD_MII_ICU_Koerpertemperatur_Speiseroehre",
                                    "display": "SD MII ICU Koerpertemperatur Speiseroehre",
                                    "module": "modul-icu",
                                    "url": "https://www.medizininformatik-initiative.de/fhir/ext/modul-icu/StructureDefinition/koerpertemperatur-speiseroehre",
                                    "leaf": true,
                                    "selectable": true
                                },
                                {
                                    "id": "7994af58-9452-4a92-94b5-d6ac0f2a531a",
                                    "name": "SD_MII_ICU_Koerpertemperatur_Leiste",
                                    "display": "SD MII ICU Koerpertemperatur Leiste",
                                    "module": "modul-icu",
                                    "url": "https://www.medizininformatik-initiative.de/fhir/ext/modul-icu/StructureDefinition/koerpertemperatur-leiste",
                                    "leaf": true,
                                    "selectable": true
                                },
                                {
                                    "id": "9856bbe6-ba07-45e5-aff4-c630eb1ce9c0",
                                    "name": "SD_MII_ICU_Koerpertemperatur_Nasal",
                                    "display": "SD MII ICU Koerpertemperatur nasal",
                                    "module": "modul-icu",
                                    "url": "https://www.medizininformatik-initiative.de/fhir/ext/modul-icu/StructureDefinition/koerpertemperatur-nasal",
                                    "leaf": true,
                                    "selectable": true
                                },
                                {
                                    "id": "ccccc4f4-ad05-47fd-bb8d-868d1ba3ff2b",
                                    "name": "SD_MII_ICU_Koerpertemperatur_Harnblase",
                                    "display": "SD MII ICU Koerpertemperatur Harnblase",
                                    "module": "modul-icu",
                                    "url": "https://www.medizininformatik-initiative.de/fhir/ext/modul-icu/StructureDefinition/koerpertemperatur-harnblase",
                                    "leaf": true,
                                    "selectable": true
                                },
                                {
                                    "id": "e38510b0-8dfb-4c7d-9653-5277dd91829c",
                                    "name": "SD_MII_ICU_Koerpertemperatur_Brust",
                                    "display": "SD MII ICU Koerpertemperatur Brust",
                                    "module": "modul-icu",
                                    "url": "https://www.medizininformatik-initiative.de/fhir/ext/modul-icu/StructureDefinition/koerpertemperatur-brust",
                                    "leaf": true,
                                    "selectable": true
                                },
                                {
                                    "id": "270a274a-181f-4bea-9ef8-22b49bc08c66",
                                    "name": "SD_MII_ICU_Koerpertemperatur_Atemwege",
                                    "display": "SD MII ICU Koerpertemperatur Atemwege",
                                    "module": "modul-icu",
                                    "url": "https://www.medizininformatik-initiative.de/fhir/ext/modul-icu/StructureDefinition/koerpertemperatur-atemwege",
                                    "leaf": true,
                                    "selectable": true
                                },
                                {
                                    "id": "d6360317-cd42-4956-a97f-4c003b8b52de",
                                    "name": "SD_MII_ICU_Koerpertemperatur_Lendenwirbelsaeule",
                                    "display": "SD MII ICU Koerpertemperatur Lendenwirbelsaeule",
                                    "module": "modul-icu",
                                    "url": "https://www.medizininformatik-initiative.de/fhir/ext/modul-icu/StructureDefinition/koerpertemperatur-lendenwirbelsaeule",
                                    "leaf": true,
                                    "selectable": true
                                },
                                {
                                    "id": "6f6d46cd-6469-449d-99fc-656b90df8f24",
                                    "name": "SD_MII_ICU_Koerpertemperatur_Unter_Der_Zunge",
                                    "display": "SD MII ICU Koerpertemperatur unter der Zunge",
                                    "module": "modul-icu",
                                    "url": "https://www.medizininformatik-initiative.de/fhir/ext/modul-icu/StructureDefinition/koerpertemperatur-unter-der-zunge",
                                    "leaf": true,
                                    "selectable": true
                                },
                                {
                                    "id": "d9bcdad3-dd5a-4519-9baa-333f375c34b3",
                                    "name": "SD_MII_ICU_Koerpertemperatur_Blut",
                                    "display": "SD MII ICU Koerpertemperatur Blut",
                                    "module": "modul-icu",
                                    "url": "https://www.medizininformatik-initiative.de/fhir/ext/modul-icu/StructureDefinition/koerpertemperatur-blut",
                                    "leaf": true,
                                    "selectable": true
                                },
                                {
                                    "id": "2b5fe951-ebc7-4011-b02f-a0844f5d9b5a",
                                    "name": "SD_MII_ICU_Koerpertemperatur_Brustwirbelsaeule",
                                    "display": "SD MII ICU Koerpertemperatur Brustwirbelsaeule",
                                    "module": "modul-icu",
                                    "url": "https://www.medizininformatik-initiative.de/fhir/ext/modul-icu/StructureDefinition/koerpertemperatur-brustwirbelsaeule",
                                    "leaf": true,
                                    "selectable": true
                                }
                            ]
                        },
                        {
                            "id": "60128ff2-d4b5-4b1e-ac4c-ffcb34669749",
                            "name": "SD_MII_ICU_Systemischer_Vaskulaerer_Widerstandsindex",
                            "display": "SD MII ICU Systemischer Vaskulaerer Widerstandsindex",
                            "module": "modul-icu",
                            "url": "https://www.medizininformatik-initiative.de/fhir/ext/modul-icu/StructureDefinition/systemischer-vaskulaerer-widerstandsindex",
                            "leaf": true,
                            "selectable": true
                        },
                        {
                            "id": "25c17d76-2d8c-43db-8100-d22778b4a052",
                            "name": "SD_MII_ICU_Koerpergewicht_Percentil_Altersabhaengig",
                            "display": "SD MII ICU Koerpergewicht Percentil Altersabhaengig",
                            "module": "modul-icu",
                            "url": "https://www.medizininformatik-initiative.de/fhir/ext/modul-icu/StructureDefinition/koerpergewicht-percentil-altersabhaengig",
                            "leaf": true,
                            "selectable": true
                        },
                        {
                            "id": "0f74feb7-f77e-4ccb-88da-807dee19d2fd",
                            "name": "SD_MII_ICU_Zentralvenoeser_Blutdruck",
                            "display": "SD MII ICU Zentralvenoeser Blutdruck",
                            "module": "modul-icu",
                            "url": "https://www.medizininformatik-initiative.de/fhir/ext/modul-icu/StructureDefinition/zentralvenoeser-blutdruck",
                            "leaf": true,
                            "selectable": true
                        },
                        {
                            "id": "02b5614b-2ca5-4010-9c4c-f95c9e1a93d0",
                            "name": "SD_MII_ICU_Sauerstoffsaettigung_Im_Blut_Postduktal_Durch_Pulsoxymetrie",
                            "display": "SD MII ICU Sauerstoffsaettigung Im Blut Postduktal Durch Pulsoxymetrie",
                            "module": "modul-icu",
                            "url": "https://www.medizininformatik-initiative.de/fhir/ext/modul-icu/StructureDefinition/sauerstoffsaettigung-im-blut-postduktal-durch-pulsoxymetrie",
                            "leaf": true,
                            "selectable": true
                        },
                        {
                            "id": "316ea649-1859-4353-8784-e0e6c3485ddc",
                            "name": "SD_MII_ICU_Linksventrikulaerer_Herzindex",
                            "display": "SD MII ICU Linksventrikulaerer Herzindex",
                            "module": "modul-icu",
                            "url": "https://www.medizininformatik-initiative.de/fhir/ext/modul-icu/StructureDefinition/linksventrikulaerer-herzindex",
                            "leaf": true,
                            "selectable": true
                        },
                        {
                            "id": "a1553e61-ec03-4805-9d6c-e8d089e9e617",
                            "name": "SD_MII_ICU_Linksventrikulaeres_Schlagvolumen_Durch_Indikatorverduennung",
                            "display": "SD MII ICU Linksventrikulaeres Schlagvolumen Durch Indikatorverduennung",
                            "module": "modul-icu",
                            "url": "https://www.medizininformatik-initiative.de/fhir/ext/modul-icu/StructureDefinition/linksventrikulaeres-schlagvolumen-durch-indikatorverduennung",
                            "leaf": true,
                            "selectable": true
                        },
                        {
                            "id": "4d49a403-7aba-4d61-a27a-080174e8664c",
                            "name": "SD_MII_ICU_Linksventrikulaeres_Schlagvolumen",
                            "display": "SD MII ICU Linksventrikulaeres Schlagvolumen",
                            "module": "modul-icu",
                            "url": "https://www.medizininformatik-initiative.de/fhir/ext/modul-icu/StructureDefinition/linksventrikulaeres-schlagvolumen",
                            "leaf": true,
                            "selectable": true
                        },
                        {
                            "id": "e4942642-8b57-46f5-b023-d0fb2c300aa6",
                            "name": "SD_MII_ICU_Sauerstoffsaettigung_Im_Arteriellen_Blut_Durch_Pulsoxymetrie",
                            "display": "SD MII ICU Sauerstoffsaettigung Im Arteriellen Blut Durch Pulsoxymetrie",
                            "module": "modul-icu",
                            "url": "https://www.medizininformatik-initiative.de/fhir/ext/modul-icu/StructureDefinition/sauerstoffsaettigung-im-arteriellen-blut-durch-pulsoxymetrie",
                            "leaf": true,
                            "selectable": true
                        },
                        {
                            "id": "ee0aba12-5a8c-419b-9b99-8eb1e829d42b",
                            "name": "SD_MII_ICU_Pulmonalarterieller_Wedge_Druck",
                            "display": "SD MII ICU Pulmonalarterieller Wedge Druck",
                            "module": "modul-icu",
                            "url": "https://www.medizininformatik-initiative.de/fhir/ext/modul-icu/StructureDefinition/pulmonalarterieller-wedge-druck",
                            "leaf": true,
                            "selectable": true
                        },
                        {
                            "id": "b017ed16-1e15-4a24-9529-73544eaa9f5d",
                            "name": "SD_MII_ICU_Pulmonalvaskulaerer_Widerstandsindex",
                            "display": "SD MII ICU Pulmonalvaskulaerer Widerstandsindex",
                            "module": "modul-icu",
                            "url": "https://www.medizininformatik-initiative.de/fhir/ext/modul-icu/StructureDefinition/pulmonalvaskulaerer-widerstandsindex",
                            "leaf": true,
                            "selectable": true
                        },
                        {
                            "id": "841444a8-f689-4a21-b4b6-30afb05c11ae",
                            "name": "SD_MII_ICU_Koerpergroesse_Percentil",
                            "display": "SD MII ICU Koerpergroesse Percentil",
                            "module": "modul-icu",
                            "url": "https://www.medizininformatik-initiative.de/fhir/ext/modul-icu/StructureDefinition/koerpergroesse-percentil",
                            "leaf": true,
                            "selectable": true
                        },
                        {
                            "id": "aa3a7970-518b-444e-ac30-9e8484dc17fe",
                            "name": "SD_MII_ICU_Herzzeitvolumen",
                            "display": "SD MII ICU Herzzeitvolumen",
                            "module": "modul-icu",
                            "url": "https://www.medizininformatik-initiative.de/fhir/ext/modul-icu/StructureDefinition/herzzeitvolumen",
                            "leaf": true,
                            "selectable": true
                        },
                        {
                            "id": "56fd3bc5-a2da-4eb3-a517-3957de0b4cba",
                            "name": "SD_MII_ICU_Linksventrikulaeres_Schlagvolumenindex",
                            "display": "SD MII ICU Linksventrikulaeres Schlagvolumenindex",
                            "module": "modul-icu",
                            "url": "https://www.medizininformatik-initiative.de/fhir/ext/modul-icu/StructureDefinition/linksventrikulaeres-schlagvolumenindex",
                            "leaf": true,
                            "selectable": true
                        },
                        {
                            "id": "e23cde1a-5fec-413a-9812-1cf6b55ec794",
                            "name": "SD_MII_ICU_Puls",
                            "display": "SD MII ICU Puls",
                            "module": "modul-icu",
                            "url": "https://www.medizininformatik-initiative.de/fhir/ext/modul-icu/StructureDefinition/puls",
                            "leaf": true,
                            "selectable": true
                        },
                        {
                            "id": "ccda90fa-3cea-4df3-b2dc-8b87ab28385e",
                            "name": "SD_MII_ICU_Ideales_Koerpergewicht",
                            "display": "SD MII ICU Ideales Koerpergewicht",
                            "module": "modul-icu",
                            "url": "https://www.medizininformatik-initiative.de/fhir/ext/modul-icu/StructureDefinition/ideales-koerpergewicht",
                            "leaf": true,
                            "selectable": true
                        },
                        {
                            "id": "1e88a015-d899-4fd8-8dfd-079c167f7fce",
                            "name": "SD_MII_ICU_Herzfrequenz",
                            "display": "SD MII ICU Herzfrequenz",
                            "module": "modul-icu",
                            "url": "https://www.medizininformatik-initiative.de/fhir/ext/modul-icu/StructureDefinition/herzfrequenz",
                            "leaf": true,
                            "selectable": true
                        },
                        {
                            "id": "5488d584-4833-4a0a-8934-f048cf7a7dc0",
                            "name": "SD_MII_ICU_Linksventrikulaerer_Herzindex_Durch_Indikatorverduennung",
                            "display": "SD MII ICU Linksventrikulaerer Herzindex durch Indikatorverduennung",
                            "module": "modul-icu",
                            "url": "https://www.medizininformatik-initiative.de/fhir/ext/modul-icu/StructureDefinition/linksventrikulaerer-herzindex-durch-indikatorverduennung",
                            "leaf": true,
                            "selectable": true
                        },
                        {
                            "id": "dcde9d5e-d0cb-4bc7-a572-ea09b03de433",
                            "name": "SD_MII_ICU_Linksventrikulaerer_Schlagvolumenindex_Durch_Indikatorverduennung",
                            "display": "SD MII ICU Linksventrikulaerer Schlagvolumenindex Durch Indikatorverduennung",
                            "module": "modul-icu",
                            "url": "https://www.medizininformatik-initiative.de/fhir/ext/modul-icu/StructureDefinition/linksventrikulaerer-schlagvolumenindex-durch-indikatorverduennung",
                            "leaf": true,
                            "selectable": true
                        },
                        {
                            "id": "5f7b3d61-6f46-49c8-8a17-16e974fc1078",
                            "name": "SD_MII_ICU_Intrakranieller_Druck_Icp",
                            "display": "SD MII ICU Intrakranieller Druck ICP",
                            "module": "modul-icu",
                            "url": "https://www.medizininformatik-initiative.de/fhir/ext/modul-icu/StructureDefinition/intrakranieller-druck-icp",
                            "leaf": true,
                            "selectable": true
                        },
                        {
                            "id": "864fbdee-7b5c-4778-8a88-e1f8db347f2b",
                            "name": "SD_MII_ICU_Linksventrikulaeres_Herzzeitvolumen_Durch_Indikatorverduennung",
                            "display": "SD MII ICU Linksventrikulaeres Herzzeitvolumen Durch Indikatorverduennung",
                            "module": "modul-icu",
                            "url": "https://www.medizininformatik-initiative.de/fhir/ext/modul-icu/StructureDefinition/linksventrikulaeres-herzzeitvolumen-durch-indikatorverduennung",
                            "leaf": true,
                            "selectable": true
                        }
                    ]
                },
                {
                    "id": "327955e9-29e2-4ac7-8199-5bc226875baa",
                    "name": "SD_MII_ICU_Parameter_Von_Beatmung",
                    "display": "SD MII ICU Parameter von Beatmung",
                    "module": "modul-icu",
                    "url": "https://www.medizininformatik-initiative.de/fhir/ext/modul-icu/StructureDefinition/parameter-von-beatmung",
                    "leaf": false,
                    "selectable": true,
                    "children": [
                        {
                            "id": "44766673-b0da-4281-990d-67c2c8be907d",
                            "name": "SD_MII_ICU_Inspiratorische_Sauerstofffraktion_Eingestellt",
                            "display": "SD MII ICU Inspiratorische Sauerstofffraktion Eingestellt",
                            "module": "modul-icu",
                            "url": "https://www.medizininformatik-initiative.de/fhir/ext/modul-icu/StructureDefinition/inspiratorische-sauerstofffraktion-eingestellt",
                            "leaf": true,
                            "selectable": true
                        },
                        {
                            "id": "36c566be-21e4-4b5c-8e7c-5e4fb203832b",
                            "name": "SD_MII_ICU_Horowitz_In_Arteriellem_Blut",
                            "display": "SD MII ICU Horowitz In Arteriellem Blut",
                            "module": "modul-icu",
                            "url": "https://www.medizininformatik-initiative.de/fhir/ext/modul-icu/StructureDefinition/horowitz-in-arteriellem-blut",
                            "leaf": true,
                            "selectable": true
                        },
                        {
                            "id": "7db82ea0-59a4-4600-83ad-c7aa3d99ef4e",
                            "name": "SD_MII_ICU_Dynamische_Kompliance",
                            "display": "SD MII ICU Dynamische Kompliance",
                            "module": "modul-icu",
                            "url": "https://www.medizininformatik-initiative.de/fhir/ext/modul-icu/StructureDefinition/dynamische-kompliance",
                            "leaf": true,
                            "selectable": true
                        },
                        {
                            "id": "5ef60b14-79a1-4182-90cc-8ede4da958c7",
                            "name": "SD_MII_ICU_Spontanes_Atemzugvolumen",
                            "display": "SD MII ICU Spontanes Atemzugvolumen",
                            "module": "modul-icu",
                            "url": "https://www.medizininformatik-initiative.de/fhir/ext/modul-icu/StructureDefinition/spontanes-atemzugvolumen",
                            "leaf": true,
                            "selectable": true
                        },
                        {
                            "id": "263a1273-0d9d-41ad-92b3-a66bb7f00ac5",
                            "name": "SD_MII_ICU_Mechanische_Atemfrequenz_Beatmet",
                            "display": "SD MII ICU Mechanische Atemfrequenz Beatmet",
                            "module": "modul-icu",
                            "url": "https://www.medizininformatik-initiative.de/fhir/ext/modul-icu/StructureDefinition/mechanische-atemfrequenz-beatmet",
                            "leaf": true,
                            "selectable": true
                        },
                        {
                            "id": "968da5a1-0c12-441c-a65f-4fadbe109b68",
                            "name": "SD_MII_ICU_Maximaler_Beatmungsdruck",
                            "display": "SD MII ICU Maximaler Beatmungsdruck",
                            "module": "modul-icu",
                            "url": "https://www.medizininformatik-initiative.de/fhir/ext/modul-icu/StructureDefinition/maximaler-beatmungsdruck",
                            "leaf": true,
                            "selectable": true
                        },
                        {
                            "id": "5f89d660-a65e-49ff-a0e5-254b9057aa5b",
                            "name": "SD_MII_ICU_Exspiratorischer_Sauerstoffpartialdruck",
                            "display": "SD MII ICU Exspiratorischer Sauerstoffpartialdruck",
                            "module": "modul-icu",
                            "url": "https://www.medizininformatik-initiative.de/fhir/ext/modul-icu/StructureDefinition/exspiratorischer-sauerstoffpartialdruck",
                            "leaf": true,
                            "selectable": true
                        },
                        {
                            "id": "f1bbd4dd-3cbd-4c2f-a576-b994d6f83fc8",
                            "name": "SD_MII_ICU_Einstellung_Einatmungszeit_Beatmung",
                            "display": "SD MII ICU Einstellung Einatmungszeit Beatmung",
                            "module": "modul-icu",
                            "url": "https://www.medizininformatik-initiative.de/fhir/ext/modul-icu/StructureDefinition/einstellung-einatmungszeit-beatmung",
                            "leaf": true,
                            "selectable": true
                        },
                        {
                            "id": "6238507d-cfe7-4476-a840-8ae1f6785434",
                            "name": "SD_MII_ICU_Atemzugvolumen_Waehrend_Beatmung",
                            "display": "SD MII ICU Atemzugvolumen Waehrend Beatmung",
                            "module": "modul-icu",
                            "url": "https://www.medizininformatik-initiative.de/fhir/ext/modul-icu/StructureDefinition/atemzugvolumen-waehrend-beatmung",
                            "leaf": true,
                            "selectable": true
                        },
                        {
                            "id": "883aee0f-5db1-4b08-ab45-4c3fab45d513",
                            "name": "SD_MII_ICU_Beatmungszeit_Hohem_Druck",
                            "display": "SD MII ICU Beatmungszeit Hohem Druck",
                            "module": "modul-icu",
                            "url": "https://www.medizininformatik-initiative.de/fhir/ext/modul-icu/StructureDefinition/beatmungszeit-hohem-druck",
                            "leaf": true,
                            "selectable": true
                        },
                        {
                            "id": "393b8fb0-395c-40fd-86c3-365ce9ea9497",
                            "name": "SD_MII_ICU_Eingestellter_Inspiratorischer_Gasfluss",
                            "display": "SD MII ICU Eingestellter Inspiratorischer Gasfluss",
                            "module": "modul-icu",
                            "url": "https://www.medizininformatik-initiative.de/fhir/ext/modul-icu/StructureDefinition/eingestellter-inspiratorischer-gasfluss",
                            "leaf": true,
                            "selectable": true
                        },
                        {
                            "id": "fe232db7-5758-450b-8be9-aa5877bd3fa1",
                            "name": "SD_MII_ICU_Einstellung_Ausatmungszeit_Beatmung",
                            "display": "SD MII ICU Einstellung Ausatmungszeit Beatmung",
                            "module": "modul-icu",
                            "url": "https://www.medizininformatik-initiative.de/fhir/ext/modul-icu/StructureDefinition/einstellung-ausatmungszeit-beatmung",
                            "leaf": true,
                            "selectable": true
                        },
                        {
                            "id": "df8c3a17-a799-441a-9fa6-fa66bce8b932",
                            "name": "SD_MII_ICU_Inspiratorische_Sauerstofffraktion",
                            "display": "SD MII ICU Inspiratorische Sauerstofffraktion",
                            "module": "modul-icu",
                            "url": "https://www.medizininformatik-initiative.de/fhir/ext/modul-icu/StructureDefinition/inspiratorische-sauerstofffraktion",
                            "leaf": true,
                            "selectable": true
                        },
                        {
                            "id": "7e2f8298-9fc7-4da2-bd3e-33d66664736d",
                            "name": "SD_MII_ICU_Atemwegsdruck_Bei_Null_Expiratorischem_Gasfluss",
                            "display": "SD MII ICU Atemwegsdruck Bei Null Expiratorischem Gasfluss",
                            "module": "modul-icu",
                            "url": "https://www.medizininformatik-initiative.de/fhir/ext/modul-icu/StructureDefinition/atemwegsdruck-bei-null-expiratorischem-gasfluss",
                            "leaf": true,
                            "selectable": true
                        },
                        {
                            "id": "2c54394a-403c-4253-8e00-431c7df57f14",
                            "name": "SD_MII_ICU_Zeitverhaeltnis_Ein_Ausatmung",
                            "display": "SD MII ICU Zeitverhaeltnis Ein Ausatmung",
                            "module": "modul-icu",
                            "url": "https://www.medizininformatik-initiative.de/fhir/ext/modul-icu/StructureDefinition/zeitverhaeltnis-ein-ausatmung",
                            "leaf": true,
                            "selectable": true
                        },
                        {
                            "id": "81644cdb-2cdc-41d4-9762-56c9351448c8",
                            "name": "SD_MII_ICU_Beatmungsvolumen_Pro_Minute_Maschineller_Beatmung",
                            "display": "SD MII ICU Beatmungsvolumen Pro Minute Maschineller Beatmung",
                            "module": "modul-icu",
                            "url": "https://www.medizininformatik-initiative.de/fhir/ext/modul-icu/StructureDefinition/beatmungsvolumen-pro-minute-maschineller-beatmung",
                            "leaf": true,
                            "selectable": true
                        },
                        {
                            "id": "92e58398-d892-45ce-8f39-845cf0afafe6",
                            "name": "SD_MII_ICU_Spontane_Atemfrequenz_Beatmet",
                            "display": "SD MII ICU Spontane Atemfrequenz Beatmet",
                            "module": "modul-icu",
                            "url": "https://www.medizininformatik-initiative.de/fhir/ext/modul-icu/StructureDefinition/spontane-atemfrequenz-beatmet",
                            "leaf": true,
                            "selectable": true
                        },
                        {
                            "id": "736097c5-4b80-4198-9ac5-09579f6efb4a",
                            "name": "SD_MII_ICU_Druckdifferenz_Beatmung",
                            "display": "SD MII ICU Druckdifferenz Beatmung",
                            "module": "modul-icu",
                            "url": "https://www.medizininformatik-initiative.de/fhir/ext/modul-icu/StructureDefinition/druckdifferenz-beatmung",
                            "leaf": true,
                            "selectable": true
                        },
                        {
                            "id": "77add78a-e82a-4e68-b4f1-b9555db2e9e3",
                            "name": "SD_MII_ICU_Inspiratorischer_Gasfluss",
                            "display": "SD MII ICU Inspiratorischer Gasfluss",
                            "module": "modul-icu",
                            "url": "https://www.medizininformatik-initiative.de/fhir/ext/modul-icu/StructureDefinition/inspiratorischer-gasfluss",
                            "leaf": true,
                            "selectable": true
                        },
                        {
                            "id": "8f14c3eb-7cf2-4eba-b68a-2042462616e6",
                            "name": "SD_MII_ICU_Unterstuezungsdruck_Beatmung",
                            "display": "SD MII ICU Unterstuezungsdruck Beatmung",
                            "module": "modul-icu",
                            "url": "https://www.medizininformatik-initiative.de/fhir/ext/modul-icu/StructureDefinition/unterstuetzungsdruck-beatmung",
                            "leaf": true,
                            "selectable": true
                        },
                        {
                            "id": "ffd02c0f-8ad0-4a04-8b3a-10c8fd0f0966",
                            "name": "SD_MII_ICU_Atemwegsdruck_Bei_Mittlerem_Expiratorischem_Gasfluss",
                            "display": "SD MII ICU Atemwegsdruck Bei Mittlerem Expiratorischem Gasfluss",
                            "module": "modul-icu",
                            "url": "https://www.medizininformatik-initiative.de/fhir/ext/modul-icu/StructureDefinition/atemwegsdruck-bei-mittlerem-expiratorischem-gasfluss",
                            "leaf": true,
                            "selectable": true
                        },
                        {
                            "id": "861139e1-542a-4a03-a3c4-7a255b22ad55",
                            "name": "SD_MII_ICU_Atemzugvolumen_Einstellung",
                            "display": "SD MII ICU Atemzugvolumen Einstellung",
                            "module": "modul-icu",
                            "url": "https://www.medizininformatik-initiative.de/fhir/ext/modul-icu/StructureDefinition/atemzugvolumen-einstellung",
                            "leaf": true,
                            "selectable": true
                        },
                        {
                            "id": "9d385fb1-b4da-46ab-a359-3791ec476f98",
                            "name": "SD_MII_ICU_Mittlerer_Beatmungsdruck",
                            "display": "SD MII ICU Mittlerer Beatmungsdruck",
                            "module": "modul-icu",
                            "url": "https://www.medizininformatik-initiative.de/fhir/ext/modul-icu/StructureDefinition/mittlerer-beatmungsdruck",
                            "leaf": true,
                            "selectable": true
                        },
                        {
                            "id": "e4ee46c1-bd7d-43d7-be1d-8704f52ff0f6",
                            "name": "SD_MII_ICU_Positiv_Endexpiratorischer_Druck",
                            "display": "SD MII ICU Positiv Endexpiratorischer Druck",
                            "module": "modul-icu",
                            "url": "https://www.medizininformatik-initiative.de/fhir/ext/modul-icu/StructureDefinition/positiv-endexpiratorischer-druck",
                            "leaf": true,
                            "selectable": true
                        },
                        {
                            "id": "39cdf88b-6a5f-4197-9560-b72ac99a3b88",
                            "name": "SD_MII_ICU_Endexpiratorischer_Kohlendioxidpartialdruck",
                            "display": "SD MII ICU Endexpiratorischer Kohlendioxidpartialdruck",
                            "module": "modul-icu",
                            "url": "https://www.medizininformatik-initiative.de/fhir/ext/modul-icu/StructureDefinition/endexpiratorischer-kohlendioxidpartialdruck",
                            "leaf": true,
                            "selectable": true
                        },
                        {
                            "id": "6182eec6-648e-4ca6-83ef-9d5e63f478ee",
                            "name": "SD_MII_ICU_Beatmungszeit_Niedrigem_Druck",
                            "display": "SD MII ICU Beatmungszeit Niedrigem Druck",
                            "module": "modul-icu",
                            "url": "https://www.medizininformatik-initiative.de/fhir/ext/modul-icu/StructureDefinition/beatmungszeit-niedrigem-druck",
                            "leaf": true,
                            "selectable": true
                        },
                        {
                            "id": "9e826e07-8785-4d5e-8b7c-d6897f58522d",
                            "name": "SD_MII_ICU_Spontanes_Mechanisches_Atemzugvolumen_Waehrend_Beatmung",
                            "display": "SD MII ICU Spontanes Mechanisches Atemzugvolumen Waehrend Beatmung",
                            "module": "modul-icu",
                            "url": "https://www.medizininformatik-initiative.de/fhir/ext/modul-icu/StructureDefinition/spontanes-mechanisches-atemzugvolumen-waehrend-beatmung",
                            "leaf": true,
                            "selectable": true
                        },
                        {
                            "id": "cd79e265-8303-453b-aa19-2d1d0848b7d2",
                            "name": "SD_MII_ICU_Spontane_Mechanische_Atemfrequenz_Beatmet",
                            "display": "SD MII ICU Spontane Mechanische Atemfrequenz Beatmet",
                            "module": "modul-icu",
                            "url": "https://www.medizininformatik-initiative.de/fhir/ext/modul-icu/StructureDefinition/spontane-mechanische-atemfrequenz-beatmet",
                            "leaf": true,
                            "selectable": true
                        },
                        {
                            "id": "6881e67a-e0fa-4d5e-8ab6-cb0d2ed92497",
                            "name": "SD_MII_ICU_Exspiratorischer_Gasfluss",
                            "display": "SD MII ICU Exspiratorischer Gasfluss",
                            "module": "modul-icu",
                            "url": "https://www.medizininformatik-initiative.de/fhir/ext/modul-icu/StructureDefinition/exspiratorischer-gasfluss",
                            "leaf": true,
                            "selectable": true
                        }
                    ]
                },
                {
                    "id": "605e2c38-7c34-4a2d-92c8-f3482a1872c1",
                    "name": "MII_PR_Prozedur_Procedure",
                    "display": "MII PR Prozedur Procedure",
                    "module": "modul-prozedur",
                    "url": "https://www.medizininformatik-initiative.de/fhir/core/modul-prozedur/StructureDefinition/Procedure",
                    "leaf": false,
                    "selectable": true,
                    "children": [
                        {
                            "id": "00fc4120-c79f-4aa6-bab7-1cdb0ac1cdd8",
                            "name": "SD_MII_ICU_Extrakorporales_Verfahren",
                            "display": "SD MII ICU Extrakorporales Verfahren",
                            "module": "modul-icu",
                            "url": "https://www.medizininformatik-initiative.de/fhir/ext/modul-icu/StructureDefinition/extrakorporales-verfahren",
                            "leaf": true,
                            "selectable": true
                        },
                        {
                            "id": "38a84fa8-1424-4f2e-8c83-f8c22c5356fb",
                            "name": "SD_MII_ICU_Beatmung",
                            "display": "SD MII ICU Beatmung",
                            "module": "modul-icu",
                            "url": "https://www.medizininformatik-initiative.de/fhir/ext/modul-icu/StructureDefinition/beatmung",
                            "leaf": true,
                            "selectable": true
                        }
                    ]
                },
                {
                    "id": "a56abfa6-44cf-45ac-b4c0-ffffde8331cb",
                    "name": "SD_MII_ICU_Blutdruck_Generisch",
                    "display": "SD MII ICU Blutdruck Generisch",
                    "module": "modul-icu",
                    "url": "https://www.medizininformatik-initiative.de/fhir/ext/modul-icu/StructureDefinition/blutdruck-generisch",
                    "leaf": false,
                    "selectable": true,
                    "children": [
                        {
                            "id": "7a522c34-f4d1-44ef-a13e-20e838cf9176",
                            "name": "SD_MII_ICU_Linksventrikulaerer_Druck",
                            "display": "SD MII ICU Linksventrikulaerer Druck",
                            "module": "modul-icu",
                            "url": "https://www.medizininformatik-initiative.de/fhir/ext/modul-icu/StructureDefinition/linksventrikulaerer-druck",
                            "leaf": true,
                            "selectable": true
                        },
                        {
                            "id": "b7c74ff2-24fe-4f69-a104-cf04fd56009b",
                            "name": "SD_MII_ICU_Rechtsventrikulaerer_Druck",
                            "display": "SD MII ICU Rechtsventrikulaerer Druck",
                            "module": "modul-icu",
                            "url": "https://www.medizininformatik-initiative.de/fhir/ext/modul-icu/StructureDefinition/rechtsventrikulaerer-druck",
                            "leaf": true,
                            "selectable": true
                        },
                        {
                            "id": "55486a01-891d-464c-b6e5-b9c9d12936b3",
                            "name": "SD_MII_ICU_Linksatrialer_Druck",
                            "display": "SD MII ICU Linksatrialer Druck",
                            "module": "modul-icu",
                            "url": "https://www.medizininformatik-initiative.de/fhir/ext/modul-icu/StructureDefinition/linksatrialer-druck",
                            "leaf": true,
                            "selectable": true
                        },
                        {
                            "id": "4d2fd6ad-a6b2-4197-9e6d-a1c199271d6f",
                            "name": "SD_MII_ICU_Rechtsatrialer_Druck",
                            "display": "SD MII ICU Rechtsatrialer Druck",
                            "module": "modul-icu",
                            "url": "https://www.medizininformatik-initiative.de/fhir/ext/modul-icu/StructureDefinition/rechtsatrialer-druck",
                            "leaf": true,
                            "selectable": true
                        },
                        {
                            "id": "2c7c5f6a-05d0-4435-b8e1-ea8da43c2aac",
                            "name": "SD_MII_ICU_Pulmonalarterieller_Blutdruck",
                            "display": "SD MII ICU Pulmonalarterieller Blutdruck",
                            "module": "modul-icu",
                            "url": "https://www.medizininformatik-initiative.de/fhir/ext/modul-icu/StructureDefinition/pulmonalarterieller-blutdruck",
                            "leaf": true,
                            "selectable": true
                        },
                        {
                            "id": "01e69ef5-898f-4f17-8122-849b74b7c445",
                            "name": "SD_MII_ICU_Blutdruck",
                            "display": "SD MII ICU Blutdruck",
                            "module": "modul-icu",
                            "url": "https://www.medizininformatik-initiative.de/fhir/ext/modul-icu/StructureDefinition/blutdruck",
                            "leaf": true,
                            "selectable": true
                        }
                    ]
                },
                {
                    "id": "387758ce-e688-48c2-956e-d3e1cc2533f1",
                    "name": "SD_MII_ICU_Parameter_Von_Extrakorporalen_Verfahren",
                    "display": "SD MII ICU Parameter von Extrakorporalen Verfahren",
                    "module": "modul-icu",
                    "url": "https://www.medizininformatik-initiative.de/fhir/ext/modul-icu/StructureDefinition/parameter-von-extrakorporalen-verfahren",
                    "leaf": false,
                    "selectable": true,
                    "children": [
                        {
                            "id": "321a8748-cc14-47cc-9531-b581d2766645",
                            "name": "SD_MII_ICU_Blutfluss_Cardiovasculaeres_Geraet",
                            "display": "SD MII ICU Blutfluss Cardiovasculaeres Geraet",
                            "module": "modul-icu",
                            "url": "https://www.medizininformatik-initiative.de/fhir/ext/modul-icu/StructureDefinition/blutfluss-cardiovasculaeres-geraet",
                            "leaf": true,
                            "selectable": true
                        },
                        {
                            "id": "e90afa9b-6048-4978-9496-44736943c0bd",
                            "name": "SD_MII_ICU_Sauerstoffgasfluss",
                            "display": "SD MII ICU Sauerstoffgasfluss",
                            "module": "modul-icu",
                            "url": "https://www.medizininformatik-initiative.de/fhir/ext/modul-icu/StructureDefinition/sauerstoffgasfluss",
                            "leaf": true,
                            "selectable": true
                        },
                        {
                            "id": "b1ac2599-efc2-4e7d-b971-a541211719d1",
                            "name": "SD_MII_ICU_Dauer_Haemodialysesitzung",
                            "display": "SD MII ICU Dauer Haemodialysesitzung",
                            "module": "modul-icu",
                            "url": "https://www.medizininformatik-initiative.de/fhir/ext/modul-icu/StructureDefinition/dauer-haemodialysesitzung",
                            "leaf": true,
                            "selectable": true
                        },
                        {
                            "id": "ba0d5880-b319-4666-8ca1-b9ec62d28678",
                            "name": "SD_MII_ICU_Ionisiertes_Kalzium_Nierenersatzverfahren",
                            "display": "SD MII ICU Ionisiertes Kalzium Nierenersatzverfahren",
                            "module": "modul-icu",
                            "url": "https://www.medizininformatik-initiative.de/fhir/ext/modul-icu/StructureDefinition/ionisiertes-kalzium-nierenersatzverfahren",
                            "leaf": true,
                            "selectable": true
                        },
                        {
                            "id": "8e1b89ae-69a4-45d2-8842-e8155fd31b89",
                            "name": "SD_MII_ICU_Substituatvolumen",
                            "display": "SD MII ICU Substituatvolumen",
                            "module": "modul-icu",
                            "url": "https://www.medizininformatik-initiative.de/fhir/ext/modul-icu/StructureDefinition/substituatvolumen",
                            "leaf": true,
                            "selectable": true
                        },
                        {
                            "id": "49702632-7371-45bb-9819-01ab006b410d",
                            "name": "SD_MII_ICU_Venoeser_Druck",
                            "display": "SD MII ICU Venoeser Druck",
                            "module": "modul-icu",
                            "url": "https://www.medizininformatik-initiative.de/fhir/ext/modul-icu/StructureDefinition/venoeser-druck",
                            "leaf": true,
                            "selectable": true
                        },
                        {
                            "id": "0dfda71a-aa97-46cf-a9ce-b5310874356a",
                            "name": "SD_MII_ICU_Substituatfluss",
                            "display": "SD MII ICU Substituatfluss",
                            "module": "modul-icu",
                            "url": "https://www.medizininformatik-initiative.de/fhir/ext/modul-icu/StructureDefinition/substituatfluss",
                            "leaf": true,
                            "selectable": true
                        },
                        {
                            "id": "26fbcedd-d001-40d3-a6a3-09db1ee6088a",
                            "name": "SD_MII_ICU_Haemodialyse_Blutfluss",
                            "display": "SD MII ICU Haemodialyse Blutfluss",
                            "module": "modul-icu",
                            "url": "https://www.medizininformatik-initiative.de/fhir/ext/modul-icu/StructureDefinition/haemodialyse-blutfluss",
                            "leaf": true,
                            "selectable": true
                        },
                        {
                            "id": "efc41e09-9258-46e3-81f8-92a3428673a8",
                            "name": "SD_MII_ICU_Dauer_Extrakorporaler_Gasaustausch",
                            "display": "SD MII ICU Dauer Extrakorporaler Gasaustausch",
                            "module": "modul-icu",
                            "url": "https://www.medizininformatik-initiative.de/fhir/ext/modul-icu/StructureDefinition/dauer-extrakorporaler-gasaustausch",
                            "leaf": true,
                            "selectable": true
                        },
                        {
                            "id": "ced92f1f-108e-41ab-98d5-8ef6bf009a96",
                            "name": "SD_MII_ICU_Arterieller_Druck",
                            "display": "SD MII ICU Arterieller Druck",
                            "module": "modul-icu",
                            "url": "https://www.medizininformatik-initiative.de/fhir/ext/modul-icu/StructureDefinition/arterieller-druck",
                            "leaf": true,
                            "selectable": true
                        },
                        {
                            "id": "a9f53040-11a1-44c2-b822-3311b7c4ca90",
                            "name": "SD_MII_ICU_Blutflussindex_Extrakorporaler_Gasaustausch",
                            "display": "SD MII ICU Blutflussindex Extrakorporaler Gasaustausch",
                            "module": "modul-icu",
                            "url": "https://www.medizininformatik-initiative.de/fhir/ext/modul-icu/StructureDefinition/blutflussindex-extrakorporaler-gasaustausch",
                            "leaf": true,
                            "selectable": true
                        },
                        {
                            "id": "4d25dce4-baa2-4ca7-91aa-094451fcc6be",
                            "name": "SD_MII_ICU_Blutfluss_Extrakorporaler_Gasaustausch",
                            "display": "SD MII ICU Blutfluss Extrakorporaler Gasaustausch",
                            "module": "modul-icu",
                            "url": "https://www.medizininformatik-initiative.de/fhir/ext/modul-icu/StructureDefinition/blutfluss-extrakorporaler-gasaustausch",
                            "leaf": true,
                            "selectable": true
                        }
                    ]
                },
                {
                    "id": "a0c88b30-2fa9-43b0-bf70-b446f7e51a80",
                    "name": "SD_MII_ICU_Kopfumfang",
                    "display": "SD MII ICU Kopfumfang",
                    "module": "modul-icu",
                    "url": "https://www.medizininformatik-initiative.de/fhir/ext/modul-icu/StructureDefinition/kopfumfang",
                    "leaf": true,
                    "selectable": true
                },
                {
                    "id": "ad88ede2-a3c8-463f-bfed-6a4ebbb5adf0",
                    "name": "SD_MII_ICU_Atemfrequenz",
                    "display": "SD MII ICU Atemfrequenz",
                    "module": "modul-icu",
                    "url": "https://www.medizininformatik-initiative.de/fhir/ext/modul-icu/StructureDefinition/atemfrequenz",
                    "leaf": true,
                    "selectable": true
                },
                {
                    "id": "30e3b05c-8f70-4071-87aa-89cc7465d0f6",
                    "name": "SD_MII_ICU_Koerpergroesse",
                    "display": "SD MII ICU Koerpergroesse",
                    "module": "modul-icu",
                    "url": "https://www.medizininformatik-initiative.de/fhir/ext/modul-icu/StructureDefinition/koerpergroesse",
                    "leaf": true,
                    "selectable": true
                },
                {
                    "id": "f1927137-2f9b-44d6-8150-7dac3fff2142",
                    "name": "SD_MII_ICU_Periphere_Artierielle_Sauerstoffsaettigung",
                    "display": "SD MII ICU Periphere Artierielle Sauerstoffsaettigung",
                    "module": "modul-icu",
                    "url": "https://www.medizininformatik-initiative.de/fhir/ext/modul-icu/StructureDefinition/periphere-artierielle-sauerstoffsaettigung",
                    "leaf": true,
                    "selectable": true
                },
                {
                    "id": "e50e96ce-3200-4b8b-b10f-7a968ef2df0f",
                    "name": "SD_MII_ICU_Icu_Device",
                    "display": "SD MII ICU ICU Device",
                    "module": "modul-icu",
                    "url": "https://www.medizininformatik-initiative.de/fhir/ext/modul-icu/StructureDefinition/icu-device",
                    "leaf": true,
                    "selectable": true
                },
                {
                    "id": "f8376c18-bdee-437c-9fdc-dc08dfe6aefb",
                    "name": "SD_MII_ICU_Koerpergewicht",
                    "display": "SD MII ICU Koerpergewicht",
                    "module": "modul-icu",
                    "url": "https://www.medizininformatik-initiative.de/fhir/ext/modul-icu/StructureDefinition/koerpergewicht",
                    "leaf": true,
                    "selectable": true
                },
                {
                    "id": "b1caff89-2d12-4485-afc2-69b3b8ae82b9",
                    "name": "SD_MII_ICU_Devicemetric_Eingestellte_Gemessene_Parameter_Extrakorporale_Verfahren",
                    "display": "SD MII ICU DeviceMetric Eingestellte Gemessene Parameter Extrakorporale Verfahren",
                    "module": "modul-icu",
                    "url": "https://www.medizininformatik-initiative.de/fhir/ext/modul-icu/StructureDefinition/devicemetric-eingestellte-gemessene-parameter-extrakorporale-verfahren",
                    "leaf": true,
                    "selectable": true
                },
                {
                    "id": "7bfc7dce-63fe-44f6-a668-c833e6783c57",
                    "name": "SD_MII_ICU_Devicemetric_Eingestellte_Gemessene_Parameter_Beatmung",
                    "display": "SD MII ICU DeviceMetric Eingestellte Gemessene Parameter Beatmung",
                    "module": "modul-icu",
                    "url": "https://www.medizininformatik-initiative.de/fhir/ext/modul-icu/StructureDefinition/devicemetric-eingestellte-gemessene-parameter-beatmung",
                    "leaf": true,
                    "selectable": true
                }
            ]
        },
        {
            "id": "2769742d-06e8-4c50-a8cd-1fde8e319c07",
            "name": "modul-consent",
            "display": "Consent",
            "url": "modul-consent",
            "module": "modul-consent",
            "selectable": true,
            "leaf": false,
            "children": [
                {
                    "id": "06fe24e7-253e-477d-97c4-b33b8e5714ed",
                    "name": "ConsentManagementProvenance",
                    "display": "Consent Management Provenance",
                    "module": "http://fhir.de/ConsentManagement/StructureDefinition/Provenance",
                    "url": "http://fhir.de/ConsentManagement/StructureDefinition/Provenance",
                    "leaf": false,
                    "selectable": true,
                    "children": [
                        {
                            "id": "5836c2ac-0595-41df-855c-ed78201e407f",
                            "name": "MII_PR_Consent_Provenance",
                            "display": "Profile - MI-I - Consent - Provenance",
                            "module": "modul-consent",
                            "url": "https://www.medizininformatik-initiative.de/fhir/modul-consent/StructureDefinition/mii-pr-consent-provenance",
                            "leaf": true,
                            "selectable": true
                        }
                    ]
                },
                {
                    "id": "fe7f8c1f-b01b-40cb-a444-e19864142cd9",
                    "name": "MII_PR_Consent_Einwilligung",
                    "display": "Profile - MI-I - Consent - Einwilligung",
                    "module": "modul-consent",
                    "url": "https://www.medizininformatik-initiative.de/fhir/modul-consent/StructureDefinition/mii-pr-consent-einwilligung",
                    "leaf": true,
                    "selectable": true
                },
                {
                    "id": "1ad992c2-f8d2-43df-9539-890bf360e7e7",
                    "name": "ConsentManagementDocumentReference",
                    "display": "Consent Management DocumentReference",
                    "module": "http://fhir.de/ConsentManagement/StructureDefinition/DocumentReference",
                    "url": "http://fhir.de/ConsentManagement/StructureDefinition/DocumentReference",
                    "leaf": false,
                    "selectable": true,
                    "children": [
                        {
                            "id": "4f193a8f-5937-4e97-b261-0b93ee333b21",
                            "name": "MII_PR_Consent_DocumentReference",
                            "display": "Profile - MI-I - Consent - DocumentReference",
                            "module": "modul-consent",
                            "url": "https://www.medizininformatik-initiative.de/fhir/modul-consent/StructureDefinition/mii-pr-consent-documentreference",
                            "leaf": true,
                            "selectable": true
                        }
                    ]
                }
            ]
        },
        {
            "id": "a7f0bcc2-d06a-4174-9d1d-ab98b474b298",
            "name": "modul-biobank",
            "display": "Biobank",
            "url": "modul-biobank",
            "module": "modul-biobank",
            "selectable": true,
            "leaf": false,
            "children": [
                {
                    "id": "dccb6e11-7a40-40b4-adb2-6d6f6220d6b0",
                    "name": "ProfileSubstanceAdditiv",
                    "display": "Profile - Substance - Additiv",
                    "module": "modul-biobank",
                    "url": "https://www.medizininformatik-initiative.de/fhir/ext/modul-biobank/StructureDefinition/Substance",
                    "leaf": true,
                    "selectable": true
                },
                {
                    "id": "cb4d46c5-fefa-4382-b0ba-eee65091ff7e",
                    "name": "ProfileOrganizationSammlungBiobank",
                    "display": "Profile - Organization - Sammlung/Biobank",
                    "module": "modul-biobank",
                    "url": "https://www.medizininformatik-initiative.de/fhir/ext/modul-biobank/StructureDefinition/Organization",
                    "leaf": true,
                    "selectable": true
                },
                {
                    "id": "21329540-e1ad-43ec-b4c2-44782fc9e200",
                    "name": "ProfileSpecimenBioprobeCore",
                    "display": "Profile - Specimen - Bioprobe - Core",
                    "module": "modul-biobank",
                    "url": "https://www.medizininformatik-initiative.de/fhir/ext/modul-biobank/StructureDefinition/SpecimenCore",
                    "leaf": false,
                    "selectable": true,
                    "children": [
                        {
                            "id": "86e30653-39ab-4aea-b975-6dbdf0c6db5d",
                            "name": "ProfileSpecimenBioprobe",
                            "display": "Profile - Specimen - Bioprobe",
                            "module": "modul-biobank",
                            "url": "https://www.medizininformatik-initiative.de/fhir/ext/modul-biobank/StructureDefinition/Specimen",
                            "leaf": true,
                            "selectable": true
                        }
                    ]
                }
            ]
        },
        {
            "id": "2e35568d-e2de-42a2-9110-57f286b0639c",
            "name": "modul-prozedur",
            "display": "Prozedur",
            "url": "modul-prozedur",
            "module": "modul-prozedur",
            "selectable": true,
            "leaf": false,
            "children": [
                {
                    "id": "ae9d73b1-7b81-4064-97f6-084a842b0d65",
                    "name": "MII_PR_Prozedur_Procedure",
                    "display": "MII PR Prozedur Procedure",
                    "module": "modul-prozedur",
                    "url": "https://www.medizininformatik-initiative.de/fhir/core/modul-prozedur/StructureDefinition/Procedure",
                    "leaf": true,
                    "selectable": true
                }
            ]
        },
        {
            "id": "174bc477-1411-4329-bfda-65b86ac54e76",
            "name": "modul-person",
            "display": "Person",
            "url": "modul-person",
            "module": "modul-person",
            "selectable": true,
            "leaf": false,
            "children": [
                {
                    "id": "39417d70-5ee8-49b0-876c-fc17f6b234c1",
                    "name": "MII_PR_Person_Vitalstatus",
                    "display": "MII PR Person Vitalstatus",
                    "module": "modul-person",
                    "url": "https://www.medizininformatik-initiative.de/fhir/core/modul-person/StructureDefinition/Vitalstatus",
                    "leaf": true,
                    "selectable": true
                },
                {
                    "id": "045355ea-0bf1-4085-9091-23252715373b",
                    "name": "MII_PR_Person_PatientPseudonymisiert",
                    "display": "MII PR Person Patient (Pseudonymisiert)",
                    "module": "modul-person",
                    "url": "https://www.medizininformatik-initiative.de/fhir/core/modul-person/StructureDefinition/PatientPseudonymisiert",
                    "leaf": true,
                    "selectable": true
                },
                {
                    "id": "fdb15fe6-129a-4364-8414-493639b4aa8e",
                    "name": "MII_PR_Person_Proband",
                    "display": "MII PR Person Proband",
                    "module": "modul-person",
                    "url": "https://www.medizininformatik-initiative.de/fhir/core/modul-person/StructureDefinition/ResearchSubject",
                    "leaf": true,
                    "selectable": true
                },
                {
                    "id": "aa0b0a4d-b885-4b1a-a020-192b44fe99a4",
                    "name": "MII_PR_Person_Patient",
                    "display": "MII PR Person Patient",
                    "module": "modul-person",
                    "url": "https://www.medizininformatik-initiative.de/fhir/core/modul-person/StructureDefinition/Patient",
                    "leaf": true,
                    "selectable": true
                },
                {
                    "id": "137ce799-b405-4765-8cde-fd9c620b9b40",
                    "name": "MII_PR_Person_Todesursache",
                    "display": "MII PR Person Todesursache",
                    "module": "modul-person",
                    "url": "https://www.medizininformatik-initiative.de/fhir/core/modul-person/StructureDefinition/Todesursache",
                    "leaf": true,
                    "selectable": true
                }
            ]
        },
        {
            "id": "20cb07e7-0b84-484e-a6f7-ef8356b0058b",
            "name": "http://fhir.de/ConsentManagement/StructureDefinition/DocumentReference",
            "display": "http://fhir.de/ConsentManagement/StructureDefinition/DocumentReference",
            "url": "http://fhir.de/ConsentManagement/StructureDefinition/DocumentReference",
            "module": "http://fhir.de/ConsentManagement/StructureDefinition/DocumentReference",
            "selectable": true,
            "leaf": false,
            "children": [
                {
                    "id": "5d7b00c4-a401-40a8-8119-41483220b833",
                    "name": "ConsentManagementDocumentReference",
                    "display": "Consent Management DocumentReference",
                    "module": "http://fhir.de/ConsentManagement/StructureDefinition/DocumentReference",
                    "url": "http://fhir.de/ConsentManagement/StructureDefinition/DocumentReference",
                    "leaf": true,
                    "selectable": true
                }
            ]
        },
        {
            "id": "2071c4fe-c4af-4517-ad52-34eeb9ccf24b",
            "name": "http://fhir.de/ConsentManagement/StructureDefinition/TemplateFrame",
            "display": "http://fhir.de/ConsentManagement/StructureDefinition/TemplateFrame",
            "url": "http://fhir.de/ConsentManagement/StructureDefinition/TemplateFrame",
            "module": "http://fhir.de/ConsentManagement/StructureDefinition/TemplateFrame",
            "selectable": true,
            "leaf": false,
            "children": [
                {
                    "id": "0e40f629-12c4-4994-9a33-b965d4764886",
                    "name": "ConsentManagementTemplateFrame",
                    "display": "Consent Management Template Frame",
                    "module": "http://fhir.de/ConsentManagement/StructureDefinition/TemplateFrame",
                    "url": "http://fhir.de/ConsentManagement/StructureDefinition/TemplateFrame",
                    "leaf": true,
                    "selectable": true
                }
            ]
        },
        {
            "id": "d3d59556-7a7c-416e-9b62-97ff2258d944",
            "name": "http://fhir.de/ConsentManagement/StructureDefinition/Consent",
            "display": "http://fhir.de/ConsentManagement/StructureDefinition/Consent",
            "url": "http://fhir.de/ConsentManagement/StructureDefinition/Consent",
            "module": "http://fhir.de/ConsentManagement/StructureDefinition/Consent",
            "selectable": true,
            "leaf": false,
            "children": [
                {
                    "id": "411b8e57-2d04-482b-af3d-8373cfc3bd7a",
                    "name": "ConsentManagementConsent",
                    "display": "Consent Management: Consent",
                    "module": "http://fhir.de/ConsentManagement/StructureDefinition/Consent",
                    "url": "http://fhir.de/ConsentManagement/StructureDefinition/Consent",
                    "leaf": true,
                    "selectable": true
                }
            ]
        },
        {
            "id": "3a63aa8d-02ed-4b79-b8cd-bd6699bdac05",
            "name": "http://fhir.de/ConsentManagement/StructureDefinition/TemplateModule",
            "display": "http://fhir.de/ConsentManagement/StructureDefinition/TemplateModule",
            "url": "http://fhir.de/ConsentManagement/StructureDefinition/TemplateModule",
            "module": "http://fhir.de/ConsentManagement/StructureDefinition/TemplateModule",
            "selectable": true,
            "leaf": false,
            "children": [
                {
                    "id": "50bb6b13-3879-4a29-965b-edcffa332478",
                    "name": "ConsentManagementTemplateModule",
                    "display": "Consent Management Template Module",
                    "module": "http://fhir.de/ConsentManagement/StructureDefinition/TemplateModule",
                    "url": "http://fhir.de/ConsentManagement/StructureDefinition/TemplateModule",
                    "leaf": true,
                    "selectable": true
                }
            ]
        },
        {
            "id": "caa5d953-f279-405b-b063-8e491978358c",
            "name": "http://fhir.de/ConsentManagement/StructureDefinition/Domain/Organization",
            "display": "http://fhir.de/ConsentManagement/StructureDefinition/Domain/Organization",
            "url": "http://fhir.de/ConsentManagement/StructureDefinition/Domain/Organization",
            "module": "http://fhir.de/ConsentManagement/StructureDefinition/Domain/Organization",
            "selectable": true,
            "leaf": false,
            "children": [
                {
                    "id": "d6c08d00-7b80-4506-8a5e-1764b598d1e9",
                    "name": "ConsentManagementDomainOrganization",
                    "display": "Consent Management Domain Organization",
                    "module": "http://fhir.de/ConsentManagement/StructureDefinition/Domain/Organization",
                    "url": "http://fhir.de/ConsentManagement/StructureDefinition/Domain/Organization",
                    "leaf": true,
                    "selectable": true
                }
            ]
        },
        {
            "id": "5c2449d1-b99a-489b-98a0-bf5913daccb1",
            "name": "http://fhir.de/ConsentManagement/StructureDefinition/QuestionnaireComposed",
            "display": "http://fhir.de/ConsentManagement/StructureDefinition/QuestionnaireComposed",
            "url": "http://fhir.de/ConsentManagement/StructureDefinition/QuestionnaireComposed",
            "module": "http://fhir.de/ConsentManagement/StructureDefinition/QuestionnaireComposed",
            "selectable": true,
            "leaf": false,
            "children": [
                {
                    "id": "7b93a1db-d31c-40df-90aa-a8de68edb656",
                    "name": "ConsentManagementQuestionnaireComposed",
                    "display": "Consent Management Questionnaire Composed",
                    "module": "http://fhir.de/ConsentManagement/StructureDefinition/QuestionnaireComposed",
                    "url": "http://fhir.de/ConsentManagement/StructureDefinition/QuestionnaireComposed",
                    "leaf": true,
                    "selectable": true
                }
            ]
        },
        {
            "id": "d57ad584-3ec1-41c0-95d5-f552e50c09c1",
            "name": "http://fhir.de/ConsentManagement/StructureDefinition/Domain/ResearchStudy",
            "display": "http://fhir.de/ConsentManagement/StructureDefinition/Domain/ResearchStudy",
            "url": "http://fhir.de/ConsentManagement/StructureDefinition/Domain/ResearchStudy",
            "module": "http://fhir.de/ConsentManagement/StructureDefinition/Domain/ResearchStudy",
            "selectable": true,
            "leaf": false,
            "children": [
                {
                    "id": "45579a49-35e6-4cf1-86c4-d7b4eda06488",
                    "name": "ConsentManagementDomainResearchStudy",
                    "display": "Consent Management Domain Research Study",
                    "module": "http://fhir.de/ConsentManagement/StructureDefinition/Domain/ResearchStudy",
                    "url": "http://fhir.de/ConsentManagement/StructureDefinition/Domain/ResearchStudy",
                    "leaf": true,
                    "selectable": true
                }
            ]
        },
        {
            "id": "ab70162c-9251-40c3-9215-29b13fb4bde4",
            "name": "http://fhir.de/ConsentManagement/StructureDefinition/QuestionnaireResponse",
            "display": "http://fhir.de/ConsentManagement/StructureDefinition/QuestionnaireResponse",
            "url": "http://fhir.de/ConsentManagement/StructureDefinition/QuestionnaireResponse",
            "module": "http://fhir.de/ConsentManagement/StructureDefinition/QuestionnaireResponse",
            "selectable": true,
            "leaf": false,
            "children": [
                {
                    "id": "85fdcbe2-06fc-4f10-bc59-7a86e01f0b2b",
                    "name": "ConsentManagementQuestionnaireResponse",
                    "display": "Consent Management QuestionnaireResponse",
                    "module": "http://fhir.de/ConsentManagement/StructureDefinition/QuestionnaireResponse",
                    "url": "http://fhir.de/ConsentManagement/StructureDefinition/QuestionnaireResponse",
                    "leaf": true,
                    "selectable": true
                }
            ]
        },
        {
            "id": "d2cd8618-ad10-4c47-a123-999b47b610f2",
            "name": "http://fhir.de/ConsentManagement/StructureDefinition/Provenance",
            "display": "http://fhir.de/ConsentManagement/StructureDefinition/Provenance",
            "url": "http://fhir.de/ConsentManagement/StructureDefinition/Provenance",
            "module": "http://fhir.de/ConsentManagement/StructureDefinition/Provenance",
            "selectable": true,
            "leaf": false,
            "children": [
                {
                    "id": "c94a2f74-3a93-4d6a-9cec-b87cdf5ea689",
                    "name": "ConsentManagementProvenance",
                    "display": "Consent Management Provenance",
                    "module": "http://fhir.de/ConsentManagement/StructureDefinition/Provenance",
                    "url": "http://fhir.de/ConsentManagement/StructureDefinition/Provenance",
                    "leaf": true,
                    "selectable": true
                }
            ]
        },
        {
            "id": "a99d5082-1572-4254-99c2-c658b7c43168",
            "name": "http://fhir.de/ConsentManagement/StructureDefinition/Patient",
            "display": "http://fhir.de/ConsentManagement/StructureDefinition/Patient",
            "url": "http://fhir.de/ConsentManagement/StructureDefinition/Patient",
            "module": "http://fhir.de/ConsentManagement/StructureDefinition/Patient",
            "selectable": true,
            "leaf": false,
            "children": [
                {
                    "id": "c9ed66d6-8abe-43a0-b4e8-a28bbd6216bb",
                    "name": "ConsentManagementPatient",
                    "display": "Consent Management: Patient",
                    "module": "http://fhir.de/ConsentManagement/StructureDefinition/Patient",
                    "url": "http://fhir.de/ConsentManagement/StructureDefinition/Patient",
                    "leaf": true,
                    "selectable": true
                }
            ]
        },
        {
            "id": "939d53e7-1677-4386-897d-afe20cebcd9c",
            "name": "modul-diagnose",
            "display": "Diagnose",
            "url": "modul-diagnose",
            "module": "modul-diagnose",
            "selectable": true,
            "leaf": false,
            "children": [
                {
                    "id": "ec8a6cb2-7cec-4742-8a6e-7292a8c3ffd1",
                    "name": "MII_PR_Diagnose_Condition",
                    "display": "MII PR Diagnose Condition",
                    "module": "modul-diagnose",
                    "url": "https://www.medizininformatik-initiative.de/fhir/core/modul-diagnose/StructureDefinition/Diagnose",
                    "leaf": true,
                    "selectable": true
                }
            ]
        },
        {
            "id": "2e8e1e10-5665-4b34-b78f-5bdecbb47754",
            "name": "modul-fall",
            "display": "Fall",
            "url": "modul-fall",
            "module": "modul-fall",
            "selectable": true,
            "leaf": false,
            "children": [
                {
                    "id": "848d37ae-badd-4d30-910a-c578c5a9e0d5",
                    "name": "MII_PR_Fall_KontaktGesundheitseinrichtung",
                    "display": "MII PR Fall Kontakt mit einer Gesundheitseinrichtung",
                    "module": "modul-fall",
                    "url": "https://www.medizininformatik-initiative.de/fhir/core/modul-fall/StructureDefinition/KontaktGesundheitseinrichtung",
                    "leaf": true,
                    "selectable": true
                }
            ]
        },
        {
            "id": "0bb19850-0d68-4dd5-a5ff-bef10c43bf4b",
            "name": "modul-molgen",
            "display": "Molgen",
            "url": "modul-molgen",
            "module": "modul-molgen",
            "selectable": true,
            "leaf": false,
            "children": [
                {
                    "id": "7931a66a-c242-4340-b759-883e0717417f",
                    "name": "MII_PR_MolGen_Genotyp",
                    "display": "MII PR MolGen Genotyp",
                    "module": "modul-molgen",
                    "url": "https://www.medizininformatik-initiative.de/fhir/ext/modul-molgen/StructureDefinition/genotyp",
                    "leaf": true,
                    "selectable": true
                },
                {
                    "id": "f0eb250e-f992-46a1-8c3c-0387c775bbce",
                    "name": "MII_PR_MolGen_Medikationsempfehlung",
                    "display": "MII PR MolGen Medikationsempfehlung",
                    "module": "modul-molgen",
                    "url": "https://www.medizininformatik-initiative.de/fhir/ext/modul-molgen/StructureDefinition/medikationsempfehlung",
                    "leaf": true,
                    "selectable": true
                },
                {
                    "id": "76b6acd1-3909-49bd-9681-fa16211b6b87",
                    "name": "MII_PR_MolGen_EmpfohleneFolgemassnahme",
                    "display": "MII PR MolGen Empfohlene Folgema\u00dfnahme",
                    "module": "modul-molgen",
                    "url": "https://www.medizininformatik-initiative.de/fhir/ext/modul-molgen/StructureDefinition/empfohlene-folgemassnahme",
                    "leaf": true,
                    "selectable": true
                },
                {
                    "id": "35fe1623-289e-4b78-806b-9468f3af402d",
                    "name": "MII_PR_MolGen_Familienanamnese",
                    "display": "MII PR MolGen Familienanamnese",
                    "module": "modul-molgen",
                    "url": "https://www.medizininformatik-initiative.de/fhir/ext/modul-molgen/StructureDefinition/familienanamnese",
                    "leaf": true,
                    "selectable": true
                },
                {
                    "id": "d7379e1b-6c91-4ef5-9fc6-762e44c8ebb6",
                    "name": "MII_PR_MolGen_ErgebnisZusammenfassung",
                    "display": "MII PR MolGen Ergebnis Zusammenfassung",
                    "module": "modul-molgen",
                    "url": "https://www.medizininformatik-initiative.de/fhir/ext/modul-molgen/StructureDefinition/ergebnis-zusammenfassung",
                    "leaf": true,
                    "selectable": true
                },
                {
                    "id": "9311f440-6c48-4e86-9445-956680ac1007",
                    "name": "MII_PR_MolGen_MolekulargenetischerBefundbericht",
                    "display": "MII PR MolGen Molekulargenetischer Befundbericht",
                    "module": "modul-molgen",
                    "url": "https://www.medizininformatik-initiative.de/fhir/ext/modul-molgen/StructureDefinition/molekulargenetischer-befundbericht",
                    "leaf": true,
                    "selectable": true
                },
                {
                    "id": "416368c1-5532-4db5-b822-e815cdf74aed",
                    "name": "MII_PR_MolGen_DiagnostischeImplikation",
                    "display": "MII PR MolGen Diagnostische Implikation",
                    "module": "modul-molgen",
                    "url": "https://www.medizininformatik-initiative.de/fhir/ext/modul-molgen/StructureDefinition/diagnostische-implikation",
                    "leaf": true,
                    "selectable": true
                },
                {
                    "id": "6e742424-0912-4d0f-9da0-7bc542212a17",
                    "name": "MII_PR_MolGen_AnforderungGenetischerTest",
                    "display": "MII PR MolGen Anforderung genetischer Test",
                    "module": "modul-molgen",
                    "url": "https://www.medizininformatik-initiative.de/fhir/ext/modul-molgen/StructureDefinition/anforderung-genetischer-test",
                    "leaf": true,
                    "selectable": true
                },
                {
                    "id": "6434dde9-398e-442a-b45f-650223438580",
                    "name": "MII_PR_MolGen_Mikrosatelliteninstabilitaet",
                    "display": "MII PR MolGen Mikrosatelliteninstabilit\u00e4t",
                    "module": "modul-molgen",
                    "url": "https://www.medizininformatik-initiative.de/fhir/ext/modul-molgen/StructureDefinition/mikrosatelliteninstabilitaet",
                    "leaf": true,
                    "selectable": true
                },
                {
                    "id": "feb8639f-b4e9-4724-b36e-38313337b659",
                    "name": "MII_PR_MolGen_Mutationslast",
                    "display": "MII PR MolGen Mutationslast",
                    "module": "modul-molgen",
                    "url": "https://www.medizininformatik-initiative.de/fhir/ext/modul-molgen/StructureDefinition/mutationslast",
                    "leaf": true,
                    "selectable": true
                },
                {
                    "id": "820ab245-18c4-4da5-9d6e-f6e67823ee5a",
                    "name": "MII_PR_MolGen_Variante",
                    "display": "MII PR MolGen Variante",
                    "module": "modul-molgen",
                    "url": "https://www.medizininformatik-initiative.de/fhir/ext/modul-molgen/StructureDefinition/variante",
                    "leaf": true,
                    "selectable": true
                },
                {
                    "id": "37e92088-dd6c-4fbb-9153-55d01cafc623",
                    "name": "MII_PR_MolGen_TherapeutischeImplikation",
                    "display": "MII PR MolGen Therapeutische Implikation",
                    "module": "modul-molgen",
                    "url": "https://www.medizininformatik-initiative.de/fhir/ext/modul-molgen/StructureDefinition/therapeutische-implikation",
                    "leaf": true,
                    "selectable": true
                },
                {
                    "id": "737ea41a-94c6-4035-a60a-3659f26fe4a2",
                    "name": "MII_PR_MolGen_UntersuchteRegion",
                    "display": "MII PR MolGen Untersuchte Region",
                    "module": "modul-molgen",
                    "url": "https://www.medizininformatik-initiative.de/fhir/ext/modul-molgen/StructureDefinition/untersuchte-region",
                    "leaf": true,
                    "selectable": true
                },
                {
                    "id": "91c074df-1a2f-402d-aec7-db77e3a9d988",
                    "name": "MII_PR_MolGen_PolygenerRisikoScore",
                    "display": "MII PR MolGen Polygener Risiko Score",
                    "module": "modul-molgen",
                    "url": "https://www.medizininformatik-initiative.de/fhir/ext/modul-molgen/StructureDefinition/polygener-risiko-score",
                    "leaf": true,
                    "selectable": true
                }
            ]
        },
        {
            "id": "04e88f13-79d9-4d01-95ba-67d3b152b25b",
            "name": "modul-labor",
            "display": "Labor",
            "url": "modul-labor",
            "module": "modul-labor",
            "selectable": true,
            "leaf": false,
            "children": [
                {
                    "id": "f15d225a-466f-4ed9-b653-f824e1e3e3c0",
                    "name": "ProfileObservationLaboruntersuchung",
                    "display": "Profile - Observation - Laboruntersuchung",
                    "module": "modul-labor",
                    "url": "https://www.medizininformatik-initiative.de/fhir/core/modul-labor/StructureDefinition/ObservationLab",
                    "leaf": true,
                    "selectable": true
                },
                {
                    "id": "cdeb39ee-9553-441d-a2af-36bac0faa290",
                    "name": "ProfileServiceRequestLaboranforderung",
                    "display": "Profile - ServiceRequest - Laboranforderung",
                    "module": "modul-labor",
                    "url": "https://www.medizininformatik-initiative.de/fhir/core/modul-labor/StructureDefinition/ServiceRequestLab",
                    "leaf": true,
                    "selectable": true
                },
                {
                    "id": "26776416-e9de-4c41-8e55-0ab60ca0b9b9",
                    "name": "ProfileDiagnosticReportLaborbefund",
                    "display": "Profile - DiagnosticReport - Laborbefund",
                    "module": "modul-labor",
                    "url": "https://www.medizininformatik-initiative.de/fhir/core/modul-labor/StructureDefinition/DiagnosticReportLab",
                    "leaf": true,
                    "selectable": true
                }
            ]
        }
    ],
    "selectable": false
}