{
    "resourceType": "ValueSet",
    "url": "http://hl7.org/fhir/ValueSet/administrative-gender",
    "expansion": {
        "identifier": "urn:uuid:0f1d4bcd-f613-4f56-9778-a93acbff173e",
        "timestamp": "2024-08-15T19:30:42+00:00",
        "total": 4,
        "parameter": [
            {
                "name": "version",
                "valueUri": "http://hl7.org/fhir/administrative-gender|4.3.0"
            },
            {
                "name": "used-codesystem",
                "valueUri": "http://hl7.org/fhir/administrative-gender|4.3.0"
            }
        ],
        "contains": [
            {
                "system": "http://hl7.org/fhir/administrative-gender",
                "code": "female",
                "display": "Female"
            },
            {
                "system": "http://hl7.org/fhir/administrative-gender",
                "code": "male",
                "display": "Male"
            },
            {
                "system": "http://hl7.org/fhir/administrative-gender",
                "code": "other",
                "display": "Other"
            },
            {
                "system": "http://hl7.org/fhir/administrative-gender",
                "code": "unknown",
                "display": "Unknown"
            }
        ]
    }
}