{"resourceType": "ValueSet", "extension": [{"url": "http://hl7.org/fhir/StructureDefinition/cqf-scope", "valueString": "@mii-termserv/de.medizininformatikinitiative.kerndatensatz.terminology.icu"}], "url": "https://www.medizininformatik-initiative.de/fhir/ext/modul-icu/ValueSet/Code-Observation-extrakorporale-Verfahren-SNOMED", "version": "1.0.0", "name": "VS_MII_ICU_Code_Observation_extrakorporale_Verfahren_SNOMED", "title": "VS MII ICU Code Observation extrakorporale Verfahren [SNOMED]", "status": "active", "experimental": false, "expansion": {"identifier": "urn:uuid:eb3281c4-9972-4abc-9ece-bb19014aa37e", "timestamp": "2024-08-20T20:52:29+00:00", "total": 11, "parameter": [{"name": "version", "valueUri": "http://snomed.info/sct|http://snomed.info/sct/900000000000207008/version/20240101"}, {"name": "used-codesystem", "valueUri": "http://snomed.info/sct|http://snomed.info/sct/900000000000207008/version/20240101"}], "contains": [{"system": "http://snomed.info/sct", "code": "444479000", "display": "Rate of blood flow through cardiovascular device (observable entity)"}, {"system": "http://snomed.info/sct", "code": "445940005", "display": "Duration of hemodialysis session (observable entity)"}, {"system": "http://snomed.info/sct", "code": "401000124105", "display": "Duration of hemodialysis session (observable entity)"}, {"system": "http://snomed.info/sct", "code": "708513005", "display": "Substitution flow rate (observable entity)"}, {"system": "http://snomed.info/sct", "code": "708514004", "display": "Substitution volume (observable entity)"}, {"system": "http://snomed.info/sct", "code": "251286000", "display": "Extracorporeal gas exchange duration (observable entity)"}, {"system": "http://snomed.info/sct", "code": "251288004", "display": "Extracorporeal gas exchange flow rate (observable entity)"}, {"system": "http://snomed.info/sct", "code": "251289007", "display": "Extracorporeal gas exchange flow index (observable entity)"}, {"system": "http://snomed.info/sct", "code": "252076005", "display": "Venous pressure (observable entity)"}, {"system": "http://snomed.info/sct", "code": "386534000", "display": "Arterial blood pressure (observable entity)"}, {"system": "http://snomed.info/sct", "code": "79063001", "display": "Gas flow rate (v) (observable entity)"}]}}