{"resourceType": "ValueSet", "extension": [{"url": "http://hl7.org/fhir/StructureDefinition/cqf-scope", "valueString": "@mii-termserv/de.medizininformatikinitiative.kerndatensatz.terminology.icu"}], "url": "https://www.medizininformatik-initiative.de/fhir/ext/modul-icu/ValueSet/Code-Observation-Beatmung-SNOMED", "version": "1.0.0", "name": "VS_MII_ICU_Code_Observation_Beatmung_SNOMED", "title": "VS MII ICU Code Observation Beatmung [SNOMED]", "status": "active", "experimental": false, "expansion": {"identifier": "urn:uuid:7a950d0f-28de-4073-8251-4e3704dc5c2b", "timestamp": "2024-08-20T20:52:34+00:00", "total": 18, "parameter": [{"name": "version", "valueUri": "http://snomed.info/sct|http://snomed.info/sct/900000000000207008/version/20240101"}, {"name": "used-codesystem", "valueUri": "http://snomed.info/sct|http://snomed.info/sct/900000000000207008/version/20240101"}], "contains": [{"system": "http://snomed.info/sct", "code": "250822000", "display": "Inspiration/expiration time ratio (observable entity)"}, {"system": "http://snomed.info/sct", "code": "416811008", "display": "Tidal volume setting (observable entity)"}, {"system": "http://snomed.info/sct", "code": "250874002", "display": "Ventilator delivered tidal volume (observable entity)"}, {"system": "http://snomed.info/sct", "code": "250816009", "display": "Spontaneous tidal volume (observable entity)"}, {"system": "http://snomed.info/sct", "code": "426102006", "display": "Inspiratory minute volume (observable entity)"}, {"system": "http://snomed.info/sct", "code": "442720002", "display": "Expired oxygen tension (observable entity)"}, {"system": "http://snomed.info/sct", "code": "250823005", "display": "Total dynamic compliance (observable entity)"}, {"system": "http://snomed.info/sct", "code": "250854009", "display": "Positive end expiratory pressure (observable entity)"}, {"system": "http://snomed.info/sct", "code": "250784008", "display": "End tidal carbon dioxide concentration (observable entity)"}, {"system": "http://snomed.info/sct", "code": "250875001", "display": "Ventilator delivered minute volume (observable entity)"}, {"system": "http://snomed.info/sct", "code": "250820008", "display": "Expiratory time (observable entity)"}, {"system": "http://snomed.info/sct", "code": "250819002", "display": "Inspiratory time (observable entity)"}, {"system": "http://snomed.info/sct", "code": "27913002", "display": "Maximum inspiratory pressure (observable entity)"}, {"system": "http://snomed.info/sct", "code": "250876000", "display": "Ventilator rate (observable entity)"}, {"system": "http://snomed.info/sct", "code": "698821009", "display": "Mean inspiratory airway pressure (observable entity)"}, {"system": "http://snomed.info/sct", "code": "271625008", "display": "Rate of spontaneous respiration (observable entity)"}, {"system": "http://snomed.info/sct", "code": "250810003", "display": "Total breath rate (observable entity)"}, {"system": "http://snomed.info/sct", "code": "250774007", "display": "Inspired oxygen concentration (observable entity)"}]}}