{"resourceType": "ValueSet", "extension": [{"url": "http://hl7.org/fhir/StructureDefinition/cqf-scope", "valueString": "@mii-termserv/de.medizininformatikinitiative.kerndatensatz.terminology.icu"}], "url": "https://www.medizininformatik-initiative.de/fhir/ext/modul-icu/ValueSet/Code-Observation-Beatmung-ISO11073", "version": "1.0.0", "name": "VS_MII_ICU_Code_Observation_Beatmung_ISO11073", "title": "VS MII ICU Code Observation Beatmung [ISO11073]", "status": "active", "experimental": false, "expansion": {"identifier": "urn:uuid:6d8b61c9-5376-4fcb-bb95-29e8c71a508c", "timestamp": "2024-08-20T20:52:29+00:00", "total": 20, "parameter": [{"name": "version", "valueUri": "urn:iso:std:iso:11073:10101|2023-09-20"}, {"name": "used-codesystem", "valueUri": "urn:iso:std:iso:11073:10101|2023-09-20"}, {"name": "warning-draft", "valueUri": "urn:iso:std:iso:11073:10101|2023-09-20"}], "contains": [{"system": "urn:iso:std:iso:11073:10101", "code": "150656", "display": "Oxygenation Ratio"}, {"system": "urn:iso:std:iso:11073:10101", "code": "151586", "display": "Ventilation rate"}, {"system": "urn:iso:std:iso:11073:10101", "code": "152498", "display": "Unassisted spontaneous breath rate; respiration rate"}, {"system": "urn:iso:std:iso:11073:10101", "code": "152490", "display": "Total respiratory rate; total breath rate"}, {"system": "urn:iso:std:iso:11073:10101", "code": "16929632", "display": "Inspiratory time setting"}, {"system": "urn:iso:std:iso:11073:10101", "code": "151832", "display": "Ratio inspiration expiration time"}, {"system": "urn:iso:std:iso:11073:10101", "code": "16929196", "display": "Tidal volume setting"}, {"system": "urn:iso:std:iso:11073:10101", "code": "151980", "display": "Ventilation tidal volume"}, {"system": "urn:iso:std:iso:11073:10101", "code": "152004", "display": "Ventilation inspiratory minute volume"}, {"system": "urn:iso:std:iso:11073:10101", "code": "16929860", "display": "High pressure hold time setting Ventilator"}, {"system": "urn:iso:std:iso:11073:10101", "code": "16929864", "display": "Low pressure hold time setting Ventilator"}, {"system": "urn:iso:std:iso:11073:10101", "code": "151948", "display": "Ventilation inspiratory flow"}, {"system": "urn:iso:std:iso:11073:10101", "code": "151944", "display": "Ventilation expiratory flow"}, {"system": "urn:iso:std:iso:11073:10101", "code": "153132", "display": "Expired oxygen concentration (or partial pressure) in airway gas"}, {"system": "urn:iso:std:iso:11073:10101", "code": "151975", "display": "Mean pressure Respiratory system airway --on ventilator"}, {"system": "urn:iso:std:iso:11073:10101", "code": "151973", "display": "Pressure.max Respiratory system airway --on ventilator"}, {"system": "urn:iso:std:iso:11073:10101", "code": "151692", "display": "Thoracic compliance"}, {"system": "urn:iso:std:iso:11073:10101", "code": "151976", "display": "Applied PEEP"}, {"system": "urn:iso:std:iso:11073:10101", "code": "152720", "display": "Inspiratory airway pressure relative to PEEP or BAP"}, {"system": "urn:iso:std:iso:11073:10101", "code": "151708", "display": "End tidal carbon dioxide concentration (or partial pressure) in airway gas"}]}}