{"resourceType": "ValueSet", "extension": [{"url": "http://hl7.org/fhir/StructureDefinition/cqf-scope", "valueString": "@mii-termserv/de.medizininformatikinitiative.kerndatensatz.terminology.icu"}], "url": "https://www.medizininformatik-initiative.de/fhir/ext/modul-icu/ValueSet/Code-Observation-Beatmung-LOINC", "version": "1.0.0", "name": "VS_MII_ICU_Code_Observation_Beatmung_LOINC", "title": "VS MII ICU Code Observation Beatmung [LOINC]", "status": "active", "experimental": false, "expansion": {"identifier": "urn:uuid:6648cd1b-78e2-4c3f-ab9c-e3ecba3dd10f", "timestamp": "2024-08-20T20:52:34+00:00", "total": 29, "parameter": [{"name": "version", "valueUri": "http://loinc.org|2.77"}, {"name": "used-codesystem", "valueUri": "http://loinc.org|2.77"}], "contains": [{"system": "http://loinc.org", "code": "50984-4", "display": "Horowitz index in Arterial blood"}, {"system": "http://loinc.org", "code": "33438-3", "display": "Breath rate mechanical --on ventilator"}, {"system": "http://loinc.org", "code": "19839-0", "display": "Breath rate spontaneous --on ventilator"}, {"system": "http://loinc.org", "code": "19840-8", "display": "Breath rate spontaneous and mechanical --on ventilator"}, {"system": "http://loinc.org", "code": "76334-2", "display": "Inspiratory time setting Ventilator"}, {"system": "http://loinc.org", "code": "76187-4", "display": "Expiratory hold time setting Ventilator"}, {"system": "http://loinc.org", "code": "75931-6", "display": "Inspiration/Expiration time Ratio"}, {"system": "http://loinc.org", "code": "20112-9", "display": "Tidal volume setting Ventilator"}, {"system": "http://loinc.org", "code": "76222-9", "display": "Tidal volume Ventilator --on ventilator"}, {"system": "http://loinc.org", "code": "20116-0", "display": "Tidal volume.spontaneous --on ventilator"}, {"system": "http://loinc.org", "code": "76009-0", "display": "Inspired minute Volume during Mechanical ventilation"}, {"system": "http://loinc.org", "code": "20118-6", "display": "Tidal volume.spontaneous+mechanical --on ventilator"}, {"system": "http://loinc.org", "code": "76190-8", "display": "High pressure hold time setting Ventilator"}, {"system": "http://loinc.org", "code": "76229-4", "display": "Low pressure hold time setting Ventilator"}, {"system": "http://loinc.org", "code": "76275-7", "display": "Inspiratory flow setting Ventilator"}, {"system": "http://loinc.org", "code": "60794-5", "display": "Inspiratory gas flow Respiratory system airway --on ventilator"}, {"system": "http://loinc.org", "code": "60792-9", "display": "Expiratory gas flow Respiratory system airway --on ventilator"}, {"system": "http://loinc.org", "code": "19994-3", "display": "Oxygen/Total gas setting [Volume Fraction] Ventilator"}, {"system": "http://loinc.org", "code": "71835-3", "display": "Oxygen/Gas total [Pure volume fraction] Inhaled gas"}, {"system": "http://loinc.org", "code": "3147-6", "display": "Oxygen [Partial pressure] in Exhaled gas"}, {"system": "http://loinc.org", "code": "76530-5", "display": "Mean pressure Respiratory system airway --on ventilator"}, {"system": "http://loinc.org", "code": "76531-3", "display": "Pressure.max Respiratory system airway --on ventilator"}, {"system": "http://loinc.org", "code": "60827-3", "display": "Dynamic lung compliance"}, {"system": "http://loinc.org", "code": "76248-4", "display": "PEEP Respiratory system --on ventilator"}, {"system": "http://loinc.org", "code": "76154-4", "display": "Airway pressure delta --on ventilator"}, {"system": "http://loinc.org", "code": "20056-8", "display": "Airway pressure --at mean expiratory flow on ventilator"}, {"system": "http://loinc.org", "code": "20060-0", "display": "Airway pressure --at zero inspiratory flow on ventilator"}, {"system": "http://loinc.org", "code": "19891-1", "display": "Carbon dioxide [Partial pressure] in Exhaled gas --at end expiration"}, {"system": "http://loinc.org", "code": "20079-0", "display": "Pressure support setting Ventilator"}]}}