{"resourceType": "ValueSet", "extension": [{"url": "http://hl7.org/fhir/StructureDefinition/cqf-scope", "valueString": "@mii-termserv/de.medizininformatikinitiative.kerndatensatz.terminology.icu"}], "url": "https://www.medizininformatik-initiative.de/fhir/ext/modul-icu/ValueSet/Code-Observation-extrakorporale-Verfahren-LOINC", "version": "1.0.0", "name": "VS_MII_ICU_Code_Observation_extrakorporale_Verfahren_LOINC", "title": "VS MII ICU Code Observation extrakorporale Verfahren [LOINC]", "status": "active", "experimental": false, "expansion": {"identifier": "urn:uuid:ab6e8dea-b662-41a1-be4c-360017907739", "timestamp": "2024-08-20T20:52:33+00:00", "total": 2, "parameter": [{"name": "version", "valueUri": "http://loinc.org|2.77"}, {"name": "used-codesystem", "valueUri": "http://loinc.org|2.77"}], "contains": [{"system": "http://loinc.org", "code": "83064-6", "display": "Calcium.ionized [Moles/volume] in Blood drawn from CRRT circuit"}, {"system": "http://loinc.org", "code": "19941-4", "display": "Oxygen gas flow Oxygen delivery system"}]}}