{"resourceType": "ValueSet", "extension": [{"url": "http://hl7.org/fhir/StructureDefinition/cqf-scope", "valueString": "@mii-termserv/de.medizininformatikinitiative.kerndatensatz.terminology.icu"}], "url": "https://www.medizininformatik-initiative.de/fhir/ext/modul-icu/ValueSet/Code-Monitoring-und-Vitaldaten-LOINC", "version": "1.0.0", "name": "VS_MII_ICU_Code_Monitoring_und_Vitaldaten_LOINC", "title": "VS MII ICU Code Monitoring und Vitaldaten [LOINC]", "status": "active", "experimental": false, "expansion": {"identifier": "urn:uuid:74d357e7-a467-410e-8d95-45027d0f8347", "timestamp": "2024-08-20T20:52:29+00:00", "total": 51, "parameter": [{"name": "version", "valueUri": "http://loinc.org|2.77"}, {"name": "used-codesystem", "valueUri": "http://loinc.org|2.77"}], "contains": [{"system": "http://loinc.org", "code": "8867-4", "display": "Heart Rate"}, {"system": "http://loinc.org", "code": "8480-6", "display": "Systolic blood Pressure"}, {"system": "http://loinc.org", "code": "8478-0", "display": "Mean blood Pressure"}, {"system": "http://loinc.org", "code": "8462-4", "display": "Diastolic blood pressure"}, {"system": "http://loinc.org", "code": "60985-9", "display": "Central venous pressure (CVP)"}, {"system": "http://loinc.org", "code": "8440-0", "display": "Pulmonary artery Systolic blood pressure"}, {"system": "http://loinc.org", "code": "8414-5", "display": "Pulmonary artery Mean blood pressure"}, {"system": "http://loinc.org", "code": "8385-7", "display": "Pulmonary artery Diastolic blood pressure"}, {"system": "http://loinc.org", "code": "75994-4", "display": "Pulmonary artery wedge pressure"}, {"system": "http://loinc.org", "code": "8737-9", "display": "Left ventricular Cardiac output by Indicator dilution"}, {"system": "http://loinc.org", "code": "8751-0", "display": "Left ventricular Cardiac index by Indicator dilution"}, {"system": "http://loinc.org", "code": "8741-1", "display": "Left ventricular Cardiac output"}, {"system": "http://loinc.org", "code": "75919-1", "display": "Left ventricular Cardiac index"}, {"system": "http://loinc.org", "code": "8837-7", "display": "Systemic vascular Resistance index"}, {"system": "http://loinc.org", "code": "8834-4", "display": "Pulmonary vascular Resistance index"}, {"system": "http://loinc.org", "code": "8771-8", "display": "Left ventricular Stroke volume by Indicator dilution"}, {"system": "http://loinc.org", "code": "8791-6", "display": "Left ventricular Stroke volume index by Indicator dilution"}, {"system": "http://loinc.org", "code": "20562-5", "display": "Left ventricular Stroke volume"}, {"system": "http://loinc.org", "code": "76297-1", "display": "Left ventricular Stroke volume index"}, {"system": "http://loinc.org", "code": "8329-5", "display": "Body temperature - Core"}, {"system": "http://loinc.org", "code": "59408-5", "display": "Oxygen saturation in Arterial blood by Pulse oximetry"}, {"system": "http://loinc.org", "code": "59418-4", "display": "Oxygen saturation in Blood Postductal by Pulse oximetry"}, {"system": "http://loinc.org", "code": "59407-7", "display": "Oxygen saturation in Blood Preductal by Pulse oximetry"}, {"system": "http://loinc.org", "code": "60956-0", "display": "Intracranial pressure (ICP)"}, {"system": "http://loinc.org", "code": "8404-6", "display": "Left ventricular Intrachamber mean pressure"}, {"system": "http://loinc.org", "code": "8406-1", "display": "Right ventricular Intrachamber mean pressure"}, {"system": "http://loinc.org", "code": "8430-1", "display": "Left ventricular Intrachamber systolic pressure"}, {"system": "http://loinc.org", "code": "8432-7", "display": "Right ventricular Intrachamber systolic pressure"}, {"system": "http://loinc.org", "code": "8375-8", "display": "Left ventricular Intrachamber diastolic pressure"}, {"system": "http://loinc.org", "code": "8377-4", "display": "Right ventricular Intrachamber diastolic pressure"}, {"system": "http://loinc.org", "code": "60998-2", "display": "Right atrial pressure Systolic"}, {"system": "http://loinc.org", "code": "60989-1", "display": "Left atrial pressure Systolic"}, {"system": "http://loinc.org", "code": "8399-8", "display": "Left atrial Intrachamber mean pressure"}, {"system": "http://loinc.org", "code": "8400-4", "display": "Right atrial Intrachamber mean pressure"}, {"system": "http://loinc.org", "code": "75933-2", "display": "Left atrial pressure Diastolic"}, {"system": "http://loinc.org", "code": "60997-4", "display": "Right atrial pressure Diastolic"}, {"system": "http://loinc.org", "code": "29463-7", "display": "Body weight"}, {"system": "http://loinc.org", "code": "50064-5", "display": "Ideal body weight"}, {"system": "http://loinc.org", "code": "8302-2", "display": "Body height"}, {"system": "http://loinc.org", "code": "8303-0", "display": "Body height [Percentile]"}, {"system": "http://loinc.org", "code": "8336-0", "display": "Body weight [Percentile] Per age"}, {"system": "http://loinc.org", "code": "8333-7", "display": "Tympanic membrane temperature"}, {"system": "http://loinc.org", "code": "8332-9", "display": "Rectal temperature"}, {"system": "http://loinc.org", "code": "60836-4", "display": "Esophageal temperature"}, {"system": "http://loinc.org", "code": "8334-5", "display": "Body temperature - Urinary bladder"}, {"system": "http://loinc.org", "code": "8328-7", "display": "Axillary temperature"}, {"system": "http://loinc.org", "code": "8331-1", "display": "Oral temperature"}, {"system": "http://loinc.org", "code": "60834-9", "display": "Blood temperature"}, {"system": "http://loinc.org", "code": "60955-2", "display": "Airway tempertaure"}, {"system": "http://loinc.org", "code": "61009-7", "display": "Myocardial temperature"}, {"system": "http://loinc.org", "code": "76010-8", "display": "Nasal temperature"}]}}