{"resourceType": "ValueSet", "extension": [{"url": "http://hl7.org/fhir/StructureDefinition/cqf-scope", "valueString": "@mii-termserv/de.medizininformatikinitiative.kerndatensatz.terminology.icu"}], "url": "https://www.medizininformatik-initiative.de/fhir/ext/modul-icu/ValueSet/Code-Monitoring-und-Vitaldaten-ISO11073", "version": "1.0.0", "name": "VS_MII_ICU_Code_Monitoring_und_Vitaldaten_ISO11073", "title": "VS MII ICU Code Monitoring und Vitaldaten [ISO11073]", "status": "active", "experimental": false, "expansion": {"identifier": "urn:uuid:3db8f467-0f8b-4f2b-a4e2-7595baead7b9", "timestamp": "2024-08-20T20:52:29+00:00", "total": 39, "parameter": [{"name": "version", "valueUri": "urn:iso:std:iso:11073:10101|2023-09-20"}, {"name": "used-codesystem", "valueUri": "urn:iso:std:iso:11073:10101|2023-09-20"}, {"name": "warning-draft", "valueUri": "urn:iso:std:iso:11073:10101|2023-09-20"}], "contains": [{"system": "urn:iso:std:iso:11073:10101", "code": "150017", "display": "Systolic blood pressure"}, {"system": "urn:iso:std:iso:11073:10101", "code": "150019", "display": "Mean blood pressure"}, {"system": "urn:iso:std:iso:11073:10101", "code": "150018", "display": "Diastolic blood pressure"}, {"system": "urn:iso:std:iso:11073:10101", "code": "150084", "display": "Central venous pressure"}, {"system": "urn:iso:std:iso:11073:10101", "code": "150045", "display": "Systolic pulmonary arterial pressure"}, {"system": "urn:iso:std:iso:11073:10101", "code": "150047", "display": "Mean pulmonary arterial pressure"}, {"system": "urn:iso:std:iso:11073:10101", "code": "150046", "display": "Diastolic pulmonary arterial pressure"}, {"system": "urn:iso:std:iso:11073:10101", "code": "150052", "display": "Pulmonary artery wedge pressure"}, {"system": "urn:iso:std:iso:11073:10101", "code": "150276", "display": "Cardiac output"}, {"system": "urn:iso:std:iso:11073:10101", "code": "149772", "display": "Cardiac index"}, {"system": "urn:iso:std:iso:11073:10101", "code": "149760", "display": "Systemic vascular resistance indexed"}, {"system": "urn:iso:std:iso:11073:10101", "code": "152852", "display": "Pulmonary Vascular Resistance Index"}, {"system": "urn:iso:std:iso:11073:10101", "code": "150428", "display": "Ventricular stroke"}, {"system": "urn:iso:std:iso:11073:10101", "code": "149764", "display": "Left Ventricular Stroke Work Index"}, {"system": "urn:iso:std:iso:11073:10101", "code": "150368", "display": "Body temperature - Core"}, {"system": "urn:iso:std:iso:11073:10101", "code": "150456", "display": "Oxygen saturation in Arterial blood by Pulse oximetry"}, {"system": "urn:iso:std:iso:11073:10101", "code": "160300", "display": "Postductal SpO2"}, {"system": "urn:iso:std:iso:11073:10101", "code": "160296", "display": "Preductal SpO2"}, {"system": "urn:iso:std:iso:11073:10101", "code": "153608", "display": "Intracranial pressure"}, {"system": "urn:iso:std:iso:11073:10101", "code": "150103", "display": "Mean left ventricular pressure"}, {"system": "urn:iso:std:iso:11073:10101", "code": "150107", "display": "Mean right ventricular pressure"}, {"system": "urn:iso:std:iso:11073:10101", "code": "150101", "display": "Systolic left ventricular pressure"}, {"system": "urn:iso:std:iso:11073:10101", "code": "150105", "display": "Systolic right ventricular pressure"}, {"system": "urn:iso:std:iso:11073:10101", "code": "150102", "display": "Diastolic left ventricular pressure"}, {"system": "urn:iso:std:iso:11073:10101", "code": "150106", "display": "Diastolic right ventricular pressure"}, {"system": "urn:iso:std:iso:11073:10101", "code": "150069", "display": "Systolic right atrial pressure"}, {"system": "urn:iso:std:iso:11073:10101", "code": "150065", "display": "Systolic left atrial pressure"}, {"system": "urn:iso:std:iso:11073:10101", "code": "150067", "display": "Mean left atrial pressure"}, {"system": "urn:iso:std:iso:11073:10101", "code": "150071", "display": "Mean right atrial pressure"}, {"system": "urn:iso:std:iso:11073:10101", "code": "150066", "display": "Diastolic left atrial pressure"}, {"system": "urn:iso:std:iso:11073:10101", "code": "150070", "display": "Diastolic right atrial pressure"}, {"system": "urn:iso:std:iso:11073:10101", "code": "188420", "display": "Rectal temperature"}, {"system": "urn:iso:std:iso:11073:10101", "code": "188496", "display": "Axillary temperature"}, {"system": "urn:iso:std:iso:11073:10101", "code": "188424", "display": "Oral temperature"}, {"system": "urn:iso:std:iso:11073:10101", "code": "188436", "display": "Blood temperature"}, {"system": "urn:iso:std:iso:11073:10101", "code": "188500", "display": "Myocardial temperature"}, {"system": "urn:iso:std:iso:11073:10101", "code": "147842", "display": "Heart Rate"}, {"system": "urn:iso:std:iso:11073:10101", "code": "188504", "display": "Nasal temperature"}, {"system": "urn:iso:std:iso:11073:10101", "code": "149514", "display": "Pulse rate"}]}}