{"resourceType": "ValueSet", "extension": [{"url": "http://hl7.org/fhir/StructureDefinition/cqf-scope", "valueString": "@mii-termserv/de.medizininformatikinitiative.kerndatensatz.terminology.icu"}], "url": "https://www.medizininformatik-initiative.de/fhir/ext/modul-icu/ValueSet/MII-Code-Procedure-Beatmung-SNOMED", "version": "1.0.0", "name": "VS_MII_ICU_Code_Procedure_Beatmung_SNOMED", "title": "VS MII ICU Code Procedure Beatmung [SNOMED]", "status": "active", "experimental": false, "expansion": {"identifier": "urn:uuid:ee147c58-e8f8-4d3b-9906-60e80ca4ccdc", "timestamp": "2024-08-20T20:52:34+00:00", "total": 86, "parameter": [{"name": "version", "valueUri": "http://snomed.info/sct|http://snomed.info/sct/900000000000207008/version/20240101"}, {"name": "used-codesystem", "valueUri": "http://snomed.info/sct|http://snomed.info/sct/900000000000207008/version/20240101"}], "contains": [{"extension": [{"url": "http://ontoserver.csiro.au/profiles/expansion", "extension": [{"url": "inactive", "valueBoolean": true}]}], "system": "http://snomed.info/sct", "inactive": true, "code": "26763009", "display": "Controlled ventilation procedure and therapy, initiation and management (procedure)"}, {"extension": [{"url": "http://ontoserver.csiro.au/profiles/expansion", "extension": [{"url": "inactive", "valueBoolean": true}]}], "system": "http://snomed.info/sct", "inactive": true, "code": "243147009", "display": "Controlled ventilation (procedure)"}, {"system": "http://snomed.info/sct", "code": "243141005", "display": "Mechanically assisted spontaneous ventilation (procedure)"}, {"system": "http://snomed.info/sct", "code": "11140008", "display": "Respiratory assist, manual (procedure)"}, {"system": "http://snomed.info/sct", "code": "428311008", "display": "Noninvasive ventilation (procedure)"}, {"system": "http://snomed.info/sct", "code": "243160003", "display": "Control of end expiratory pressure (procedure)"}, {"extension": [{"url": "http://ontoserver.csiro.au/profiles/expansion", "extension": [{"url": "inactive", "valueBoolean": true}]}], "system": "http://snomed.info/sct", "inactive": true, "code": "182687005", "display": "Intermittent positive pressure ventilation (procedure)"}, {"extension": [{"url": "http://ontoserver.csiro.au/profiles/expansion", "extension": [{"url": "inactive", "valueBoolean": true}]}], "system": "http://snomed.info/sct", "inactive": true, "code": "286812008", "display": "Pressure controlled ventilation (procedure)"}, {"system": "http://snomed.info/sct", "code": "33050008", "display": "Pulmonary resuscitation (procedure)"}, {"extension": [{"url": "http://ontoserver.csiro.au/profiles/expansion", "extension": [{"url": "inactive", "valueBoolean": true}]}], "system": "http://snomed.info/sct", "inactive": true, "code": "45851008", "display": "Positive end expiratory pressure ventilation therapy, initiation and management (procedure)"}, {"extension": [{"url": "http://ontoserver.csiro.au/profiles/expansion", "extension": [{"url": "inactive", "valueBoolean": true}]}], "system": "http://snomed.info/sct", "inactive": true, "code": "55089006", "display": "Inspiration mandatory ventilation therapy, initiation and management (procedure)"}, {"extension": [{"url": "http://ontoserver.csiro.au/profiles/expansion", "extension": [{"url": "inactive", "valueBoolean": true}]}], "system": "http://snomed.info/sct", "inactive": true, "code": "8948006", "display": "Assisted ventilation therapy, pressure or volume preset, initiation and management (procedure)"}, {"system": "http://snomed.info/sct", "code": "229306004", "display": "Positive pressure therapy(regime/therapy)"}, {"system": "http://snomed.info/sct", "code": "243180002", "display": "Expired air ventilation (procedure)"}, {"system": "http://snomed.info/sct", "code": "243161004", "display": "Positive end expiratory pressure increased (procedure)"}, {"system": "http://snomed.info/sct", "code": "243164007", "display": "Positive end expiratory pressue reduced (procedure)"}, {"extension": [{"url": "http://ontoserver.csiro.au/profiles/expansion", "extension": [{"url": "inactive", "valueBoolean": true}]}], "system": "http://snomed.info/sct", "inactive": true, "code": "243151006", "display": "Mandatory minute volume ventilation (procedure)"}, {"system": "http://snomed.info/sct", "code": "59427005", "display": "Synchronized intermitent mandatory ventilation (procedure)"}, {"system": "http://snomed.info/sct", "code": "47545007", "display": "Continuous positive airway pressure ventilation treatment (regime/therapy)"}, {"system": "http://snomed.info/sct", "code": "243142003", "display": "Dual pressure spontaneous ventilation support(regime/therapy)"}, {"system": "http://snomed.info/sct", "code": "37113006", "display": "Mouth-to-mouth resuscitation (procedure)"}, {"system": "http://snomed.info/sct", "code": "243157005", "display": "Liquid ventilation (procedure)"}, {"system": "http://snomed.info/sct", "code": "243170001", "display": "Negative end expiratory pressure applied (procedure)"}, {"system": "http://snomed.info/sct", "code": "371908008", "display": "Oxygen administration by mask (procedure)"}, {"extension": [{"url": "http://ontoserver.csiro.au/profiles/expansion", "extension": [{"url": "inactive", "valueBoolean": true}]}], "system": "http://snomed.info/sct", "inactive": true, "code": "243163001", "display": "Positive end expiratory pressure increased to best positive end expiratory pressure (procedure)"}, {"system": "http://snomed.info/sct", "code": "243162006", "display": "Positive end expiratory pressure incereased to optimal positive end expiratory pressure (procedure)"}, {"extension": [{"url": "http://ontoserver.csiro.au/profiles/expansion", "extension": [{"url": "inactive", "valueBoolean": true}]}], "system": "http://snomed.info/sct", "inactive": true, "code": "243167000", "display": "Positive end expiratory pressure reduced to best positive end expiratory pressure reduced to best (procedure)"}, {"system": "http://snomed.info/sct", "code": "243166009", "display": "Positive end expiratory pressure reduced to optimal positive end expiratory pressure (procedure)"}, {"extension": [{"url": "http://ontoserver.csiro.au/profiles/expansion", "extension": [{"url": "inactive", "valueBoolean": true}]}], "system": "http://snomed.info/sct", "inactive": true, "code": "243169002", "display": "Zero end expiratory pressure maintained (procedure)"}, {"system": "http://snomed.info/sct", "code": "243168005", "display": "Positive end expiratory pressure withdrawn (procedure)"}, {"system": "http://snomed.info/sct", "code": "243150007", "display": "Assisted controlled mandatory ventilation (procedure)"}, {"extension": [{"url": "http://ontoserver.csiro.au/profiles/expansion", "extension": [{"url": "inactive", "valueBoolean": true}]}], "system": "http://snomed.info/sct", "inactive": true, "code": "243156001", "display": "Continuous flow ventilation (procedure)"}, {"extension": [{"url": "http://ontoserver.csiro.au/profiles/expansion", "extension": [{"url": "inactive", "valueBoolean": true}]}], "system": "http://snomed.info/sct", "inactive": true, "code": "243148004", "display": "Controlled mandatory ventilation (procedure)"}, {"extension": [{"url": "http://ontoserver.csiro.au/profiles/expansion", "extension": [{"url": "inactive", "valueBoolean": true}]}], "system": "http://snomed.info/sct", "inactive": true, "code": "243149007", "display": "Controlled mandatory ventilation with sigh (procedure)"}, {"system": "http://snomed.info/sct", "code": "243154003", "display": "High frequency jet ventilation (procedure)"}, {"system": "http://snomed.info/sct", "code": "243155002", "display": "High frequency oscillatory ventilation (procedure)"}, {"system": "http://snomed.info/sct", "code": "243153009", "display": "Inspiration mandatory ventilation therapy, initiation and management (procedure)"}, {"extension": [{"url": "http://ontoserver.csiro.au/profiles/expansion", "extension": [{"url": "inactive", "valueBoolean": true}]}], "system": "http://snomed.info/sct", "inactive": true, "code": "243152004", "display": "Extended mandatory minute volume ventilation (procedure)"}, {"extension": [{"url": "http://ontoserver.csiro.au/profiles/expansion", "extension": [{"url": "inactive", "valueBoolean": true}]}], "system": "http://snomed.info/sct", "inactive": true, "code": "286813003", "display": "Pressure controlled synchronized intermittent mandatory ventilation (procedure)"}, {"extension": [{"url": "http://ontoserver.csiro.au/profiles/expansion", "extension": [{"url": "inactive", "valueBoolean": true}]}], "system": "http://snomed.info/sct", "inactive": true, "code": "408852001", "display": "Intermittent positive pressure ventilation via bag and mask (procedure)"}, {"extension": [{"url": "http://ontoserver.csiro.au/profiles/expansion", "extension": [{"url": "inactive", "valueBoolean": true}]}], "system": "http://snomed.info/sct", "inactive": true, "code": "408853006", "display": "Intermittent positive pressure ventilation via endotracheal tube (procedure)"}, {"system": "http://snomed.info/sct", "code": "448442005", "display": "Transtracheal jet ventilation (procedure)"}, {"extension": [{"url": "http://ontoserver.csiro.au/profiles/expansion", "extension": [{"url": "inactive", "valueBoolean": true}]}], "system": "http://snomed.info/sct", "inactive": true, "code": "405609003", "display": "Volume controlled ventilation (procedure)"}, {"extension": [{"url": "http://ontoserver.csiro.au/profiles/expansion", "extension": [{"url": "inactive", "valueBoolean": true}]}], "system": "http://snomed.info/sct", "inactive": true, "code": "66852000", "display": "Flow and timed ventilation procedure, initiation and management (procedure)"}, {"system": "http://snomed.info/sct", "code": "4764004", "display": "Jet ventilation"}, {"system": "http://snomed.info/sct", "code": "243143008", "display": "Airway pressure release ventilation (procedure)"}, {"system": "http://snomed.info/sct", "code": "448134000", "display": "Continuous positive airway pressure to nonventilated lung (regime/therapy)"}, {"extension": [{"url": "http://ontoserver.csiro.au/profiles/expansion", "extension": [{"url": "inactive", "valueBoolean": true}]}], "system": "http://snomed.info/sct", "inactive": true, "code": "229308003", "display": "Intermittent continuous positive airway pressure (regime/therapy)"}, {"system": "http://snomed.info/sct", "code": "34281000175105", "display": "Nocturnal continuous positive airway pressure (regime/therapy)"}, {"system": "http://snomed.info/sct", "code": "34291000175108", "display": "Nocturnal dual pressure spontaneous ventilation support (regime/therapy)"}, {"extension": [{"url": "http://ontoserver.csiro.au/profiles/expansion", "extension": [{"url": "inactive", "valueBoolean": true}]}], "system": "http://snomed.info/sct", "inactive": true, "code": "243144002", "display": "Patient triggered inspiratory assistance (procedure)"}, {"system": "http://snomed.info/sct", "code": "229312009", "display": "Nasal ventilation therapy (regime/therapy)"}, {"extension": [{"url": "http://ontoserver.csiro.au/profiles/expansion", "extension": [{"url": "inactive", "valueBoolean": true}]}], "system": "http://snomed.info/sct", "inactive": true, "code": "425447009", "display": "Bag valve mask ventilation (procedure)"}, {"system": "http://snomed.info/sct", "code": "243140006", "display": "Lung inflation by intermittent compression of reservoir bag (procedure)"}, {"system": "http://snomed.info/sct", "code": "229313004", "display": "Manual hyperinflation (procedure)"}, {"system": "http://snomed.info/sct", "code": "425696007", "display": "Manual respiratory assistance using bag and mask (procedure)"}, {"system": "http://snomed.info/sct", "code": "243184006", "display": "Ventilation with self-inflating bag (procedure)"}, {"system": "http://snomed.info/sct", "code": "74596007", "display": "Resuscitation with artificial respiration (procedure)"}, {"system": "http://snomed.info/sct", "code": "243181003", "display": "Expired air ventilation with airway aid (procedure)"}, {"system": "http://snomed.info/sct", "code": "243183000", "display": "Mouth to nose expired air ventilation (procedure)"}, {"system": "http://snomed.info/sct", "code": "243182005", "display": "Mouth to mouth expired air ventilation with airway (procedure)"}, {"system": "http://snomed.info/sct", "code": "52729008", "display": "Treatment by iron lung (procedure)"}, {"system": "http://snomed.info/sct", "code": "76777009", "display": "Artificial respiration by electrophrenic stimulation"}, {"extension": [{"url": "http://ontoserver.csiro.au/profiles/expansion", "extension": [{"url": "inactive", "valueBoolean": true}]}], "system": "http://snomed.info/sct", "inactive": true, "code": "38282001", "display": "Bennett respirator therapy (procedure)"}, {"extension": [{"url": "http://ontoserver.csiro.au/profiles/expansion", "extension": [{"url": "inactive", "valueBoolean": true}]}], "system": "http://snomed.info/sct", "inactive": true, "code": "773454006", "display": "Bird respiratory therapy (procedure)"}, {"system": "http://snomed.info/sct", "code": "281508008", "display": "Cuirasse ventilation (procedure)"}, {"system": "http://snomed.info/sct", "code": "276737004", "display": "Domiciliary ventilation (procedure)"}, {"system": "http://snomed.info/sct", "code": "276732005", "display": "Apneic oxygenation (procedure)"}, {"system": "http://snomed.info/sct", "code": "243159008", "display": "Intermittent negative pressure ventilation (procedure)"}, {"system": "http://snomed.info/sct", "code": "243158000", "display": "Fluorocarbon ventilation (procedure)"}, {"system": "http://snomed.info/sct", "code": "243172009", "display": "Negative end expiratory pressure decreased (procedure)"}, {"system": "http://snomed.info/sct", "code": "243171002", "display": "Negative end expiratory pressure increased (procedure)"}, {"system": "http://snomed.info/sct", "code": "82433009", "display": "Continuous negative pressure ventilation treatment (procedure)"}, {"system": "http://snomed.info/sct", "code": "447837008", "display": "Noninvasive positive pressure ventilation (procedure)"}, {"system": "http://snomed.info/sct", "code": "870392006", "display": "Wearing from noninvasive ventilation (procedure)"}, {"system": "http://snomed.info/sct", "code": "243146000", "display": "Diaphragmatic augmentation by rocking bed (procedure)"}, {"system": "http://snomed.info/sct", "code": "429253002", "display": "Oxygen administration by Ventury mask (procedure)"}, {"system": "http://snomed.info/sct", "code": "371907003", "display": "Oxygen administration by nasal cannula (procedure)"}, {"system": "http://snomed.info/sct", "code": "398077001", "display": "Oxygen dynamic interventions (procedure)"}, {"system": "http://snomed.info/sct", "code": "182714002", "display": "Oxygenerator therapy (procedure)"}, {"system": "http://snomed.info/sct", "code": "243136002", "display": "Short-term oxygen therapy (procedure)"}, {"system": "http://snomed.info/sct", "code": "315041000", "display": "High concentration oxygen therapy (procedure)"}, {"system": "http://snomed.info/sct", "code": "426990007", "display": "Home oxygen therapy (procedure)"}, {"system": "http://snomed.info/sct", "code": "304577004", "display": "Humidified oxygen therapy(procedure)"}, {"system": "http://snomed.info/sct", "code": "870533002", "display": "Heated and humidified high flow oxygen therapy"}, {"system": "http://snomed.info/sct", "code": "71786000", "display": "Intranasal oxygen therapy (procedure)"}]}}