{"resourceType": "ValueSet", "extension": [{"url": "http://hl7.org/fhir/StructureDefinition/cqf-scope", "valueString": "@mii-termserv/de.medizininformatikinitiative.kerndatensatz.terminology.icu"}], "url": "https://www.medizininformatik-initiative.de/fhir/ext/modul-icu/ValueSet/MII_Code_Extrakorporale_Verfahren", "version": "1.0.0", "name": "VS_MII_ICU_Code_Extrakorporale_Verfahren", "title": "VS MII ICU Code extrakorporale Verfahren", "status": "active", "experimental": false, "expansion": {"identifier": "urn:uuid:dcd38962-1b69-43e9-b43f-1ed1d848bd62", "timestamp": "2024-08-20T20:52:33+00:00", "total": 50, "parameter": [{"name": "version", "valueUri": "http://snomed.info/sct|http://snomed.info/sct/900000000000207008/version/20240101"}, {"name": "used-codesystem", "valueUri": "http://snomed.info/sct|http://snomed.info/sct/900000000000207008/version/20240101"}], "contains": [{"system": "http://snomed.info/sct", "code": "265764009", "display": "Renal dialysis (procedure)"}, {"system": "http://snomed.info/sct", "code": "341939001", "display": "Extracorporeal hemofiltration (procedure)"}, {"system": "http://snomed.info/sct", "code": "127788007", "display": "Apheresis (procedure)"}, {"system": "http://snomed.info/sct", "code": "233572003", "display": "Extracorporeal gas exchange (procedure)"}, {"system": "http://snomed.info/sct", "code": "302497006", "display": "Hemodialysis (procedure)"}, {"system": "http://snomed.info/sct", "code": "233586004", "display": "Hemodiafiltration (procedure)"}, {"system": "http://snomed.info/sct", "code": "233581009", "display": "Hemofiltration (procedure)"}, {"system": "http://snomed.info/sct", "code": "182750009", "display": "Ultrafiltration (procedure)"}, {"system": "http://snomed.info/sct", "code": "714749008", "display": "Continuous renal replacement therapy (procedure)"}, {"system": "http://snomed.info/sct", "code": "233573008", "display": "Extracorporeal membrane oxygenation (procedure)"}, {"system": "http://snomed.info/sct", "code": "233578004", "display": "Continuous hemodialysis (procedure)"}, {"system": "http://snomed.info/sct", "code": "233575001", "display": "Intermittent hemodialysis (procedure)"}, {"system": "http://snomed.info/sct", "code": "233588003", "display": "Continuous hemodiafiltration (procedure)"}, {"system": "http://snomed.info/sct", "code": "233583007", "display": "Continuous hemofiltration (procedure)"}, {"system": "http://snomed.info/sct", "code": "233594006", "display": "Lipopheresis (procedure)"}, {"system": "http://snomed.info/sct", "code": "72541002", "display": "Plateletpheresis (procedure)"}, {"system": "http://snomed.info/sct", "code": "233574002", "display": "Extracorporeal carbon dioxide removal (procedure)"}, {"system": "http://snomed.info/sct", "code": "786452006", "display": "Arteriovenous extracorporeal membrane oxygenation (procedure)"}, {"system": "http://snomed.info/sct", "code": "786451004", "display": "Venoarterial extracorporeal membrane oxygenation (procedure)"}, {"system": "http://snomed.info/sct", "code": "786453001", "display": "Venovenous extracorporeal membrane oxygenation (procedure)"}, {"system": "http://snomed.info/sct", "code": "233579007", "display": "Continuous arteriovenous hemodialysis (procedure)"}, {"system": "http://snomed.info/sct", "code": "233580005", "display": "Continuous venovenous hemodialysis (procedure)"}, {"system": "http://snomed.info/sct", "code": "708932005", "display": "Emergency hemodialysis (procedure)"}, {"system": "http://snomed.info/sct", "code": "427053002", "display": "Extracorporeal albumin hemodialysis (procedure)"}, {"system": "http://snomed.info/sct", "code": "57274006", "display": "Initial hemodialysis (procedure)"}, {"system": "http://snomed.info/sct", "code": "233577009", "display": "Intermittent hemodialysis with continuous ultrafiltration (procedure)"}, {"system": "http://snomed.info/sct", "code": "233576000", "display": "Intermittent hemodialysis with sequential ultrafiltration (procedure)"}, {"system": "http://snomed.info/sct", "code": "11932001", "display": "Stabilizing hemodialysis (procedure)"}, {"system": "http://snomed.info/sct", "code": "698074000", "display": "Sustained low-efficiency dialysis (procedure)"}, {"system": "http://snomed.info/sct", "code": "233589006", "display": "Continuous arteriovenous hemodiafiltration (procedure)"}, {"system": "http://snomed.info/sct", "code": "233590002", "display": "Continuous venovenous hemodiafiltration (procedure)"}, {"system": "http://snomed.info/sct", "code": "708933000", "display": "Emergency hemodiafiltration (procedure)"}, {"system": "http://snomed.info/sct", "code": "233587008", "display": "Intermittent hemodiafiltration (procedure)"}, {"system": "http://snomed.info/sct", "code": "708930002", "display": "Maintenance hemodiafiltration (procedure)"}, {"system": "http://snomed.info/sct", "code": "233584001", "display": "Continuous arteriovenous hemofiltration (procedure)"}, {"system": "http://snomed.info/sct", "code": "233585000", "display": "Continuous venovenous hemofiltration (procedure)"}, {"system": "http://snomed.info/sct", "code": "715743002", "display": "Emergency hemofiltration (procedure)"}, {"system": "http://snomed.info/sct", "code": "233582002", "display": "Intermittent hemofiltration (procedure)"}, {"system": "http://snomed.info/sct", "code": "708934006", "display": "Maintenance hemofiltration (procedure)"}, {"system": "http://snomed.info/sct", "code": "14130001000004103", "display": "Aquapheresis (procedure)"}, {"system": "http://snomed.info/sct", "code": "182749009", "display": "Extracorporeal blood irradiation (procedure)"}, {"system": "http://snomed.info/sct", "code": "438839005", "display": "Erythrocytapheresis (procedure)"}, {"system": "http://snomed.info/sct", "code": "83794005", "display": "Extracorporeal photopheresis (procedure)"}, {"system": "http://snomed.info/sct", "code": "77257005", "display": "Leukopheresis (procedure)"}, {"system": "http://snomed.info/sct", "code": "448955002", "display": "Low density lipoprotein apheresis (procedure)"}, {"system": "http://snomed.info/sct", "code": "20720000", "display": "Plasmapheresis (procedure)"}, {"system": "http://snomed.info/sct", "code": "233564000", "display": "Platelet apheresis using human leukocyte antigen matched donors (procedure)"}, {"system": "http://snomed.info/sct", "code": "233565004", "display": "Platelet apheresis using random donors (procedure)"}, {"system": "http://snomed.info/sct", "code": "225067007", "display": "Therapeutic plasma exchange (procedure)"}, {"system": "http://snomed.info/sct", "code": "19647005", "display": "Therapeutic plasmapheresis using plasma as the major replacement fluid (procedure)"}]}}