{"resourceType": "ValueSet", "extension": [{"url": "http://hl7.org/fhir/StructureDefinition/cqf-scope", "valueString": "@mii-termserv/de.medizininformatikinitiative.kerndatensatz.terminology.icu"}], "url": "https://www.medizininformatik-initiative.de/fhir/ext/modul-icu/ValueSet/Code-Monitoring-und-Vitaldaten-SNOMED", "version": "1.0.0", "name": "VS_MII_ICU_Code_Monitoring_und_Vitaldaten_SNOMED", "title": "VS MII ICU Code Monitoring und Vitaldaten [SNOMED]", "status": "active", "experimental": false, "expansion": {"identifier": "urn:uuid:36eb4435-dc76-4a29-a475-a596a42f5a21", "timestamp": "2024-08-20T20:52:33+00:00", "total": 37, "parameter": [{"name": "version", "valueUri": "http://snomed.info/sct|http://snomed.info/sct/900000000000207008/version/20240101"}, {"name": "used-codesystem", "valueUri": "http://snomed.info/sct|http://snomed.info/sct/900000000000207008/version/20240101"}], "contains": [{"system": "http://snomed.info/sct", "code": "364075005", "display": "Heart rate (observable entity)"}, {"system": "http://snomed.info/sct", "code": "75367002", "display": "Blood pressure (observable entity)"}, {"system": "http://snomed.info/sct", "code": "271649006", "display": "Systolic blood pressure (observable entity)"}, {"system": "http://snomed.info/sct", "code": "6797001", "display": "Mean blood pressure (observable entity)"}, {"system": "http://snomed.info/sct", "code": "271650006", "display": "Diastolic blood pressure (observable entity)"}, {"system": "http://snomed.info/sct", "code": "71420008", "display": "Central venous pressure (observable entity))"}, {"system": "http://snomed.info/sct", "code": "118433006", "display": "Pulmonary artery wedge pressure (observable entity)"}, {"system": "http://snomed.info/sct", "code": "82799009", "display": "Cardiac output (observable entity)"}, {"system": "http://snomed.info/sct", "code": "54993008", "display": "Left ventricular Cardiac index (observable entity)"}, {"system": "http://snomed.info/sct", "code": "276900001", "display": "Systemic vascular Resistance index (observable entity)"}, {"system": "http://snomed.info/sct", "code": "276902009", "display": "Pulmonary vascular Resistance index (observable entity)"}, {"system": "http://snomed.info/sct", "code": "90096001", "display": "Stroke volume (observable entity)"}, {"system": "http://snomed.info/sct", "code": "277381004", "display": "Stroke index (observable entity)"}, {"system": "http://snomed.info/sct", "code": "276885007", "display": "Core body temperature (observable entity)"}, {"system": "http://snomed.info/sct", "code": "250844005", "display": "Intracranial pressure (observable entity)"}, {"system": "http://snomed.info/sct", "code": "27113001", "display": "Body weight (observable entity)"}, {"system": "http://snomed.info/sct", "code": "170804003", "display": "Ideal body weight (observable entity)"}, {"system": "http://snomed.info/sct", "code": "1153637007", "display": "Body height (observable entity)"}, {"system": "http://snomed.info/sct", "code": "1153605006", "display": "Body height for age percentile (observable entity)"}, {"system": "http://snomed.info/sct", "code": "1153592008", "display": "Weight for age percentile (observable entity)"}, {"system": "http://snomed.info/sct", "code": "415974002", "display": "Core body temperature measured at tympanic membrane (observable entity)"}, {"system": "http://snomed.info/sct", "code": "307047009", "display": "Core body temperature measured in rectum (observable entity)"}, {"system": "http://snomed.info/sct", "code": "431598003", "display": "Core body temperature measured in esophagus (observable entity)"}, {"system": "http://snomed.info/sct", "code": "698831002", "display": "Core body temperature measured in nasopharynx (observable entity)"}, {"system": "http://snomed.info/sct", "code": "698832009", "display": "Core body temperature measured at urinary bladder (observable entity)"}, {"system": "http://snomed.info/sct", "code": "364246006", "display": "Core body temperature measured vaginally (observable entity)"}, {"system": "http://snomed.info/sct", "code": "415882003", "display": "Estimated core body temperature measured in axillary region (observable entity)"}, {"system": "http://snomed.info/sct", "code": "415945006", "display": "Core body temperature measured in sublingual space (observable entity)"}, {"system": "http://snomed.info/sct", "code": "415929009", "display": "Estimated core body temperature measured in inguinal region (observable entity)"}, {"extension": [{"url": "http://ontoserver.csiro.au/profiles/expansion", "extension": [{"url": "inactive", "valueBoolean": true}]}], "system": "http://snomed.info/sct", "inactive": true, "code": "860958002", "display": "Temperature of blood (observable entity)"}, {"system": "http://snomed.info/sct", "code": "248835004", "display": "Temperature of breast (observable entity)"}, {"system": "http://snomed.info/sct", "code": "364419004", "display": "Temperature of cervical spine (observable entity)"}, {"system": "http://snomed.info/sct", "code": "415922000", "display": "Temperature of forehead (observable entity)"}, {"system": "http://snomed.info/sct", "code": "250124002", "display": "Temperature of joint (observable entity)"}, {"system": "http://snomed.info/sct", "code": "364429006", "display": "Temperature of lumbar spine (observable entity)"}, {"system": "http://snomed.info/sct", "code": "364424001", "display": "Temperature of thoracic spine (observable entity)"}, {"system": "http://snomed.info/sct", "code": "8499008", "display": "Pulse, function (observable entity)"}]}}