{
    "children": [
        {
            "context": {
                "code": "Specimen",
                "display": "Bioprobe",
                "system": "fdpg.mii.cds",
                "version": "1.0.0"
            },
            "display": "Amniotic fluid specimen",
            "id": "c7dc3224-1174-779c-ee64-b26fd869266b",
            "leaf": true,
            "selectable": true,
            "termCodes": [
                {
                    "code": "119373006",
                    "display": "Amniotic fluid specimen",
                    "system": "http://snomed.info/sct",
                    "version": "http://snomed.info/sct/900000000000207008/version/20220930"
                }
            ]
        },
        {
            "context": {
                "code": "Specimen",
                "display": "Bioprobe",
                "system": "fdpg.mii.cds",
                "version": "1.0.0"
            },
            "display": "Ascitic fluid specimen",
            "id": "ad6b77de-b395-dc76-0f77-325a7984ea01",
            "leaf": true,
            "selectable": true,
            "termCodes": [
                {
                    "code": "309201001",
                    "display": "Ascitic fluid specimen",
                    "system": "http://snomed.info/sct",
                    "version": "http://snomed.info/sct/900000000000207008/version/20220930"
                }
            ]
        },
        {
            "children": [
                {
                    "context": {
                        "code": "Specimen",
                        "display": "Bioprobe",
                        "system": "fdpg.mii.cds",
                        "version": "1.0.0"
                    },
                    "display": "Blood specimen submitted in heparinized collection tube",
                    "id": "6bad02f1-c7b4-7e99-ba99-91126c673f9e",
                    "leaf": true,
                    "selectable": true,
                    "termCodes": [
                        {
                            "code": "446272009",
                            "display": "Blood specimen submitted in heparinized collection tube",
                            "system": "http://snomed.info/sct",
                            "version": "http://snomed.info/sct/900000000000207008/version/20220930"
                        }
                    ]
                },
                {
                    "children": [
                        {
                            "children": [
                                {
                                    "context": {
                                        "code": "Specimen",
                                        "display": "Bioprobe",
                                        "system": "fdpg.mii.cds",
                                        "version": "1.0.0"
                                    },
                                    "display": "Whole blood specimen with edetic acid",
                                    "id": "8a9f4981-139d-6084-2cd2-705e0af4ac47",
                                    "leaf": true,
                                    "selectable": true,
                                    "termCodes": [
                                        {
                                            "code": "57921000052103",
                                            "display": "Whole blood specimen with edetic acid",
                                            "system": "http://snomed.info/sct",
                                            "version": "http://snomed.info/sct/900000000000207008/version/20220930"
                                        }
                                    ]
                                }
                            ],
                            "context": {
                                "code": "Specimen",
                                "display": "Bioprobe",
                                "system": "fdpg.mii.cds",
                                "version": "1.0.0"
                            },
                            "display": "Blood specimen with EDTA",
                            "id": "f2711212-b749-7dee-ae35-2f90b7918a28",
                            "leaf": false,
                            "selectable": true,
                            "termCodes": [
                                {
                                    "code": "445295009",
                                    "display": "Blood specimen with EDTA",
                                    "system": "http://snomed.info/sct",
                                    "version": "http://snomed.info/sct/900000000000207008/version/20220930"
                                }
                            ]
                        }
                    ],
                    "context": {
                        "code": "Specimen",
                        "display": "Bioprobe",
                        "system": "fdpg.mii.cds",
                        "version": "1.0.0"
                    },
                    "display": "Blood specimen with anticoagulant",
                    "id": "3aa0b7f8-d4fc-c42c-870c-4c8a0244d719",
                    "leaf": false,
                    "selectable": true,
                    "termCodes": [
                        {
                            "code": "441510007",
                            "display": "Blood specimen with anticoagulant",
                            "system": "http://snomed.info/sct",
                            "version": "http://snomed.info/sct/900000000000207008/version/20220930"
                        }
                    ]
                },
                {
                    "context": {
                        "code": "Specimen",
                        "display": "Bioprobe",
                        "system": "fdpg.mii.cds",
                        "version": "1.0.0"
                    },
                    "display": "Cord blood specimen",
                    "id": "c15994c6-196f-46d1-0046-f30651ef80f0",
                    "leaf": true,
                    "selectable": true,
                    "termCodes": [
                        {
                            "code": "122556008",
                            "display": "Cord blood specimen",
                            "system": "http://snomed.info/sct",
                            "version": "http://snomed.info/sct/900000000000207008/version/20220930"
                        }
                    ]
                },
                {
                    "context": {
                        "code": "Specimen",
                        "display": "Bioprobe",
                        "system": "fdpg.mii.cds",
                        "version": "1.0.0"
                    },
                    "display": "Peripheral blood specimen",
                    "id": "9c0ce43d-aba0-fe7f-8d60-9a30f7cbf62a",
                    "leaf": true,
                    "selectable": true,
                    "termCodes": [
                        {
                            "code": "122551003",
                            "display": "Peripheral blood specimen",
                            "system": "http://snomed.info/sct",
                            "version": "http://snomed.info/sct/900000000000207008/version/20220930"
                        }
                    ]
                },
                {
                    "children": [
                        {
                            "context": {
                                "code": "Specimen",
                                "display": "Bioprobe",
                                "system": "fdpg.mii.cds",
                                "version": "1.0.0"
                            },
                            "display": "Plasma specimen with citrate",
                            "id": "4fa9e37d-e56e-1f56-baa6-dd9f6f0b55bf",
                            "leaf": true,
                            "selectable": true,
                            "termCodes": [
                                {
                                    "code": "708048008",
                                    "display": "Plasma specimen with citrate",
                                    "system": "http://snomed.info/sct",
                                    "version": "http://snomed.info/sct/900000000000207008/version/20220930"
                                }
                            ]
                        },
                        {
                            "context": {
                                "code": "Specimen",
                                "display": "Bioprobe",
                                "system": "fdpg.mii.cds",
                                "version": "1.0.0"
                            },
                            "display": "Plasma specimen with ethylenediamine tetraacetic acid",
                            "id": "66866227-7888-2da1-0cb5-ade9a5a2d273",
                            "leaf": true,
                            "selectable": true,
                            "termCodes": [
                                {
                                    "code": "708049000",
                                    "display": "Plasma specimen with ethylenediamine tetraacetic acid",
                                    "system": "http://snomed.info/sct",
                                    "version": "http://snomed.info/sct/900000000000207008/version/20220930"
                                }
                            ]
                        },
                        {
                            "context": {
                                "code": "Specimen",
                                "display": "Bioprobe",
                                "system": "fdpg.mii.cds",
                                "version": "1.0.0"
                            },
                            "display": "Platelet poor plasma specimen",
                            "id": "e399ee11-4229-3700-e111-7261547129cf",
                            "leaf": true,
                            "selectable": true,
                            "termCodes": [
                                {
                                    "code": "119362004",
                                    "display": "Platelet poor plasma specimen",
                                    "system": "http://snomed.info/sct",
                                    "version": "http://snomed.info/sct/900000000000207008/version/20220930"
                                }
                            ]
                        }
                    ],
                    "context": {
                        "code": "Specimen",
                        "display": "Bioprobe",
                        "system": "fdpg.mii.cds",
                        "version": "1.0.0"
                    },
                    "display": "Plasma specimen",
                    "id": "0b905fa4-e53f-2923-76a9-cee65b47c39b",
                    "leaf": false,
                    "selectable": true,
                    "termCodes": [
                        {
                            "code": "119361006",
                            "display": "Plasma specimen",
                            "system": "http://snomed.info/sct",
                            "version": "http://snomed.info/sct/900000000000207008/version/20220930"
                        }
                    ]
                },
                {
                    "context": {
                        "code": "Specimen",
                        "display": "Bioprobe",
                        "system": "fdpg.mii.cds",
                        "version": "1.0.0"
                    },
                    "display": "Serum specimen",
                    "id": "7ddebf3b-1b3e-4800-6c1a-dcdf83a481d2",
                    "leaf": true,
                    "selectable": true,
                    "termCodes": [
                        {
                            "code": "119364003",
                            "display": "Serum specimen",
                            "system": "http://snomed.info/sct",
                            "version": "http://snomed.info/sct/900000000000207008/version/20220930"
                        }
                    ]
                },
                {
                    "children": [
                        {
                            "context": {
                                "code": "Specimen",
                                "display": "Bioprobe",
                                "system": "fdpg.mii.cds",
                                "version": "1.0.0"
                            },
                            "display": "Whole blood specimen with edetic acid",
                            "id": "8a9f4981-139d-6084-2cd2-705e0af4ac47",
                            "leaf": true,
                            "selectable": true,
                            "termCodes": [
                                {
                                    "code": "57921000052103",
                                    "display": "Whole blood specimen with edetic acid",
                                    "system": "http://snomed.info/sct",
                                    "version": "http://snomed.info/sct/900000000000207008/version/20220930"
                                }
                            ]
                        }
                    ],
                    "context": {
                        "code": "Specimen",
                        "display": "Bioprobe",
                        "system": "fdpg.mii.cds",
                        "version": "1.0.0"
                    },
                    "display": "Whole blood specimen",
                    "id": "feadf4c8-c146-e5ae-d387-13e8f9a83cfe",
                    "leaf": false,
                    "selectable": true,
                    "termCodes": [
                        {
                            "code": "258580003",
                            "display": "Whole blood specimen",
                            "system": "http://snomed.info/sct",
                            "version": "http://snomed.info/sct/900000000000207008/version/20220930"
                        }
                    ]
                }
            ],
            "context": {
                "code": "Specimen",
                "display": "Bioprobe",
                "system": "fdpg.mii.cds",
                "version": "1.0.0"
            },
            "display": "Blood specimen",
            "id": "6d2b85c1-01ae-0721-16f9-9ad5777e08b5",
            "leaf": false,
            "selectable": true,
            "termCodes": [
                {
                    "code": "119297000",
                    "display": "Blood specimen",
                    "system": "http://snomed.info/sct",
                    "version": "http://snomed.info/sct/900000000000207008/version/20220930"
                }
            ]
        },
        {
            "children": [
                {
                    "context": {
                        "code": "Specimen",
                        "display": "Bioprobe",
                        "system": "fdpg.mii.cds",
                        "version": "1.0.0"
                    },
                    "display": "Specimen from bone marrow obtained by aspiration",
                    "id": "19daf779-70ee-53a9-2642-75a0517673bd",
                    "leaf": true,
                    "selectable": true,
                    "termCodes": [
                        {
                            "code": "396997002",
                            "display": "Specimen from bone marrow obtained by aspiration",
                            "system": "http://snomed.info/sct",
                            "version": "http://snomed.info/sct/900000000000207008/version/20220930"
                        }
                    ]
                }
            ],
            "context": {
                "code": "Specimen",
                "display": "Bioprobe",
                "system": "fdpg.mii.cds",
                "version": "1.0.0"
            },
            "display": "Bone marrow specimen",
            "id": "7e8ae6cb-594a-36ca-ef21-6f9df9152519",
            "leaf": false,
            "selectable": true,
            "termCodes": [
                {
                    "code": "119359002",
                    "display": "Bone marrow specimen",
                    "system": "http://snomed.info/sct",
                    "version": "http://snomed.info/sct/900000000000207008/version/20220930"
                }
            ]
        },
        {
            "context": {
                "code": "Specimen",
                "display": "Bioprobe",
                "system": "fdpg.mii.cds",
                "version": "1.0.0"
            },
            "display": "Bronchoalveolar lavage fluid specimen",
            "id": "2ac21629-09d6-88f8-60a4-d6872fea9d09",
            "leaf": true,
            "selectable": true,
            "termCodes": [
                {
                    "code": "258607008",
                    "display": "Bronchoalveolar lavage fluid specimen",
                    "system": "http://snomed.info/sct",
                    "version": "http://snomed.info/sct/900000000000207008/version/20220930"
                }
            ]
        },
        {
            "context": {
                "code": "Specimen",
                "display": "Bioprobe",
                "system": "fdpg.mii.cds",
                "version": "1.0.0"
            },
            "display": "Buffy coat",
            "id": "2d1530c3-d2c8-f6d6-0245-f8bd8d497dec",
            "leaf": true,
            "selectable": true,
            "termCodes": [
                {
                    "code": "258587000",
                    "display": "Buffy coat",
                    "system": "http://snomed.info/sct",
                    "version": "http://snomed.info/sct/900000000000207008/version/20220930"
                }
            ]
        },
        {
            "context": {
                "code": "Specimen",
                "display": "Bioprobe",
                "system": "fdpg.mii.cds",
                "version": "1.0.0"
            },
            "display": "Calculus specimen",
            "id": "0fb51faa-dae3-8e13-4cb8-38dc6a4279a7",
            "leaf": true,
            "selectable": true,
            "termCodes": [
                {
                    "code": "119350003",
                    "display": "Calculus specimen",
                    "system": "http://snomed.info/sct",
                    "version": "http://snomed.info/sct/900000000000207008/version/20220930"
                }
            ]
        },
        {
            "context": {
                "code": "Specimen",
                "display": "Bioprobe",
                "system": "fdpg.mii.cds",
                "version": "1.0.0"
            },
            "display": "Cell free DNA",
            "id": "f6c17f0b-c24e-037e-6d10-47b880fdbbcc",
            "leaf": true,
            "selectable": true,
            "termCodes": [
                {
                    "code": "726740008",
                    "display": "Cell free DNA",
                    "system": "http://snomed.info/sct",
                    "version": "http://snomed.info/sct/900000000000207008/version/20220930"
                }
            ]
        },
        {
            "context": {
                "code": "Specimen",
                "display": "Bioprobe",
                "system": "fdpg.mii.cds",
                "version": "1.0.0"
            },
            "display": "Cellular component of blood",
            "id": "9282bb77-b709-39b5-3f50-1236f341eabb",
            "leaf": true,
            "selectable": true,
            "termCodes": [
                {
                    "code": "419333002",
                    "display": "Cellular component of blood",
                    "system": "http://snomed.info/sct",
                    "version": "http://snomed.info/sct/900000000000207008/version/20220930"
                }
            ]
        },
        {
            "context": {
                "code": "Specimen",
                "display": "Bioprobe",
                "system": "fdpg.mii.cds",
                "version": "1.0.0"
            },
            "display": "Deoxyribonucleic acid specimen",
            "id": "e2cacd7a-8137-fc83-ccda-9e7b5123bd4f",
            "leaf": true,
            "selectable": true,
            "termCodes": [
                {
                    "code": "258566005",
                    "display": "Deoxyribonucleic acid specimen",
                    "system": "http://snomed.info/sct",
                    "version": "http://snomed.info/sct/900000000000207008/version/20220930"
                }
            ]
        },
        {
            "context": {
                "code": "Specimen",
                "display": "Bioprobe",
                "system": "fdpg.mii.cds",
                "version": "1.0.0"
            },
            "display": "Erythrocyte specimen",
            "id": "3bd6bde4-da06-7b73-cebd-f786288e778a",
            "leaf": true,
            "selectable": true,
            "termCodes": [
                {
                    "code": "119351004",
                    "display": "Erythrocyte specimen",
                    "system": "http://snomed.info/sct",
                    "version": "http://snomed.info/sct/900000000000207008/version/20220930"
                }
            ]
        },
        {
            "context": {
                "code": "Specimen",
                "display": "Bioprobe",
                "system": "fdpg.mii.cds",
                "version": "1.0.0"
            },
            "display": "Hair specimen",
            "id": "96017d1a-a32c-9ddf-ed67-b951715c0a62",
            "leaf": true,
            "selectable": true,
            "termCodes": [
                {
                    "code": "119326000",
                    "display": "Hair specimen",
                    "system": "http://snomed.info/sct",
                    "version": "http://snomed.info/sct/900000000000207008/version/20220930"
                }
            ]
        },
        {
            "context": {
                "code": "Specimen",
                "display": "Bioprobe",
                "system": "fdpg.mii.cds",
                "version": "1.0.0"
            },
            "display": "Nasal smear specimen",
            "id": "3488cc55-c4c9-f2b7-caeb-eabb33dc7075",
            "leaf": true,
            "selectable": true,
            "termCodes": [
                {
                    "code": "447339001",
                    "display": "Nasal smear specimen",
                    "system": "http://snomed.info/sct",
                    "version": "http://snomed.info/sct/900000000000207008/version/20220930"
                }
            ]
        },
        {
            "context": {
                "code": "Specimen",
                "display": "Bioprobe",
                "system": "fdpg.mii.cds",
                "version": "1.0.0"
            },
            "display": "Peripheral blood mononuclear cell",
            "id": "d6a3d6c5-c164-f64a-e3c1-df7bde8931e7",
            "leaf": true,
            "selectable": true,
            "termCodes": [
                {
                    "code": "404798000",
                    "display": "Peripheral blood mononuclear cell",
                    "system": "http://snomed.info/sct",
                    "version": "http://snomed.info/sct/900000000000207008/version/20220930"
                }
            ]
        },
        {
            "context": {
                "code": "Specimen",
                "display": "Bioprobe",
                "system": "fdpg.mii.cds",
                "version": "1.0.0"
            },
            "display": "Pharyngeal washings",
            "id": "884daae7-c1b8-66e6-2c18-f3f7f6ff3e77",
            "leaf": true,
            "selectable": true,
            "termCodes": [
                {
                    "code": "258469001",
                    "display": "Pharyngeal washings",
                    "system": "http://snomed.info/sct",
                    "version": "http://snomed.info/sct/900000000000207008/version/20220930"
                }
            ]
        },
        {
            "context": {
                "code": "Specimen",
                "display": "Bioprobe",
                "system": "fdpg.mii.cds",
                "version": "1.0.0"
            },
            "display": "Ribonucleic acid specimen",
            "id": "5e199740-5906-7fb3-4243-74079dbfad00",
            "leaf": true,
            "selectable": true,
            "termCodes": [
                {
                    "code": "441673008",
                    "display": "Ribonucleic acid specimen",
                    "system": "http://snomed.info/sct",
                    "version": "http://snomed.info/sct/900000000000207008/version/20220930"
                }
            ]
        },
        {
            "context": {
                "code": "Specimen",
                "display": "Bioprobe",
                "system": "fdpg.mii.cds",
                "version": "1.0.0"
            },
            "display": "Saliva specimen",
            "id": "a8c22921-f9cc-5abc-5b39-34b61a7f31e0",
            "leaf": true,
            "selectable": true,
            "termCodes": [
                {
                    "code": "119342007",
                    "display": "Saliva specimen",
                    "system": "http://snomed.info/sct",
                    "version": "http://snomed.info/sct/900000000000207008/version/20220930"
                }
            ]
        },
        {
            "context": {
                "code": "Specimen",
                "display": "Bioprobe",
                "system": "fdpg.mii.cds",
                "version": "1.0.0"
            },
            "display": "Skin fibroblast specimen",
            "id": "559bc7f1-b5b0-72ac-55a4-97d8a38bb678",
            "leaf": true,
            "selectable": true,
            "termCodes": [
                {
                    "code": "258569003",
                    "display": "Skin fibroblast specimen",
                    "system": "http://snomed.info/sct",
                    "version": "http://snomed.info/sct/900000000000207008/version/20220930"
                }
            ]
        },
        {
            "children": [
                {
                    "context": {
                        "code": "Specimen",
                        "display": "Bioprobe",
                        "system": "fdpg.mii.cds",
                        "version": "1.0.0"
                    },
                    "display": "Expressed breast milk specimen",
                    "id": "ab4b17a0-d102-5cc2-6ac4-e6f5cb5e5df4",
                    "leaf": true,
                    "selectable": true,
                    "termCodes": [
                        {
                            "code": "446676001",
                            "display": "Expressed breast milk specimen",
                            "system": "http://snomed.info/sct",
                            "version": "http://snomed.info/sct/900000000000207008/version/20220930"
                        }
                    ]
                },
                {
                    "context": {
                        "code": "Specimen",
                        "display": "Bioprobe",
                        "system": "fdpg.mii.cds",
                        "version": "1.0.0"
                    },
                    "display": "Tissue specimen from breast",
                    "id": "0719a3ce-5e64-df64-919e-ddd4f068b85e",
                    "leaf": true,
                    "selectable": true,
                    "termCodes": [
                        {
                            "code": "127457009",
                            "display": "Tissue specimen from breast",
                            "system": "http://snomed.info/sct",
                            "version": "http://snomed.info/sct/900000000000207008/version/20220930"
                        }
                    ]
                }
            ],
            "context": {
                "code": "Specimen",
                "display": "Bioprobe",
                "system": "fdpg.mii.cds",
                "version": "1.0.0"
            },
            "display": "Specimen from breast",
            "id": "4b106e02-968c-bfb5-bb7d-96693f33b3b3",
            "leaf": false,
            "selectable": true,
            "termCodes": [
                {
                    "code": "127456000",
                    "display": "Specimen from breast",
                    "system": "http://snomed.info/sct",
                    "version": "http://snomed.info/sct/900000000000207008/version/20220930"
                }
            ]
        },
        {
            "children": [
                {
                    "context": {
                        "code": "Specimen",
                        "display": "Bioprobe",
                        "system": "fdpg.mii.cds",
                        "version": "1.0.0"
                    },
                    "display": "Cerebrospinal fluid specimen",
                    "id": "a566ce7a-b696-399d-5282-e6d638a12c50",
                    "leaf": true,
                    "selectable": true,
                    "termCodes": [
                        {
                            "code": "258450006",
                            "display": "Cerebrospinal fluid specimen",
                            "system": "http://snomed.info/sct",
                            "version": "http://snomed.info/sct/900000000000207008/version/20220930"
                        }
                    ]
                },
                {
                    "context": {
                        "code": "Specimen",
                        "display": "Bioprobe",
                        "system": "fdpg.mii.cds",
                        "version": "1.0.0"
                    },
                    "display": "Specimen from brain",
                    "id": "cbd25846-4290-dd8f-b518-18e33c5d2e8c",
                    "leaf": true,
                    "selectable": true,
                    "termCodes": [
                        {
                            "code": "119398007",
                            "display": "Specimen from brain",
                            "system": "http://snomed.info/sct",
                            "version": "http://snomed.info/sct/900000000000207008/version/20220930"
                        }
                    ]
                }
            ],
            "context": {
                "code": "Specimen",
                "display": "Bioprobe",
                "system": "fdpg.mii.cds",
                "version": "1.0.0"
            },
            "display": "Specimen from nervous system",
            "id": "1d2bbb14-4192-8b72-4429-735e2383ba85",
            "leaf": false,
            "selectable": true,
            "termCodes": [
                {
                    "code": "608852006",
                    "display": "Specimen from nervous system",
                    "system": "http://snomed.info/sct",
                    "version": "http://snomed.info/sct/900000000000207008/version/20220930"
                }
            ]
        },
        {
            "context": {
                "code": "Specimen",
                "display": "Bioprobe",
                "system": "fdpg.mii.cds",
                "version": "1.0.0"
            },
            "display": "Specimen from prostate",
            "id": "ceef63a1-42f3-fd06-aee4-db95fb4d1a2a",
            "leaf": true,
            "selectable": true,
            "termCodes": [
                {
                    "code": "119386002",
                    "display": "Specimen from prostate",
                    "system": "http://snomed.info/sct",
                    "version": "http://snomed.info/sct/900000000000207008/version/20220930"
                }
            ]
        },
        {
            "context": {
                "code": "Specimen",
                "display": "Bioprobe",
                "system": "fdpg.mii.cds",
                "version": "1.0.0"
            },
            "display": "Sputum specimen",
            "id": "9cb2e97f-dc89-285d-275a-bff388e557f9",
            "leaf": true,
            "selectable": true,
            "termCodes": [
                {
                    "code": "119334006",
                    "display": "Sputum specimen",
                    "system": "http://snomed.info/sct",
                    "version": "http://snomed.info/sct/900000000000207008/version/20220930"
                }
            ]
        },
        {
            "context": {
                "code": "Specimen",
                "display": "Bioprobe",
                "system": "fdpg.mii.cds",
                "version": "1.0.0"
            },
            "display": "Stem cell specimen",
            "id": "f34e6710-c986-f677-e16e-750eb5e7d397",
            "leaf": true,
            "selectable": true,
            "termCodes": [
                {
                    "code": "57731000052104",
                    "display": "Stem cell specimen",
                    "system": "http://snomed.info/sct",
                    "version": "http://snomed.info/sct/900000000000207008/version/20220930"
                }
            ]
        },
        {
            "context": {
                "code": "Specimen",
                "display": "Bioprobe",
                "system": "fdpg.mii.cds",
                "version": "1.0.0"
            },
            "display": "Stool specimen",
            "id": "718a6394-761d-2a46-88b4-4db763c08200",
            "leaf": true,
            "selectable": true,
            "termCodes": [
                {
                    "code": "119339001",
                    "display": "Stool specimen",
                    "system": "http://snomed.info/sct",
                    "version": "http://snomed.info/sct/900000000000207008/version/20220930"
                }
            ]
        },
        {
            "context": {
                "code": "Specimen",
                "display": "Bioprobe",
                "system": "fdpg.mii.cds",
                "version": "1.0.0"
            },
            "display": "Synovial fluid specimen",
            "id": "809b2d2a-4e43-88bf-20c9-901899ab1350",
            "leaf": true,
            "selectable": true,
            "termCodes": [
                {
                    "code": "119332005",
                    "display": "Synovial fluid specimen",
                    "system": "http://snomed.info/sct",
                    "version": "http://snomed.info/sct/900000000000207008/version/20220930"
                }
            ]
        },
        {
            "children": [
                {
                    "context": {
                        "code": "Specimen",
                        "display": "Bioprobe",
                        "system": "fdpg.mii.cds",
                        "version": "1.0.0"
                    },
                    "display": "Bone tissue specimen",
                    "id": "f5c009c7-8ba1-220b-f15a-4745d4e67256",
                    "leaf": true,
                    "selectable": true,
                    "termCodes": [
                        {
                            "code": "258417006",
                            "display": "Bone tissue specimen",
                            "system": "http://snomed.info/sct",
                            "version": "http://snomed.info/sct/900000000000207008/version/20220930"
                        }
                    ]
                },
                {
                    "context": {
                        "code": "Specimen",
                        "display": "Bioprobe",
                        "system": "fdpg.mii.cds",
                        "version": "1.0.0"
                    },
                    "display": "Formalin-fixed paraffin-embedded tissue specimen",
                    "id": "e6383e5e-b62d-1633-b952-19fbbb4fa80c",
                    "leaf": true,
                    "selectable": true,
                    "termCodes": [
                        {
                            "code": "441652008",
                            "display": "Formalin-fixed paraffin-embedded tissue specimen",
                            "system": "http://snomed.info/sct",
                            "version": "http://snomed.info/sct/900000000000207008/version/20220930"
                        }
                    ]
                },
                {
                    "context": {
                        "code": "Specimen",
                        "display": "Bioprobe",
                        "system": "fdpg.mii.cds",
                        "version": "1.0.0"
                    },
                    "display": "Fresh tissue specimen",
                    "id": "32c7f4dc-88ee-2299-4cd6-d9d04481549d",
                    "leaf": true,
                    "selectable": true,
                    "termCodes": [
                        {
                            "code": "441479001",
                            "display": "Fresh tissue specimen",
                            "system": "http://snomed.info/sct",
                            "version": "http://snomed.info/sct/900000000000207008/version/20220930"
                        }
                    ]
                },
                {
                    "context": {
                        "code": "Specimen",
                        "display": "Bioprobe",
                        "system": "fdpg.mii.cds",
                        "version": "1.0.0"
                    },
                    "display": "Frozen tissue section specimen",
                    "id": "9132343e-b6dd-dfc4-1e00-37d814de8806",
                    "leaf": true,
                    "selectable": true,
                    "termCodes": [
                        {
                            "code": "16214131000119104",
                            "display": "Frozen tissue section specimen",
                            "system": "http://snomed.info/sct",
                            "version": "http://snomed.info/sct/900000000000207008/version/20220930"
                        }
                    ]
                },
                {
                    "context": {
                        "code": "Specimen",
                        "display": "Bioprobe",
                        "system": "fdpg.mii.cds",
                        "version": "1.0.0"
                    },
                    "display": "Oral tissue specimen",
                    "id": "7f2e1df4-7918-165c-5b88-cb65496c459c",
                    "leaf": true,
                    "selectable": true,
                    "termCodes": [
                        {
                            "code": "309186001",
                            "display": "Oral tissue specimen",
                            "system": "http://snomed.info/sct",
                            "version": "http://snomed.info/sct/900000000000207008/version/20220930"
                        }
                    ]
                },
                {
                    "children": [
                        {
                            "context": {
                                "code": "Specimen",
                                "display": "Bioprobe",
                                "system": "fdpg.mii.cds",
                                "version": "1.0.0"
                            },
                            "display": "Tissue specimen from skin",
                            "id": "9fdc9bdc-ce32-5c53-6ed0-43af1070c87e",
                            "leaf": true,
                            "selectable": true,
                            "termCodes": [
                                {
                                    "code": "119325001",
                                    "display": "Tissue specimen from skin",
                                    "system": "http://snomed.info/sct",
                                    "version": "http://snomed.info/sct/900000000000207008/version/20220930"
                                }
                            ]
                        }
                    ],
                    "context": {
                        "code": "Specimen",
                        "display": "Bioprobe",
                        "system": "fdpg.mii.cds",
                        "version": "1.0.0"
                    },
                    "display": "Soft tissue specimen",
                    "id": "bd95f6c6-8bf4-c599-c917-f90547588783",
                    "leaf": false,
                    "selectable": true,
                    "termCodes": [
                        {
                            "code": "309072003",
                            "display": "Soft tissue specimen",
                            "system": "http://snomed.info/sct",
                            "version": "http://snomed.info/sct/900000000000207008/version/20220930"
                        }
                    ]
                },
                {
                    "context": {
                        "code": "Specimen",
                        "display": "Bioprobe",
                        "system": "fdpg.mii.cds",
                        "version": "1.0.0"
                    },
                    "display": "Tissue specimen from breast",
                    "id": "0719a3ce-5e64-df64-919e-ddd4f068b85e",
                    "leaf": true,
                    "selectable": true,
                    "termCodes": [
                        {
                            "code": "127457009",
                            "display": "Tissue specimen from breast",
                            "system": "http://snomed.info/sct",
                            "version": "http://snomed.info/sct/900000000000207008/version/20220930"
                        }
                    ]
                },
                {
                    "context": {
                        "code": "Specimen",
                        "display": "Bioprobe",
                        "system": "fdpg.mii.cds",
                        "version": "1.0.0"
                    },
                    "display": "Tumor tissue specimen",
                    "id": "dbd2fb92-8584-1b20-03d8-6e65d58c2619",
                    "leaf": true,
                    "selectable": true,
                    "termCodes": [
                        {
                            "code": "258435002",
                            "display": "Tumor tissue specimen",
                            "system": "http://snomed.info/sct",
                            "version": "http://snomed.info/sct/900000000000207008/version/20220930"
                        }
                    ]
                }
            ],
            "context": {
                "code": "Specimen",
                "display": "Bioprobe",
                "system": "fdpg.mii.cds",
                "version": "1.0.0"
            },
            "display": "Tissue specimen",
            "id": "8ae22f88-b6bf-3436-5d7e-a6cf10332db0",
            "leaf": false,
            "selectable": true,
            "termCodes": [
                {
                    "code": "119376003",
                    "display": "Tissue specimen",
                    "system": "http://snomed.info/sct",
                    "version": "http://snomed.info/sct/900000000000207008/version/20220930"
                }
            ]
        },
        {
            "context": {
                "code": "Specimen",
                "display": "Bioprobe",
                "system": "fdpg.mii.cds",
                "version": "1.0.0"
            },
            "display": "Urine sediment specimen",
            "id": "b9b035e4-b64f-5c82-a1cf-38cdeb223d78",
            "leaf": true,
            "selectable": true,
            "termCodes": [
                {
                    "code": "122567009",
                    "display": "Urine sediment specimen",
                    "system": "http://snomed.info/sct",
                    "version": "http://snomed.info/sct/900000000000207008/version/20220930"
                }
            ]
        },
        {
            "children": [
                {
                    "context": {
                        "code": "Specimen",
                        "display": "Bioprobe",
                        "system": "fdpg.mii.cds",
                        "version": "1.0.0"
                    },
                    "display": "24 hour urine specimen",
                    "id": "b43f6fa3-6ac5-85a0-3708-a18fc5104f19",
                    "leaf": true,
                    "selectable": true,
                    "termCodes": [
                        {
                            "code": "276833005",
                            "display": "24 hour urine specimen",
                            "system": "http://snomed.info/sct",
                            "version": "http://snomed.info/sct/900000000000207008/version/20220930"
                        }
                    ]
                },
                {
                    "context": {
                        "code": "Specimen",
                        "display": "Bioprobe",
                        "system": "fdpg.mii.cds",
                        "version": "1.0.0"
                    },
                    "display": "Spot urine specimen",
                    "id": "4f890c32-f63e-0ca0-7d28-5ace8bc1e136",
                    "leaf": true,
                    "selectable": true,
                    "termCodes": [
                        {
                            "code": "278020009",
                            "display": "Spot urine specimen",
                            "system": "http://snomed.info/sct",
                            "version": "http://snomed.info/sct/900000000000207008/version/20220930"
                        }
                    ]
                }
            ],
            "context": {
                "code": "Specimen",
                "display": "Bioprobe",
                "system": "fdpg.mii.cds",
                "version": "1.0.0"
            },
            "display": "Urine specimen",
            "id": "7d9889f9-abbf-5fe9-7007-b3da902de7fe",
            "leaf": false,
            "selectable": true,
            "termCodes": [
                {
                    "code": "122575003",
                    "display": "Urine specimen",
                    "system": "http://snomed.info/sct",
                    "version": "http://snomed.info/sct/900000000000207008/version/20220930"
                }
            ]
        },
        {
            "context": {
                "code": "Specimen",
                "display": "Bioprobe",
                "system": "fdpg.mii.cds",
                "version": "1.0.0"
            },
            "display": "Whole blood",
            "id": "6eb0a5ae-ed08-1ee4-e689-c82e6133050a",
            "leaf": true,
            "selectable": true,
            "termCodes": [
                {
                    "code": "420135007",
                    "display": "Whole blood",
                    "system": "http://snomed.info/sct",
                    "version": "http://snomed.info/sct/900000000000207008/version/20220930"
                }
            ]
        }
    ],
    "context": {
        "code": "Bioprobe",
        "display": "Bioprobe",
        "system": "fdpg.mii.cds"
    },
    "display": "Bioprobe",
    "id": "5eee3655-4e2f-de4d-5f23-8fd749f5e439",
    "leaf": false,
    "selectable": false,
    "termCodes": [
        {
            "code": "Bioprobe",
            "display": "Bioprobe",
            "system": "fdpg.mii.cds"
        }
    ]
}