{
    "children": [
        {
            "context": {
                "code": "Specimen",
                "display": "Bioprobe",
                "system": "fdpg.mii.cds",
                "version": "1.0.0"
            },
            "display": "Amniotic fluid specimen",
            "id": "e5d004a1-42ff-02ad-1df6-5734c4953305",
            "leaf": true,
            "selectable": true,
            "termCodes": [
                {
                    "code": "119373006",
                    "display": "Amniotic fluid specimen",
                    "system": "http://snomed.info/sct",
                    "version": "http://snomed.info/sct/900000000000207008/version/20220930"
                }
            ]
        },
        {
            "context": {
                "code": "Specimen",
                "display": "Bioprobe",
                "system": "fdpg.mii.cds",
                "version": "1.0.0"
            },
            "display": "Ascitic fluid specimen",
            "id": "29a8fa1a-2a1f-779c-32a0-c91e343e080b",
            "leaf": true,
            "selectable": true,
            "termCodes": [
                {
                    "code": "309201001",
                    "display": "Ascitic fluid specimen",
                    "system": "http://snomed.info/sct",
                    "version": "http://snomed.info/sct/900000000000207008/version/20220930"
                }
            ]
        },
        {
            "children": [
                {
                    "context": {
                        "code": "Specimen",
                        "display": "Bioprobe",
                        "system": "fdpg.mii.cds",
                        "version": "1.0.0"
                    },
                    "display": "Blood specimen submitted in heparinized collection tube",
                    "id": "8ddf9ecb-e581-41b3-2a0f-3c8133b0c2d2",
                    "leaf": true,
                    "selectable": true,
                    "termCodes": [
                        {
                            "code": "446272009",
                            "display": "Blood specimen submitted in heparinized collection tube",
                            "system": "http://snomed.info/sct",
                            "version": "http://snomed.info/sct/900000000000207008/version/20220930"
                        }
                    ]
                },
                {
                    "children": [
                        {
                            "children": [
                                {
                                    "context": {
                                        "code": "Specimen",
                                        "display": "Bioprobe",
                                        "system": "fdpg.mii.cds",
                                        "version": "1.0.0"
                                    },
                                    "display": "Whole blood specimen with edetic acid",
                                    "id": "7313f717-adfd-e21b-b6d6-e0eff1ac47af",
                                    "leaf": true,
                                    "selectable": true,
                                    "termCodes": [
                                        {
                                            "code": "57921000052103",
                                            "display": "Whole blood specimen with edetic acid",
                                            "system": "http://snomed.info/sct",
                                            "version": "http://snomed.info/sct/900000000000207008/version/20220930"
                                        }
                                    ]
                                }
                            ],
                            "context": {
                                "code": "Specimen",
                                "display": "Bioprobe",
                                "system": "fdpg.mii.cds",
                                "version": "1.0.0"
                            },
                            "display": "Blood specimen with EDTA",
                            "id": "98228a93-a7f2-939a-8368-78df0f4aa9e3",
                            "leaf": false,
                            "selectable": true,
                            "termCodes": [
                                {
                                    "code": "445295009",
                                    "display": "Blood specimen with EDTA",
                                    "system": "http://snomed.info/sct",
                                    "version": "http://snomed.info/sct/900000000000207008/version/20220930"
                                }
                            ]
                        }
                    ],
                    "context": {
                        "code": "Specimen",
                        "display": "Bioprobe",
                        "system": "fdpg.mii.cds",
                        "version": "1.0.0"
                    },
                    "display": "Blood specimen with anticoagulant",
                    "id": "5b92d578-0955-f6ed-9ddc-33d9c5eed4e1",
                    "leaf": false,
                    "selectable": true,
                    "termCodes": [
                        {
                            "code": "441510007",
                            "display": "Blood specimen with anticoagulant",
                            "system": "http://snomed.info/sct",
                            "version": "http://snomed.info/sct/900000000000207008/version/20220930"
                        }
                    ]
                },
                {
                    "context": {
                        "code": "Specimen",
                        "display": "Bioprobe",
                        "system": "fdpg.mii.cds",
                        "version": "1.0.0"
                    },
                    "display": "Cord blood specimen",
                    "id": "384615bd-86f3-2853-ad6c-6c11e70cc741",
                    "leaf": true,
                    "selectable": true,
                    "termCodes": [
                        {
                            "code": "122556008",
                            "display": "Cord blood specimen",
                            "system": "http://snomed.info/sct",
                            "version": "http://snomed.info/sct/900000000000207008/version/20220930"
                        }
                    ]
                },
                {
                    "context": {
                        "code": "Specimen",
                        "display": "Bioprobe",
                        "system": "fdpg.mii.cds",
                        "version": "1.0.0"
                    },
                    "display": "Peripheral blood specimen",
                    "id": "454f31a9-1fe9-e88c-2157-0610693454cf",
                    "leaf": true,
                    "selectable": true,
                    "termCodes": [
                        {
                            "code": "122551003",
                            "display": "Peripheral blood specimen",
                            "system": "http://snomed.info/sct",
                            "version": "http://snomed.info/sct/900000000000207008/version/20220930"
                        }
                    ]
                },
                {
                    "children": [
                        {
                            "context": {
                                "code": "Specimen",
                                "display": "Bioprobe",
                                "system": "fdpg.mii.cds",
                                "version": "1.0.0"
                            },
                            "display": "Plasma specimen with citrate",
                            "id": "6d6b3e3c-e260-b774-37d2-e637b19bed14",
                            "leaf": true,
                            "selectable": true,
                            "termCodes": [
                                {
                                    "code": "708048008",
                                    "display": "Plasma specimen with citrate",
                                    "system": "http://snomed.info/sct",
                                    "version": "http://snomed.info/sct/900000000000207008/version/20220930"
                                }
                            ]
                        },
                        {
                            "context": {
                                "code": "Specimen",
                                "display": "Bioprobe",
                                "system": "fdpg.mii.cds",
                                "version": "1.0.0"
                            },
                            "display": "Plasma specimen with ethylenediamine tetraacetic acid",
                            "id": "f06e9dc9-6bba-6875-4095-1c4ea631b465",
                            "leaf": true,
                            "selectable": true,
                            "termCodes": [
                                {
                                    "code": "708049000",
                                    "display": "Plasma specimen with ethylenediamine tetraacetic acid",
                                    "system": "http://snomed.info/sct",
                                    "version": "http://snomed.info/sct/900000000000207008/version/20220930"
                                }
                            ]
                        },
                        {
                            "context": {
                                "code": "Specimen",
                                "display": "Bioprobe",
                                "system": "fdpg.mii.cds",
                                "version": "1.0.0"
                            },
                            "display": "Platelet poor plasma specimen",
                            "id": "bdcf3492-9712-db8e-d848-12aa85202049",
                            "leaf": true,
                            "selectable": true,
                            "termCodes": [
                                {
                                    "code": "119362004",
                                    "display": "Platelet poor plasma specimen",
                                    "system": "http://snomed.info/sct",
                                    "version": "http://snomed.info/sct/900000000000207008/version/20220930"
                                }
                            ]
                        }
                    ],
                    "context": {
                        "code": "Specimen",
                        "display": "Bioprobe",
                        "system": "fdpg.mii.cds",
                        "version": "1.0.0"
                    },
                    "display": "Plasma specimen",
                    "id": "4a2a437b-a60e-bcfe-1d2d-814e479efdb5",
                    "leaf": false,
                    "selectable": true,
                    "termCodes": [
                        {
                            "code": "119361006",
                            "display": "Plasma specimen",
                            "system": "http://snomed.info/sct",
                            "version": "http://snomed.info/sct/900000000000207008/version/20220930"
                        }
                    ]
                },
                {
                    "context": {
                        "code": "Specimen",
                        "display": "Bioprobe",
                        "system": "fdpg.mii.cds",
                        "version": "1.0.0"
                    },
                    "display": "Serum specimen",
                    "id": "2a5bf5d0-8695-6d61-af35-6234e3654e83",
                    "leaf": true,
                    "selectable": true,
                    "termCodes": [
                        {
                            "code": "119364003",
                            "display": "Serum specimen",
                            "system": "http://snomed.info/sct",
                            "version": "http://snomed.info/sct/900000000000207008/version/20220930"
                        }
                    ]
                },
                {
                    "children": [
                        {
                            "context": {
                                "code": "Specimen",
                                "display": "Bioprobe",
                                "system": "fdpg.mii.cds",
                                "version": "1.0.0"
                            },
                            "display": "Whole blood specimen with edetic acid",
                            "id": "7313f717-adfd-e21b-b6d6-e0eff1ac47af",
                            "leaf": true,
                            "selectable": true,
                            "termCodes": [
                                {
                                    "code": "57921000052103",
                                    "display": "Whole blood specimen with edetic acid",
                                    "system": "http://snomed.info/sct",
                                    "version": "http://snomed.info/sct/900000000000207008/version/20220930"
                                }
                            ]
                        }
                    ],
                    "context": {
                        "code": "Specimen",
                        "display": "Bioprobe",
                        "system": "fdpg.mii.cds",
                        "version": "1.0.0"
                    },
                    "display": "Whole blood specimen",
                    "id": "f6f0ac83-7cf3-67b1-b646-0cad2d1f4229",
                    "leaf": false,
                    "selectable": true,
                    "termCodes": [
                        {
                            "code": "258580003",
                            "display": "Whole blood specimen",
                            "system": "http://snomed.info/sct",
                            "version": "http://snomed.info/sct/900000000000207008/version/20220930"
                        }
                    ]
                }
            ],
            "context": {
                "code": "Specimen",
                "display": "Bioprobe",
                "system": "fdpg.mii.cds",
                "version": "1.0.0"
            },
            "display": "Blood specimen",
            "id": "f323411e-c3c9-94f4-9210-0c0e86bbe3e6",
            "leaf": false,
            "selectable": true,
            "termCodes": [
                {
                    "code": "119297000",
                    "display": "Blood specimen",
                    "system": "http://snomed.info/sct",
                    "version": "http://snomed.info/sct/900000000000207008/version/20220930"
                }
            ]
        },
        {
            "children": [
                {
                    "context": {
                        "code": "Specimen",
                        "display": "Bioprobe",
                        "system": "fdpg.mii.cds",
                        "version": "1.0.0"
                    },
                    "display": "Specimen from bone marrow obtained by aspiration",
                    "id": "aa5f94b4-7b64-1279-d880-c12f925adf09",
                    "leaf": true,
                    "selectable": true,
                    "termCodes": [
                        {
                            "code": "396997002",
                            "display": "Specimen from bone marrow obtained by aspiration",
                            "system": "http://snomed.info/sct",
                            "version": "http://snomed.info/sct/900000000000207008/version/20220930"
                        }
                    ]
                }
            ],
            "context": {
                "code": "Specimen",
                "display": "Bioprobe",
                "system": "fdpg.mii.cds",
                "version": "1.0.0"
            },
            "display": "Bone marrow specimen",
            "id": "358d789a-588e-b3bc-1125-4ab63c26a649",
            "leaf": false,
            "selectable": true,
            "termCodes": [
                {
                    "code": "119359002",
                    "display": "Bone marrow specimen",
                    "system": "http://snomed.info/sct",
                    "version": "http://snomed.info/sct/900000000000207008/version/20220930"
                }
            ]
        },
        {
            "context": {
                "code": "Specimen",
                "display": "Bioprobe",
                "system": "fdpg.mii.cds",
                "version": "1.0.0"
            },
            "display": "Bronchoalveolar lavage fluid specimen",
            "id": "a37e0590-719f-4b3c-9f52-efb9347deb59",
            "leaf": true,
            "selectable": true,
            "termCodes": [
                {
                    "code": "258607008",
                    "display": "Bronchoalveolar lavage fluid specimen",
                    "system": "http://snomed.info/sct",
                    "version": "http://snomed.info/sct/900000000000207008/version/20220930"
                }
            ]
        },
        {
            "context": {
                "code": "Specimen",
                "display": "Bioprobe",
                "system": "fdpg.mii.cds",
                "version": "1.0.0"
            },
            "display": "Buffy coat",
            "id": "72ddad92-8dbc-9df9-d722-37b76194b26e",
            "leaf": true,
            "selectable": true,
            "termCodes": [
                {
                    "code": "258587000",
                    "display": "Buffy coat",
                    "system": "http://snomed.info/sct",
                    "version": "http://snomed.info/sct/900000000000207008/version/20220930"
                }
            ]
        },
        {
            "context": {
                "code": "Specimen",
                "display": "Bioprobe",
                "system": "fdpg.mii.cds",
                "version": "1.0.0"
            },
            "display": "Calculus specimen",
            "id": "cb4d8ffd-25e5-3824-25f9-44bb08e9c522",
            "leaf": true,
            "selectable": true,
            "termCodes": [
                {
                    "code": "119350003",
                    "display": "Calculus specimen",
                    "system": "http://snomed.info/sct",
                    "version": "http://snomed.info/sct/900000000000207008/version/20220930"
                }
            ]
        },
        {
            "context": {
                "code": "Specimen",
                "display": "Bioprobe",
                "system": "fdpg.mii.cds",
                "version": "1.0.0"
            },
            "display": "Cell free DNA",
            "id": "3d36db97-3cc8-8ebf-fe43-00ccf939f205",
            "leaf": true,
            "selectable": true,
            "termCodes": [
                {
                    "code": "726740008",
                    "display": "Cell free DNA",
                    "system": "http://snomed.info/sct",
                    "version": "http://snomed.info/sct/900000000000207008/version/20220930"
                }
            ]
        },
        {
            "context": {
                "code": "Specimen",
                "display": "Bioprobe",
                "system": "fdpg.mii.cds",
                "version": "1.0.0"
            },
            "display": "Cellular component of blood",
            "id": "31b00cdb-c114-3e47-2bd7-99eb6be49dde",
            "leaf": true,
            "selectable": true,
            "termCodes": [
                {
                    "code": "419333002",
                    "display": "Cellular component of blood",
                    "system": "http://snomed.info/sct",
                    "version": "http://snomed.info/sct/900000000000207008/version/20220930"
                }
            ]
        },
        {
            "context": {
                "code": "Specimen",
                "display": "Bioprobe",
                "system": "fdpg.mii.cds",
                "version": "1.0.0"
            },
            "display": "Deoxyribonucleic acid specimen",
            "id": "6ec739fb-92e3-2cc7-9713-6ee34628a43d",
            "leaf": true,
            "selectable": true,
            "termCodes": [
                {
                    "code": "258566005",
                    "display": "Deoxyribonucleic acid specimen",
                    "system": "http://snomed.info/sct",
                    "version": "http://snomed.info/sct/900000000000207008/version/20220930"
                }
            ]
        },
        {
            "context": {
                "code": "Specimen",
                "display": "Bioprobe",
                "system": "fdpg.mii.cds",
                "version": "1.0.0"
            },
            "display": "Erythrocyte specimen",
            "id": "8529e872-e467-a0a9-31dd-22d2fa380b9f",
            "leaf": true,
            "selectable": true,
            "termCodes": [
                {
                    "code": "119351004",
                    "display": "Erythrocyte specimen",
                    "system": "http://snomed.info/sct",
                    "version": "http://snomed.info/sct/900000000000207008/version/20220930"
                }
            ]
        },
        {
            "context": {
                "code": "Specimen",
                "display": "Bioprobe",
                "system": "fdpg.mii.cds",
                "version": "1.0.0"
            },
            "display": "Hair specimen",
            "id": "097417c9-b16e-3680-e5b7-3823a375e73c",
            "leaf": true,
            "selectable": true,
            "termCodes": [
                {
                    "code": "119326000",
                    "display": "Hair specimen",
                    "system": "http://snomed.info/sct",
                    "version": "http://snomed.info/sct/900000000000207008/version/20220930"
                }
            ]
        },
        {
            "context": {
                "code": "Specimen",
                "display": "Bioprobe",
                "system": "fdpg.mii.cds",
                "version": "1.0.0"
            },
            "display": "Nasal smear specimen",
            "id": "1dd4b2f2-04d2-b967-03de-b46ccdfa2469",
            "leaf": true,
            "selectable": true,
            "termCodes": [
                {
                    "code": "447339001",
                    "display": "Nasal smear specimen",
                    "system": "http://snomed.info/sct",
                    "version": "http://snomed.info/sct/900000000000207008/version/20220930"
                }
            ]
        },
        {
            "context": {
                "code": "Specimen",
                "display": "Bioprobe",
                "system": "fdpg.mii.cds",
                "version": "1.0.0"
            },
            "display": "Peripheral blood mononuclear cell",
            "id": "7419c5bf-3db6-f33d-f4f4-a30ba096afa4",
            "leaf": true,
            "selectable": true,
            "termCodes": [
                {
                    "code": "404798000",
                    "display": "Peripheral blood mononuclear cell",
                    "system": "http://snomed.info/sct",
                    "version": "http://snomed.info/sct/900000000000207008/version/20220930"
                }
            ]
        },
        {
            "context": {
                "code": "Specimen",
                "display": "Bioprobe",
                "system": "fdpg.mii.cds",
                "version": "1.0.0"
            },
            "display": "Pharyngeal washings",
            "id": "503fafdb-fd67-07d4-fbda-1d228c242af8",
            "leaf": true,
            "selectable": true,
            "termCodes": [
                {
                    "code": "258469001",
                    "display": "Pharyngeal washings",
                    "system": "http://snomed.info/sct",
                    "version": "http://snomed.info/sct/900000000000207008/version/20220930"
                }
            ]
        },
        {
            "context": {
                "code": "Specimen",
                "display": "Bioprobe",
                "system": "fdpg.mii.cds",
                "version": "1.0.0"
            },
            "display": "Ribonucleic acid specimen",
            "id": "59116a50-14a5-1046-f1ba-f1ff4ed1710f",
            "leaf": true,
            "selectable": true,
            "termCodes": [
                {
                    "code": "441673008",
                    "display": "Ribonucleic acid specimen",
                    "system": "http://snomed.info/sct",
                    "version": "http://snomed.info/sct/900000000000207008/version/20220930"
                }
            ]
        },
        {
            "context": {
                "code": "Specimen",
                "display": "Bioprobe",
                "system": "fdpg.mii.cds",
                "version": "1.0.0"
            },
            "display": "Saliva specimen",
            "id": "8c2597b9-b5f3-28b3-9b23-9693d5721ba1",
            "leaf": true,
            "selectable": true,
            "termCodes": [
                {
                    "code": "119342007",
                    "display": "Saliva specimen",
                    "system": "http://snomed.info/sct",
                    "version": "http://snomed.info/sct/900000000000207008/version/20220930"
                }
            ]
        },
        {
            "context": {
                "code": "Specimen",
                "display": "Bioprobe",
                "system": "fdpg.mii.cds",
                "version": "1.0.0"
            },
            "display": "Skin fibroblast specimen",
            "id": "2e36354d-aa94-38f0-ae63-abfab18af809",
            "leaf": true,
            "selectable": true,
            "termCodes": [
                {
                    "code": "258569003",
                    "display": "Skin fibroblast specimen",
                    "system": "http://snomed.info/sct",
                    "version": "http://snomed.info/sct/900000000000207008/version/20220930"
                }
            ]
        },
        {
            "children": [
                {
                    "context": {
                        "code": "Specimen",
                        "display": "Bioprobe",
                        "system": "fdpg.mii.cds",
                        "version": "1.0.0"
                    },
                    "display": "Expressed breast milk specimen",
                    "id": "2a4b5116-8471-d0eb-98dc-b7864490eba7",
                    "leaf": true,
                    "selectable": true,
                    "termCodes": [
                        {
                            "code": "446676001",
                            "display": "Expressed breast milk specimen",
                            "system": "http://snomed.info/sct",
                            "version": "http://snomed.info/sct/900000000000207008/version/20220930"
                        }
                    ]
                },
                {
                    "context": {
                        "code": "Specimen",
                        "display": "Bioprobe",
                        "system": "fdpg.mii.cds",
                        "version": "1.0.0"
                    },
                    "display": "Tissue specimen from breast",
                    "id": "b3a52dc4-db08-3336-285b-785264d970e0",
                    "leaf": true,
                    "selectable": true,
                    "termCodes": [
                        {
                            "code": "127457009",
                            "display": "Tissue specimen from breast",
                            "system": "http://snomed.info/sct",
                            "version": "http://snomed.info/sct/900000000000207008/version/20220930"
                        }
                    ]
                }
            ],
            "context": {
                "code": "Specimen",
                "display": "Bioprobe",
                "system": "fdpg.mii.cds",
                "version": "1.0.0"
            },
            "display": "Specimen from breast",
            "id": "37579858-9351-b00f-99eb-b978b666a382",
            "leaf": false,
            "selectable": true,
            "termCodes": [
                {
                    "code": "127456000",
                    "display": "Specimen from breast",
                    "system": "http://snomed.info/sct",
                    "version": "http://snomed.info/sct/900000000000207008/version/20220930"
                }
            ]
        },
        {
            "children": [
                {
                    "context": {
                        "code": "Specimen",
                        "display": "Bioprobe",
                        "system": "fdpg.mii.cds",
                        "version": "1.0.0"
                    },
                    "display": "Cerebrospinal fluid specimen",
                    "id": "2fc9edc7-d616-f921-d5a2-68d8b52ca0f9",
                    "leaf": true,
                    "selectable": true,
                    "termCodes": [
                        {
                            "code": "258450006",
                            "display": "Cerebrospinal fluid specimen",
                            "system": "http://snomed.info/sct",
                            "version": "http://snomed.info/sct/900000000000207008/version/20220930"
                        }
                    ]
                },
                {
                    "context": {
                        "code": "Specimen",
                        "display": "Bioprobe",
                        "system": "fdpg.mii.cds",
                        "version": "1.0.0"
                    },
                    "display": "Specimen from brain",
                    "id": "078c7d3b-1ddb-7fff-985e-fe6133d14a5f",
                    "leaf": true,
                    "selectable": true,
                    "termCodes": [
                        {
                            "code": "119398007",
                            "display": "Specimen from brain",
                            "system": "http://snomed.info/sct",
                            "version": "http://snomed.info/sct/900000000000207008/version/20220930"
                        }
                    ]
                }
            ],
            "context": {
                "code": "Specimen",
                "display": "Bioprobe",
                "system": "fdpg.mii.cds",
                "version": "1.0.0"
            },
            "display": "Specimen from nervous system",
            "id": "c27de85d-2142-1910-8ff3-1b8997bb7390",
            "leaf": false,
            "selectable": true,
            "termCodes": [
                {
                    "code": "608852006",
                    "display": "Specimen from nervous system",
                    "system": "http://snomed.info/sct",
                    "version": "http://snomed.info/sct/900000000000207008/version/20220930"
                }
            ]
        },
        {
            "context": {
                "code": "Specimen",
                "display": "Bioprobe",
                "system": "fdpg.mii.cds",
                "version": "1.0.0"
            },
            "display": "Specimen from prostate",
            "id": "6768a333-d2af-327b-4ae2-076894686081",
            "leaf": true,
            "selectable": true,
            "termCodes": [
                {
                    "code": "119386002",
                    "display": "Specimen from prostate",
                    "system": "http://snomed.info/sct",
                    "version": "http://snomed.info/sct/900000000000207008/version/20220930"
                }
            ]
        },
        {
            "context": {
                "code": "Specimen",
                "display": "Bioprobe",
                "system": "fdpg.mii.cds",
                "version": "1.0.0"
            },
            "display": "Sputum specimen",
            "id": "cb920a82-038a-f46b-cf46-805b55c47010",
            "leaf": true,
            "selectable": true,
            "termCodes": [
                {
                    "code": "119334006",
                    "display": "Sputum specimen",
                    "system": "http://snomed.info/sct",
                    "version": "http://snomed.info/sct/900000000000207008/version/20220930"
                }
            ]
        },
        {
            "context": {
                "code": "Specimen",
                "display": "Bioprobe",
                "system": "fdpg.mii.cds",
                "version": "1.0.0"
            },
            "display": "Stem cell specimen",
            "id": "8dfb933d-73c1-955a-51f8-dc4b64510aa3",
            "leaf": true,
            "selectable": true,
            "termCodes": [
                {
                    "code": "57731000052104",
                    "display": "Stem cell specimen",
                    "system": "http://snomed.info/sct",
                    "version": "http://snomed.info/sct/900000000000207008/version/20220930"
                }
            ]
        },
        {
            "context": {
                "code": "Specimen",
                "display": "Bioprobe",
                "system": "fdpg.mii.cds",
                "version": "1.0.0"
            },
            "display": "Stool specimen",
            "id": "bf1ea22e-8047-3888-082c-1a32dbefb02f",
            "leaf": true,
            "selectable": true,
            "termCodes": [
                {
                    "code": "119339001",
                    "display": "Stool specimen",
                    "system": "http://snomed.info/sct",
                    "version": "http://snomed.info/sct/900000000000207008/version/20220930"
                }
            ]
        },
        {
            "context": {
                "code": "Specimen",
                "display": "Bioprobe",
                "system": "fdpg.mii.cds",
                "version": "1.0.0"
            },
            "display": "Synovial fluid specimen",
            "id": "7f25cf5a-1c54-916b-dc17-7d014eb9c540",
            "leaf": true,
            "selectable": true,
            "termCodes": [
                {
                    "code": "119332005",
                    "display": "Synovial fluid specimen",
                    "system": "http://snomed.info/sct",
                    "version": "http://snomed.info/sct/900000000000207008/version/20220930"
                }
            ]
        },
        {
            "children": [
                {
                    "context": {
                        "code": "Specimen",
                        "display": "Bioprobe",
                        "system": "fdpg.mii.cds",
                        "version": "1.0.0"
                    },
                    "display": "Bone tissue specimen",
                    "id": "c6822193-40b8-796e-9a5d-715ad891d73b",
                    "leaf": true,
                    "selectable": true,
                    "termCodes": [
                        {
                            "code": "258417006",
                            "display": "Bone tissue specimen",
                            "system": "http://snomed.info/sct",
                            "version": "http://snomed.info/sct/900000000000207008/version/20220930"
                        }
                    ]
                },
                {
                    "context": {
                        "code": "Specimen",
                        "display": "Bioprobe",
                        "system": "fdpg.mii.cds",
                        "version": "1.0.0"
                    },
                    "display": "Formalin-fixed paraffin-embedded tissue specimen",
                    "id": "bddfee73-4848-8d81-16ad-1298cc8b9635",
                    "leaf": true,
                    "selectable": true,
                    "termCodes": [
                        {
                            "code": "441652008",
                            "display": "Formalin-fixed paraffin-embedded tissue specimen",
                            "system": "http://snomed.info/sct",
                            "version": "http://snomed.info/sct/900000000000207008/version/20220930"
                        }
                    ]
                },
                {
                    "context": {
                        "code": "Specimen",
                        "display": "Bioprobe",
                        "system": "fdpg.mii.cds",
                        "version": "1.0.0"
                    },
                    "display": "Fresh tissue specimen",
                    "id": "bd2b784c-abf0-9b4e-2685-f17defd1cfae",
                    "leaf": true,
                    "selectable": true,
                    "termCodes": [
                        {
                            "code": "441479001",
                            "display": "Fresh tissue specimen",
                            "system": "http://snomed.info/sct",
                            "version": "http://snomed.info/sct/900000000000207008/version/20220930"
                        }
                    ]
                },
                {
                    "context": {
                        "code": "Specimen",
                        "display": "Bioprobe",
                        "system": "fdpg.mii.cds",
                        "version": "1.0.0"
                    },
                    "display": "Frozen tissue section specimen",
                    "id": "fcaf67d6-6876-a9dd-2343-9142fed8f31f",
                    "leaf": true,
                    "selectable": true,
                    "termCodes": [
                        {
                            "code": "16214131000119104",
                            "display": "Frozen tissue section specimen",
                            "system": "http://snomed.info/sct",
                            "version": "http://snomed.info/sct/900000000000207008/version/20220930"
                        }
                    ]
                },
                {
                    "context": {
                        "code": "Specimen",
                        "display": "Bioprobe",
                        "system": "fdpg.mii.cds",
                        "version": "1.0.0"
                    },
                    "display": "Oral tissue specimen",
                    "id": "c8584f11-aac1-b40d-9a3d-fc6d4e781225",
                    "leaf": true,
                    "selectable": true,
                    "termCodes": [
                        {
                            "code": "309186001",
                            "display": "Oral tissue specimen",
                            "system": "http://snomed.info/sct",
                            "version": "http://snomed.info/sct/900000000000207008/version/20220930"
                        }
                    ]
                },
                {
                    "children": [
                        {
                            "context": {
                                "code": "Specimen",
                                "display": "Bioprobe",
                                "system": "fdpg.mii.cds",
                                "version": "1.0.0"
                            },
                            "display": "Tissue specimen from skin",
                            "id": "983eb2ac-b26c-baec-a099-d1ed1b2ecad1",
                            "leaf": true,
                            "selectable": true,
                            "termCodes": [
                                {
                                    "code": "119325001",
                                    "display": "Tissue specimen from skin",
                                    "system": "http://snomed.info/sct",
                                    "version": "http://snomed.info/sct/900000000000207008/version/20220930"
                                }
                            ]
                        }
                    ],
                    "context": {
                        "code": "Specimen",
                        "display": "Bioprobe",
                        "system": "fdpg.mii.cds",
                        "version": "1.0.0"
                    },
                    "display": "Soft tissue specimen",
                    "id": "90309971-64f7-9586-8951-0b676f004236",
                    "leaf": false,
                    "selectable": true,
                    "termCodes": [
                        {
                            "code": "309072003",
                            "display": "Soft tissue specimen",
                            "system": "http://snomed.info/sct",
                            "version": "http://snomed.info/sct/900000000000207008/version/20220930"
                        }
                    ]
                },
                {
                    "context": {
                        "code": "Specimen",
                        "display": "Bioprobe",
                        "system": "fdpg.mii.cds",
                        "version": "1.0.0"
                    },
                    "display": "Tissue specimen from breast",
                    "id": "b3a52dc4-db08-3336-285b-785264d970e0",
                    "leaf": true,
                    "selectable": true,
                    "termCodes": [
                        {
                            "code": "127457009",
                            "display": "Tissue specimen from breast",
                            "system": "http://snomed.info/sct",
                            "version": "http://snomed.info/sct/900000000000207008/version/20220930"
                        }
                    ]
                },
                {
                    "context": {
                        "code": "Specimen",
                        "display": "Bioprobe",
                        "system": "fdpg.mii.cds",
                        "version": "1.0.0"
                    },
                    "display": "Tumor tissue specimen",
                    "id": "fca48a63-a7a8-c056-6883-09a45d852c5e",
                    "leaf": true,
                    "selectable": true,
                    "termCodes": [
                        {
                            "code": "258435002",
                            "display": "Tumor tissue specimen",
                            "system": "http://snomed.info/sct",
                            "version": "http://snomed.info/sct/900000000000207008/version/20220930"
                        }
                    ]
                }
            ],
            "context": {
                "code": "Specimen",
                "display": "Bioprobe",
                "system": "fdpg.mii.cds",
                "version": "1.0.0"
            },
            "display": "Tissue specimen",
            "id": "8f6533cf-3da1-940c-ebfc-e8985152cc85",
            "leaf": false,
            "selectable": true,
            "termCodes": [
                {
                    "code": "119376003",
                    "display": "Tissue specimen",
                    "system": "http://snomed.info/sct",
                    "version": "http://snomed.info/sct/900000000000207008/version/20220930"
                }
            ]
        },
        {
            "context": {
                "code": "Specimen",
                "display": "Bioprobe",
                "system": "fdpg.mii.cds",
                "version": "1.0.0"
            },
            "display": "Urine sediment specimen",
            "id": "4a02fff9-3820-c5b4-78c7-b41952476b16",
            "leaf": true,
            "selectable": true,
            "termCodes": [
                {
                    "code": "122567009",
                    "display": "Urine sediment specimen",
                    "system": "http://snomed.info/sct",
                    "version": "http://snomed.info/sct/900000000000207008/version/20220930"
                }
            ]
        },
        {
            "children": [
                {
                    "context": {
                        "code": "Specimen",
                        "display": "Bioprobe",
                        "system": "fdpg.mii.cds",
                        "version": "1.0.0"
                    },
                    "display": "24 hour urine specimen",
                    "id": "d059e634-6d91-1380-e8c3-9b636464ad05",
                    "leaf": true,
                    "selectable": true,
                    "termCodes": [
                        {
                            "code": "276833005",
                            "display": "24 hour urine specimen",
                            "system": "http://snomed.info/sct",
                            "version": "http://snomed.info/sct/900000000000207008/version/20220930"
                        }
                    ]
                },
                {
                    "context": {
                        "code": "Specimen",
                        "display": "Bioprobe",
                        "system": "fdpg.mii.cds",
                        "version": "1.0.0"
                    },
                    "display": "Spot urine specimen",
                    "id": "6dd2a100-8b5a-a7d2-5af6-d046e05ef0c2",
                    "leaf": true,
                    "selectable": true,
                    "termCodes": [
                        {
                            "code": "278020009",
                            "display": "Spot urine specimen",
                            "system": "http://snomed.info/sct",
                            "version": "http://snomed.info/sct/900000000000207008/version/20220930"
                        }
                    ]
                }
            ],
            "context": {
                "code": "Specimen",
                "display": "Bioprobe",
                "system": "fdpg.mii.cds",
                "version": "1.0.0"
            },
            "display": "Urine specimen",
            "id": "23d03b16-7674-ee64-fafe-760d294538a3",
            "leaf": false,
            "selectable": true,
            "termCodes": [
                {
                    "code": "122575003",
                    "display": "Urine specimen",
                    "system": "http://snomed.info/sct",
                    "version": "http://snomed.info/sct/900000000000207008/version/20220930"
                }
            ]
        },
        {
            "context": {
                "code": "Specimen",
                "display": "Bioprobe",
                "system": "fdpg.mii.cds",
                "version": "1.0.0"
            },
            "display": "Whole blood",
            "id": "de5a9aa2-f871-5834-a858-82d716cfe4ee",
            "leaf": true,
            "selectable": true,
            "termCodes": [
                {
                    "code": "420135007",
                    "display": "Whole blood",
                    "system": "http://snomed.info/sct",
                    "version": "http://snomed.info/sct/900000000000207008/version/20220930"
                }
            ]
        }
    ],
    "context": {
        "code": "Bioprobe",
        "display": "Bioprobe",
        "system": "fdpg.mii.cds"
    },
    "display": "Bioprobe",
    "id": "bbf0cff6-417b-8fe9-e5a9-c66d90a97bdf",
    "leaf": false,
    "selectable": false,
    "termCodes": [
        {
            "code": "Bioprobe",
            "display": "Bioprobe",
            "system": "fdpg.mii.cds"
        }
    ]
}