{
    "children": [
        {
            "context": {
                "code": "Specimen",
                "display": "Bioprobe",
                "system": "fdpg.mii.cds",
                "version": "1.0.0"
            },
            "display": "Amniotic fluid specimen",
            "id": "c5eaaf00-8a47-9c2c-0396-97de7a0736b6",
            "leaf": true,
            "selectable": true,
            "termCodes": [
                {
                    "code": "119373006",
                    "display": "Amniotic fluid specimen",
                    "system": "http://snomed.info/sct",
                    "version": "http://snomed.info/sct/900000000000207008/version/20220930"
                }
            ]
        },
        {
            "context": {
                "code": "Specimen",
                "display": "Bioprobe",
                "system": "fdpg.mii.cds",
                "version": "1.0.0"
            },
            "display": "Ascitic fluid specimen",
            "id": "8d2f9caf-da7b-7b07-695b-1c1e41a15d0b",
            "leaf": true,
            "selectable": true,
            "termCodes": [
                {
                    "code": "309201001",
                    "display": "Ascitic fluid specimen",
                    "system": "http://snomed.info/sct",
                    "version": "http://snomed.info/sct/900000000000207008/version/20220930"
                }
            ]
        },
        {
            "children": [
                {
                    "context": {
                        "code": "Specimen",
                        "display": "Bioprobe",
                        "system": "fdpg.mii.cds",
                        "version": "1.0.0"
                    },
                    "display": "Blood specimen submitted in heparinized collection tube",
                    "id": "9b784522-c610-8144-07be-7ef3c9ebdf1b",
                    "leaf": true,
                    "selectable": true,
                    "termCodes": [
                        {
                            "code": "446272009",
                            "display": "Blood specimen submitted in heparinized collection tube",
                            "system": "http://snomed.info/sct",
                            "version": "http://snomed.info/sct/900000000000207008/version/20220930"
                        }
                    ]
                },
                {
                    "children": [
                        {
                            "children": [
                                {
                                    "context": {
                                        "code": "Specimen",
                                        "display": "Bioprobe",
                                        "system": "fdpg.mii.cds",
                                        "version": "1.0.0"
                                    },
                                    "display": "Whole blood specimen with edetic acid",
                                    "id": "8fc7aeb9-c87d-55be-bae8-e834238629cf",
                                    "leaf": true,
                                    "selectable": true,
                                    "termCodes": [
                                        {
                                            "code": "57921000052103",
                                            "display": "Whole blood specimen with edetic acid",
                                            "system": "http://snomed.info/sct",
                                            "version": "http://snomed.info/sct/900000000000207008/version/20220930"
                                        }
                                    ]
                                }
                            ],
                            "context": {
                                "code": "Specimen",
                                "display": "Bioprobe",
                                "system": "fdpg.mii.cds",
                                "version": "1.0.0"
                            },
                            "display": "Blood specimen with EDTA",
                            "id": "4c6b878c-d924-91eb-115c-aeba353a9389",
                            "leaf": false,
                            "selectable": true,
                            "termCodes": [
                                {
                                    "code": "445295009",
                                    "display": "Blood specimen with EDTA",
                                    "system": "http://snomed.info/sct",
                                    "version": "http://snomed.info/sct/900000000000207008/version/20220930"
                                }
                            ]
                        }
                    ],
                    "context": {
                        "code": "Specimen",
                        "display": "Bioprobe",
                        "system": "fdpg.mii.cds",
                        "version": "1.0.0"
                    },
                    "display": "Blood specimen with anticoagulant",
                    "id": "b9fe870c-483d-6420-7b20-0ffdbde4fbd5",
                    "leaf": false,
                    "selectable": true,
                    "termCodes": [
                        {
                            "code": "441510007",
                            "display": "Blood specimen with anticoagulant",
                            "system": "http://snomed.info/sct",
                            "version": "http://snomed.info/sct/900000000000207008/version/20220930"
                        }
                    ]
                },
                {
                    "context": {
                        "code": "Specimen",
                        "display": "Bioprobe",
                        "system": "fdpg.mii.cds",
                        "version": "1.0.0"
                    },
                    "display": "Cord blood specimen",
                    "id": "8c6b1c2a-522c-0601-a5b8-f05923fc620c",
                    "leaf": true,
                    "selectable": true,
                    "termCodes": [
                        {
                            "code": "122556008",
                            "display": "Cord blood specimen",
                            "system": "http://snomed.info/sct",
                            "version": "http://snomed.info/sct/900000000000207008/version/20220930"
                        }
                    ]
                },
                {
                    "context": {
                        "code": "Specimen",
                        "display": "Bioprobe",
                        "system": "fdpg.mii.cds",
                        "version": "1.0.0"
                    },
                    "display": "Peripheral blood specimen",
                    "id": "145f3ece-ec70-63f6-ebca-1c25bc46c54e",
                    "leaf": true,
                    "selectable": true,
                    "termCodes": [
                        {
                            "code": "122551003",
                            "display": "Peripheral blood specimen",
                            "system": "http://snomed.info/sct",
                            "version": "http://snomed.info/sct/900000000000207008/version/20220930"
                        }
                    ]
                },
                {
                    "children": [
                        {
                            "context": {
                                "code": "Specimen",
                                "display": "Bioprobe",
                                "system": "fdpg.mii.cds",
                                "version": "1.0.0"
                            },
                            "display": "Plasma specimen with citrate",
                            "id": "6a2ecc9f-f5a0-b37c-7ca0-f9af2fa22043",
                            "leaf": true,
                            "selectable": true,
                            "termCodes": [
                                {
                                    "code": "708048008",
                                    "display": "Plasma specimen with citrate",
                                    "system": "http://snomed.info/sct",
                                    "version": "http://snomed.info/sct/900000000000207008/version/20220930"
                                }
                            ]
                        },
                        {
                            "context": {
                                "code": "Specimen",
                                "display": "Bioprobe",
                                "system": "fdpg.mii.cds",
                                "version": "1.0.0"
                            },
                            "display": "Plasma specimen with ethylenediamine tetraacetic acid",
                            "id": "2e0ccc70-99b5-daec-822a-66b6e97967ec",
                            "leaf": true,
                            "selectable": true,
                            "termCodes": [
                                {
                                    "code": "708049000",
                                    "display": "Plasma specimen with ethylenediamine tetraacetic acid",
                                    "system": "http://snomed.info/sct",
                                    "version": "http://snomed.info/sct/900000000000207008/version/20220930"
                                }
                            ]
                        },
                        {
                            "context": {
                                "code": "Specimen",
                                "display": "Bioprobe",
                                "system": "fdpg.mii.cds",
                                "version": "1.0.0"
                            },
                            "display": "Platelet poor plasma specimen",
                            "id": "8baf7a2d-8fbd-69a1-d15f-3d338a652072",
                            "leaf": true,
                            "selectable": true,
                            "termCodes": [
                                {
                                    "code": "119362004",
                                    "display": "Platelet poor plasma specimen",
                                    "system": "http://snomed.info/sct",
                                    "version": "http://snomed.info/sct/900000000000207008/version/20220930"
                                }
                            ]
                        }
                    ],
                    "context": {
                        "code": "Specimen",
                        "display": "Bioprobe",
                        "system": "fdpg.mii.cds",
                        "version": "1.0.0"
                    },
                    "display": "Plasma specimen",
                    "id": "82e418e4-bf61-9f82-fe43-6500edb24f10",
                    "leaf": false,
                    "selectable": true,
                    "termCodes": [
                        {
                            "code": "119361006",
                            "display": "Plasma specimen",
                            "system": "http://snomed.info/sct",
                            "version": "http://snomed.info/sct/900000000000207008/version/20220930"
                        }
                    ]
                },
                {
                    "context": {
                        "code": "Specimen",
                        "display": "Bioprobe",
                        "system": "fdpg.mii.cds",
                        "version": "1.0.0"
                    },
                    "display": "Serum specimen",
                    "id": "c2fd9551-078b-cbf4-6b74-0e87b3e4535d",
                    "leaf": true,
                    "selectable": true,
                    "termCodes": [
                        {
                            "code": "119364003",
                            "display": "Serum specimen",
                            "system": "http://snomed.info/sct",
                            "version": "http://snomed.info/sct/900000000000207008/version/20220930"
                        }
                    ]
                },
                {
                    "children": [
                        {
                            "context": {
                                "code": "Specimen",
                                "display": "Bioprobe",
                                "system": "fdpg.mii.cds",
                                "version": "1.0.0"
                            },
                            "display": "Whole blood specimen with edetic acid",
                            "id": "8fc7aeb9-c87d-55be-bae8-e834238629cf",
                            "leaf": true,
                            "selectable": true,
                            "termCodes": [
                                {
                                    "code": "57921000052103",
                                    "display": "Whole blood specimen with edetic acid",
                                    "system": "http://snomed.info/sct",
                                    "version": "http://snomed.info/sct/900000000000207008/version/20220930"
                                }
                            ]
                        }
                    ],
                    "context": {
                        "code": "Specimen",
                        "display": "Bioprobe",
                        "system": "fdpg.mii.cds",
                        "version": "1.0.0"
                    },
                    "display": "Whole blood specimen",
                    "id": "fa08aab7-f3bf-5e54-c9a5-0142f654a13f",
                    "leaf": false,
                    "selectable": true,
                    "termCodes": [
                        {
                            "code": "258580003",
                            "display": "Whole blood specimen",
                            "system": "http://snomed.info/sct",
                            "version": "http://snomed.info/sct/900000000000207008/version/20220930"
                        }
                    ]
                }
            ],
            "context": {
                "code": "Specimen",
                "display": "Bioprobe",
                "system": "fdpg.mii.cds",
                "version": "1.0.0"
            },
            "display": "Blood specimen",
            "id": "dbcbd4c6-9f21-9c0b-772b-930719b9279d",
            "leaf": false,
            "selectable": true,
            "termCodes": [
                {
                    "code": "119297000",
                    "display": "Blood specimen",
                    "system": "http://snomed.info/sct",
                    "version": "http://snomed.info/sct/900000000000207008/version/20220930"
                }
            ]
        },
        {
            "children": [
                {
                    "context": {
                        "code": "Specimen",
                        "display": "Bioprobe",
                        "system": "fdpg.mii.cds",
                        "version": "1.0.0"
                    },
                    "display": "Specimen from bone marrow obtained by aspiration",
                    "id": "599d4af1-aada-e372-8591-1d9789326cf2",
                    "leaf": true,
                    "selectable": true,
                    "termCodes": [
                        {
                            "code": "396997002",
                            "display": "Specimen from bone marrow obtained by aspiration",
                            "system": "http://snomed.info/sct",
                            "version": "http://snomed.info/sct/900000000000207008/version/20220930"
                        }
                    ]
                }
            ],
            "context": {
                "code": "Specimen",
                "display": "Bioprobe",
                "system": "fdpg.mii.cds",
                "version": "1.0.0"
            },
            "display": "Bone marrow specimen",
            "id": "06cddfd6-8815-eed3-28dc-fc4f2a9563a8",
            "leaf": false,
            "selectable": true,
            "termCodes": [
                {
                    "code": "119359002",
                    "display": "Bone marrow specimen",
                    "system": "http://snomed.info/sct",
                    "version": "http://snomed.info/sct/900000000000207008/version/20220930"
                }
            ]
        },
        {
            "context": {
                "code": "Specimen",
                "display": "Bioprobe",
                "system": "fdpg.mii.cds",
                "version": "1.0.0"
            },
            "display": "Bronchoalveolar lavage fluid specimen",
            "id": "d7276991-b373-8275-31a6-d7540d957b7c",
            "leaf": true,
            "selectable": true,
            "termCodes": [
                {
                    "code": "258607008",
                    "display": "Bronchoalveolar lavage fluid specimen",
                    "system": "http://snomed.info/sct",
                    "version": "http://snomed.info/sct/900000000000207008/version/20220930"
                }
            ]
        },
        {
            "context": {
                "code": "Specimen",
                "display": "Bioprobe",
                "system": "fdpg.mii.cds",
                "version": "1.0.0"
            },
            "display": "Buffy coat",
            "id": "79f38e09-0a3b-ce85-36af-b3527ac55533",
            "leaf": true,
            "selectable": true,
            "termCodes": [
                {
                    "code": "258587000",
                    "display": "Buffy coat",
                    "system": "http://snomed.info/sct",
                    "version": "http://snomed.info/sct/900000000000207008/version/20220930"
                }
            ]
        },
        {
            "context": {
                "code": "Specimen",
                "display": "Bioprobe",
                "system": "fdpg.mii.cds",
                "version": "1.0.0"
            },
            "display": "Calculus specimen",
            "id": "c52a0862-4560-da7a-d539-7b3fa918fdc7",
            "leaf": true,
            "selectable": true,
            "termCodes": [
                {
                    "code": "119350003",
                    "display": "Calculus specimen",
                    "system": "http://snomed.info/sct",
                    "version": "http://snomed.info/sct/900000000000207008/version/20220930"
                }
            ]
        },
        {
            "context": {
                "code": "Specimen",
                "display": "Bioprobe",
                "system": "fdpg.mii.cds",
                "version": "1.0.0"
            },
            "display": "Cell free DNA",
            "id": "c90fcd02-5dee-0918-827a-bb94a6761e09",
            "leaf": true,
            "selectable": true,
            "termCodes": [
                {
                    "code": "726740008",
                    "display": "Cell free DNA",
                    "system": "http://snomed.info/sct",
                    "version": "http://snomed.info/sct/900000000000207008/version/20220930"
                }
            ]
        },
        {
            "context": {
                "code": "Specimen",
                "display": "Bioprobe",
                "system": "fdpg.mii.cds",
                "version": "1.0.0"
            },
            "display": "Cellular component of blood",
            "id": "231d7b08-a3ef-5737-b0a6-45fec05b917c",
            "leaf": true,
            "selectable": true,
            "termCodes": [
                {
                    "code": "419333002",
                    "display": "Cellular component of blood",
                    "system": "http://snomed.info/sct",
                    "version": "http://snomed.info/sct/900000000000207008/version/20220930"
                }
            ]
        },
        {
            "context": {
                "code": "Specimen",
                "display": "Bioprobe",
                "system": "fdpg.mii.cds",
                "version": "1.0.0"
            },
            "display": "Deoxyribonucleic acid specimen",
            "id": "639d70ac-33f9-a32a-0240-794d7407e254",
            "leaf": true,
            "selectable": true,
            "termCodes": [
                {
                    "code": "258566005",
                    "display": "Deoxyribonucleic acid specimen",
                    "system": "http://snomed.info/sct",
                    "version": "http://snomed.info/sct/900000000000207008/version/20220930"
                }
            ]
        },
        {
            "context": {
                "code": "Specimen",
                "display": "Bioprobe",
                "system": "fdpg.mii.cds",
                "version": "1.0.0"
            },
            "display": "Erythrocyte specimen",
            "id": "65cc668c-cdda-731e-a305-db084bad2f09",
            "leaf": true,
            "selectable": true,
            "termCodes": [
                {
                    "code": "119351004",
                    "display": "Erythrocyte specimen",
                    "system": "http://snomed.info/sct",
                    "version": "http://snomed.info/sct/900000000000207008/version/20220930"
                }
            ]
        },
        {
            "context": {
                "code": "Specimen",
                "display": "Bioprobe",
                "system": "fdpg.mii.cds",
                "version": "1.0.0"
            },
            "display": "Hair specimen",
            "id": "1490ebcb-e01c-c834-d06e-fe8cd6ed98dc",
            "leaf": true,
            "selectable": true,
            "termCodes": [
                {
                    "code": "119326000",
                    "display": "Hair specimen",
                    "system": "http://snomed.info/sct",
                    "version": "http://snomed.info/sct/900000000000207008/version/20220930"
                }
            ]
        },
        {
            "context": {
                "code": "Specimen",
                "display": "Bioprobe",
                "system": "fdpg.mii.cds",
                "version": "1.0.0"
            },
            "display": "Nasal smear specimen",
            "id": "24a8d791-f706-7e3e-27b7-b813cdf8dee0",
            "leaf": true,
            "selectable": true,
            "termCodes": [
                {
                    "code": "447339001",
                    "display": "Nasal smear specimen",
                    "system": "http://snomed.info/sct",
                    "version": "http://snomed.info/sct/900000000000207008/version/20220930"
                }
            ]
        },
        {
            "context": {
                "code": "Specimen",
                "display": "Bioprobe",
                "system": "fdpg.mii.cds",
                "version": "1.0.0"
            },
            "display": "Peripheral blood mononuclear cell",
            "id": "d7ea2f0c-7845-bd60-e482-b909fe5a36ee",
            "leaf": true,
            "selectable": true,
            "termCodes": [
                {
                    "code": "404798000",
                    "display": "Peripheral blood mononuclear cell",
                    "system": "http://snomed.info/sct",
                    "version": "http://snomed.info/sct/900000000000207008/version/20220930"
                }
            ]
        },
        {
            "context": {
                "code": "Specimen",
                "display": "Bioprobe",
                "system": "fdpg.mii.cds",
                "version": "1.0.0"
            },
            "display": "Pharyngeal washings",
            "id": "e6635742-311f-1c79-0c90-d56f9945e4a2",
            "leaf": true,
            "selectable": true,
            "termCodes": [
                {
                    "code": "258469001",
                    "display": "Pharyngeal washings",
                    "system": "http://snomed.info/sct",
                    "version": "http://snomed.info/sct/900000000000207008/version/20220930"
                }
            ]
        },
        {
            "context": {
                "code": "Specimen",
                "display": "Bioprobe",
                "system": "fdpg.mii.cds",
                "version": "1.0.0"
            },
            "display": "Ribonucleic acid specimen",
            "id": "cb8f35a9-c8a3-db86-7081-ee7e00f99f56",
            "leaf": true,
            "selectable": true,
            "termCodes": [
                {
                    "code": "441673008",
                    "display": "Ribonucleic acid specimen",
                    "system": "http://snomed.info/sct",
                    "version": "http://snomed.info/sct/900000000000207008/version/20220930"
                }
            ]
        },
        {
            "context": {
                "code": "Specimen",
                "display": "Bioprobe",
                "system": "fdpg.mii.cds",
                "version": "1.0.0"
            },
            "display": "Saliva specimen",
            "id": "19eaef5f-88a0-ea8f-7d96-3a561ec2fabc",
            "leaf": true,
            "selectable": true,
            "termCodes": [
                {
                    "code": "119342007",
                    "display": "Saliva specimen",
                    "system": "http://snomed.info/sct",
                    "version": "http://snomed.info/sct/900000000000207008/version/20220930"
                }
            ]
        },
        {
            "context": {
                "code": "Specimen",
                "display": "Bioprobe",
                "system": "fdpg.mii.cds",
                "version": "1.0.0"
            },
            "display": "Skin fibroblast specimen",
            "id": "6bd77f98-1fa5-dddc-358e-ca1e7a34d6b6",
            "leaf": true,
            "selectable": true,
            "termCodes": [
                {
                    "code": "258569003",
                    "display": "Skin fibroblast specimen",
                    "system": "http://snomed.info/sct",
                    "version": "http://snomed.info/sct/900000000000207008/version/20220930"
                }
            ]
        },
        {
            "children": [
                {
                    "context": {
                        "code": "Specimen",
                        "display": "Bioprobe",
                        "system": "fdpg.mii.cds",
                        "version": "1.0.0"
                    },
                    "display": "Expressed breast milk specimen",
                    "id": "05375bba-b7f9-90a1-5211-6b66e1a1f4cd",
                    "leaf": true,
                    "selectable": true,
                    "termCodes": [
                        {
                            "code": "446676001",
                            "display": "Expressed breast milk specimen",
                            "system": "http://snomed.info/sct",
                            "version": "http://snomed.info/sct/900000000000207008/version/20220930"
                        }
                    ]
                },
                {
                    "context": {
                        "code": "Specimen",
                        "display": "Bioprobe",
                        "system": "fdpg.mii.cds",
                        "version": "1.0.0"
                    },
                    "display": "Tissue specimen from breast",
                    "id": "d41cb711-d17f-4a46-7c5d-5a2e60717d76",
                    "leaf": true,
                    "selectable": true,
                    "termCodes": [
                        {
                            "code": "127457009",
                            "display": "Tissue specimen from breast",
                            "system": "http://snomed.info/sct",
                            "version": "http://snomed.info/sct/900000000000207008/version/20220930"
                        }
                    ]
                }
            ],
            "context": {
                "code": "Specimen",
                "display": "Bioprobe",
                "system": "fdpg.mii.cds",
                "version": "1.0.0"
            },
            "display": "Specimen from breast",
            "id": "1b643b52-0e94-1fe0-4b28-771f78a299db",
            "leaf": false,
            "selectable": true,
            "termCodes": [
                {
                    "code": "127456000",
                    "display": "Specimen from breast",
                    "system": "http://snomed.info/sct",
                    "version": "http://snomed.info/sct/900000000000207008/version/20220930"
                }
            ]
        },
        {
            "children": [
                {
                    "context": {
                        "code": "Specimen",
                        "display": "Bioprobe",
                        "system": "fdpg.mii.cds",
                        "version": "1.0.0"
                    },
                    "display": "Cerebrospinal fluid specimen",
                    "id": "c81f3ed9-58ca-b805-63fb-793427e034b3",
                    "leaf": true,
                    "selectable": true,
                    "termCodes": [
                        {
                            "code": "258450006",
                            "display": "Cerebrospinal fluid specimen",
                            "system": "http://snomed.info/sct",
                            "version": "http://snomed.info/sct/900000000000207008/version/20220930"
                        }
                    ]
                },
                {
                    "context": {
                        "code": "Specimen",
                        "display": "Bioprobe",
                        "system": "fdpg.mii.cds",
                        "version": "1.0.0"
                    },
                    "display": "Specimen from brain",
                    "id": "8e2db9cd-b7c3-c8c6-83ab-bf8b21394802",
                    "leaf": true,
                    "selectable": true,
                    "termCodes": [
                        {
                            "code": "119398007",
                            "display": "Specimen from brain",
                            "system": "http://snomed.info/sct",
                            "version": "http://snomed.info/sct/900000000000207008/version/20220930"
                        }
                    ]
                }
            ],
            "context": {
                "code": "Specimen",
                "display": "Bioprobe",
                "system": "fdpg.mii.cds",
                "version": "1.0.0"
            },
            "display": "Specimen from nervous system",
            "id": "4a1d358f-5f51-2755-d544-3aa57aecb317",
            "leaf": false,
            "selectable": true,
            "termCodes": [
                {
                    "code": "608852006",
                    "display": "Specimen from nervous system",
                    "system": "http://snomed.info/sct",
                    "version": "http://snomed.info/sct/900000000000207008/version/20220930"
                }
            ]
        },
        {
            "context": {
                "code": "Specimen",
                "display": "Bioprobe",
                "system": "fdpg.mii.cds",
                "version": "1.0.0"
            },
            "display": "Specimen from prostate",
            "id": "1965366a-860a-3c4e-d5a9-efdfe5c20754",
            "leaf": true,
            "selectable": true,
            "termCodes": [
                {
                    "code": "119386002",
                    "display": "Specimen from prostate",
                    "system": "http://snomed.info/sct",
                    "version": "http://snomed.info/sct/900000000000207008/version/20220930"
                }
            ]
        },
        {
            "context": {
                "code": "Specimen",
                "display": "Bioprobe",
                "system": "fdpg.mii.cds",
                "version": "1.0.0"
            },
            "display": "Sputum specimen",
            "id": "f03de53c-7512-eabe-b591-a71c7e7e065d",
            "leaf": true,
            "selectable": true,
            "termCodes": [
                {
                    "code": "119334006",
                    "display": "Sputum specimen",
                    "system": "http://snomed.info/sct",
                    "version": "http://snomed.info/sct/900000000000207008/version/20220930"
                }
            ]
        },
        {
            "context": {
                "code": "Specimen",
                "display": "Bioprobe",
                "system": "fdpg.mii.cds",
                "version": "1.0.0"
            },
            "display": "Stem cell specimen",
            "id": "80c7544d-e64b-e9d1-0bcd-e215be4edace",
            "leaf": true,
            "selectable": true,
            "termCodes": [
                {
                    "code": "57731000052104",
                    "display": "Stem cell specimen",
                    "system": "http://snomed.info/sct",
                    "version": "http://snomed.info/sct/900000000000207008/version/20220930"
                }
            ]
        },
        {
            "context": {
                "code": "Specimen",
                "display": "Bioprobe",
                "system": "fdpg.mii.cds",
                "version": "1.0.0"
            },
            "display": "Stool specimen",
            "id": "d6fbd360-d41c-e297-c8e4-9c31d20f6e4e",
            "leaf": true,
            "selectable": true,
            "termCodes": [
                {
                    "code": "119339001",
                    "display": "Stool specimen",
                    "system": "http://snomed.info/sct",
                    "version": "http://snomed.info/sct/900000000000207008/version/20220930"
                }
            ]
        },
        {
            "context": {
                "code": "Specimen",
                "display": "Bioprobe",
                "system": "fdpg.mii.cds",
                "version": "1.0.0"
            },
            "display": "Synovial fluid specimen",
            "id": "6ba91d75-5072-2c4b-6502-b94ddb17dff6",
            "leaf": true,
            "selectable": true,
            "termCodes": [
                {
                    "code": "119332005",
                    "display": "Synovial fluid specimen",
                    "system": "http://snomed.info/sct",
                    "version": "http://snomed.info/sct/900000000000207008/version/20220930"
                }
            ]
        },
        {
            "children": [
                {
                    "context": {
                        "code": "Specimen",
                        "display": "Bioprobe",
                        "system": "fdpg.mii.cds",
                        "version": "1.0.0"
                    },
                    "display": "Bone tissue specimen",
                    "id": "ca970abc-36e7-dc74-72c9-24b43bf7339f",
                    "leaf": true,
                    "selectable": true,
                    "termCodes": [
                        {
                            "code": "258417006",
                            "display": "Bone tissue specimen",
                            "system": "http://snomed.info/sct",
                            "version": "http://snomed.info/sct/900000000000207008/version/20220930"
                        }
                    ]
                },
                {
                    "context": {
                        "code": "Specimen",
                        "display": "Bioprobe",
                        "system": "fdpg.mii.cds",
                        "version": "1.0.0"
                    },
                    "display": "Formalin-fixed paraffin-embedded tissue specimen",
                    "id": "28866c8c-2659-47cf-829a-ae9882e54e69",
                    "leaf": true,
                    "selectable": true,
                    "termCodes": [
                        {
                            "code": "441652008",
                            "display": "Formalin-fixed paraffin-embedded tissue specimen",
                            "system": "http://snomed.info/sct",
                            "version": "http://snomed.info/sct/900000000000207008/version/20220930"
                        }
                    ]
                },
                {
                    "context": {
                        "code": "Specimen",
                        "display": "Bioprobe",
                        "system": "fdpg.mii.cds",
                        "version": "1.0.0"
                    },
                    "display": "Fresh tissue specimen",
                    "id": "44a9887e-03d1-78a7-d1ea-d6db51eda3a4",
                    "leaf": true,
                    "selectable": true,
                    "termCodes": [
                        {
                            "code": "441479001",
                            "display": "Fresh tissue specimen",
                            "system": "http://snomed.info/sct",
                            "version": "http://snomed.info/sct/900000000000207008/version/20220930"
                        }
                    ]
                },
                {
                    "context": {
                        "code": "Specimen",
                        "display": "Bioprobe",
                        "system": "fdpg.mii.cds",
                        "version": "1.0.0"
                    },
                    "display": "Frozen tissue section specimen",
                    "id": "d3b812fa-603e-617f-afe7-627fafe6682a",
                    "leaf": true,
                    "selectable": true,
                    "termCodes": [
                        {
                            "code": "16214131000119104",
                            "display": "Frozen tissue section specimen",
                            "system": "http://snomed.info/sct",
                            "version": "http://snomed.info/sct/900000000000207008/version/20220930"
                        }
                    ]
                },
                {
                    "context": {
                        "code": "Specimen",
                        "display": "Bioprobe",
                        "system": "fdpg.mii.cds",
                        "version": "1.0.0"
                    },
                    "display": "Oral tissue specimen",
                    "id": "d8a677fe-cb6b-cd00-c19b-5a584bda8969",
                    "leaf": true,
                    "selectable": true,
                    "termCodes": [
                        {
                            "code": "309186001",
                            "display": "Oral tissue specimen",
                            "system": "http://snomed.info/sct",
                            "version": "http://snomed.info/sct/900000000000207008/version/20220930"
                        }
                    ]
                },
                {
                    "children": [
                        {
                            "context": {
                                "code": "Specimen",
                                "display": "Bioprobe",
                                "system": "fdpg.mii.cds",
                                "version": "1.0.0"
                            },
                            "display": "Tissue specimen from skin",
                            "id": "c952b1c3-e0df-e9c0-25e7-f8c7aa9f2511",
                            "leaf": true,
                            "selectable": true,
                            "termCodes": [
                                {
                                    "code": "119325001",
                                    "display": "Tissue specimen from skin",
                                    "system": "http://snomed.info/sct",
                                    "version": "http://snomed.info/sct/900000000000207008/version/20220930"
                                }
                            ]
                        }
                    ],
                    "context": {
                        "code": "Specimen",
                        "display": "Bioprobe",
                        "system": "fdpg.mii.cds",
                        "version": "1.0.0"
                    },
                    "display": "Soft tissue specimen",
                    "id": "58923ef1-8c93-b2ee-d213-e214738babe5",
                    "leaf": false,
                    "selectable": true,
                    "termCodes": [
                        {
                            "code": "309072003",
                            "display": "Soft tissue specimen",
                            "system": "http://snomed.info/sct",
                            "version": "http://snomed.info/sct/900000000000207008/version/20220930"
                        }
                    ]
                },
                {
                    "context": {
                        "code": "Specimen",
                        "display": "Bioprobe",
                        "system": "fdpg.mii.cds",
                        "version": "1.0.0"
                    },
                    "display": "Tissue specimen from breast",
                    "id": "d41cb711-d17f-4a46-7c5d-5a2e60717d76",
                    "leaf": true,
                    "selectable": true,
                    "termCodes": [
                        {
                            "code": "127457009",
                            "display": "Tissue specimen from breast",
                            "system": "http://snomed.info/sct",
                            "version": "http://snomed.info/sct/900000000000207008/version/20220930"
                        }
                    ]
                },
                {
                    "context": {
                        "code": "Specimen",
                        "display": "Bioprobe",
                        "system": "fdpg.mii.cds",
                        "version": "1.0.0"
                    },
                    "display": "Tumor tissue specimen",
                    "id": "81538536-6043-29f1-0214-cc8dd4a29eff",
                    "leaf": true,
                    "selectable": true,
                    "termCodes": [
                        {
                            "code": "258435002",
                            "display": "Tumor tissue specimen",
                            "system": "http://snomed.info/sct",
                            "version": "http://snomed.info/sct/900000000000207008/version/20220930"
                        }
                    ]
                }
            ],
            "context": {
                "code": "Specimen",
                "display": "Bioprobe",
                "system": "fdpg.mii.cds",
                "version": "1.0.0"
            },
            "display": "Tissue specimen",
            "id": "942c3219-188b-b136-0fcf-7d88b2db66a0",
            "leaf": false,
            "selectable": true,
            "termCodes": [
                {
                    "code": "119376003",
                    "display": "Tissue specimen",
                    "system": "http://snomed.info/sct",
                    "version": "http://snomed.info/sct/900000000000207008/version/20220930"
                }
            ]
        },
        {
            "context": {
                "code": "Specimen",
                "display": "Bioprobe",
                "system": "fdpg.mii.cds",
                "version": "1.0.0"
            },
            "display": "Urine sediment specimen",
            "id": "00ef1393-173f-6891-ec3a-42fa09dbea33",
            "leaf": true,
            "selectable": true,
            "termCodes": [
                {
                    "code": "122567009",
                    "display": "Urine sediment specimen",
                    "system": "http://snomed.info/sct",
                    "version": "http://snomed.info/sct/900000000000207008/version/20220930"
                }
            ]
        },
        {
            "children": [
                {
                    "context": {
                        "code": "Specimen",
                        "display": "Bioprobe",
                        "system": "fdpg.mii.cds",
                        "version": "1.0.0"
                    },
                    "display": "24 hour urine specimen",
                    "id": "e492fdfb-23bb-8971-e583-addb231ea9e5",
                    "leaf": true,
                    "selectable": true,
                    "termCodes": [
                        {
                            "code": "276833005",
                            "display": "24 hour urine specimen",
                            "system": "http://snomed.info/sct",
                            "version": "http://snomed.info/sct/900000000000207008/version/20220930"
                        }
                    ]
                },
                {
                    "context": {
                        "code": "Specimen",
                        "display": "Bioprobe",
                        "system": "fdpg.mii.cds",
                        "version": "1.0.0"
                    },
                    "display": "Spot urine specimen",
                    "id": "36f5adc2-5d36-55a4-96bb-3d338be5f3f1",
                    "leaf": true,
                    "selectable": true,
                    "termCodes": [
                        {
                            "code": "278020009",
                            "display": "Spot urine specimen",
                            "system": "http://snomed.info/sct",
                            "version": "http://snomed.info/sct/900000000000207008/version/20220930"
                        }
                    ]
                }
            ],
            "context": {
                "code": "Specimen",
                "display": "Bioprobe",
                "system": "fdpg.mii.cds",
                "version": "1.0.0"
            },
            "display": "Urine specimen",
            "id": "ebf9bcfe-a623-5237-6228-e87f43bb0dfc",
            "leaf": false,
            "selectable": true,
            "termCodes": [
                {
                    "code": "122575003",
                    "display": "Urine specimen",
                    "system": "http://snomed.info/sct",
                    "version": "http://snomed.info/sct/900000000000207008/version/20220930"
                }
            ]
        },
        {
            "context": {
                "code": "Specimen",
                "display": "Bioprobe",
                "system": "fdpg.mii.cds",
                "version": "1.0.0"
            },
            "display": "Whole blood",
            "id": "eb4df410-3657-2940-9215-5aafa59a1b3c",
            "leaf": true,
            "selectable": true,
            "termCodes": [
                {
                    "code": "420135007",
                    "display": "Whole blood",
                    "system": "http://snomed.info/sct",
                    "version": "http://snomed.info/sct/900000000000207008/version/20220930"
                }
            ]
        }
    ],
    "context": {
        "code": "Bioprobe",
        "display": "Bioprobe",
        "system": "fdpg.mii.cds"
    },
    "display": "Bioprobe",
    "id": "fd919d44-bfaa-2775-0e6c-7c53ca7a0ab7",
    "leaf": false,
    "selectable": false,
    "termCodes": [
        {
            "code": "Bioprobe",
            "display": "Bioprobe",
            "system": "fdpg.mii.cds"
        }
    ]
}