{
    "children": [
        {
            "context": {
                "code": "Specimen",
                "display": "Bioprobe",
                "system": "fdpg.mii.cds",
                "version": "1.0.0"
            },
            "display": "Amniotic fluid specimen",
            "id": "95c81a82-aea9-4e70-5b3d-eaef93199fa7",
            "leaf": true,
            "selectable": true,
            "termCodes": [
                {
                    "code": "119373006",
                    "display": "Amniotic fluid specimen",
                    "system": "http://snomed.info/sct",
                    "version": "http://snomed.info/sct/900000000000207008/version/20220930"
                }
            ]
        },
        {
            "context": {
                "code": "Specimen",
                "display": "Bioprobe",
                "system": "fdpg.mii.cds",
                "version": "1.0.0"
            },
            "display": "Ascitic fluid specimen",
            "id": "756976c2-4933-95d4-0b58-5b2be1c93684",
            "leaf": true,
            "selectable": true,
            "termCodes": [
                {
                    "code": "309201001",
                    "display": "Ascitic fluid specimen",
                    "system": "http://snomed.info/sct",
                    "version": "http://snomed.info/sct/900000000000207008/version/20220930"
                }
            ]
        },
        {
            "children": [
                {
                    "context": {
                        "code": "Specimen",
                        "display": "Bioprobe",
                        "system": "fdpg.mii.cds",
                        "version": "1.0.0"
                    },
                    "display": "Blood specimen submitted in heparinized collection tube",
                    "id": "f736c394-fc1d-7654-b0ee-cb7fdbd96049",
                    "leaf": true,
                    "selectable": true,
                    "termCodes": [
                        {
                            "code": "446272009",
                            "display": "Blood specimen submitted in heparinized collection tube",
                            "system": "http://snomed.info/sct",
                            "version": "http://snomed.info/sct/900000000000207008/version/20220930"
                        }
                    ]
                },
                {
                    "children": [
                        {
                            "children": [
                                {
                                    "context": {
                                        "code": "Specimen",
                                        "display": "Bioprobe",
                                        "system": "fdpg.mii.cds",
                                        "version": "1.0.0"
                                    },
                                    "display": "Whole blood specimen with edetic acid",
                                    "id": "78c6b0f0-893f-bc1c-3b02-e8a23a4695e4",
                                    "leaf": true,
                                    "selectable": true,
                                    "termCodes": [
                                        {
                                            "code": "57921000052103",
                                            "display": "Whole blood specimen with edetic acid",
                                            "system": "http://snomed.info/sct",
                                            "version": "http://snomed.info/sct/900000000000207008/version/20220930"
                                        }
                                    ]
                                }
                            ],
                            "context": {
                                "code": "Specimen",
                                "display": "Bioprobe",
                                "system": "fdpg.mii.cds",
                                "version": "1.0.0"
                            },
                            "display": "Blood specimen with EDTA",
                            "id": "e55fa291-ad2a-11b5-615b-c1ae1d950ae5",
                            "leaf": false,
                            "selectable": true,
                            "termCodes": [
                                {
                                    "code": "445295009",
                                    "display": "Blood specimen with EDTA",
                                    "system": "http://snomed.info/sct",
                                    "version": "http://snomed.info/sct/900000000000207008/version/20220930"
                                }
                            ]
                        }
                    ],
                    "context": {
                        "code": "Specimen",
                        "display": "Bioprobe",
                        "system": "fdpg.mii.cds",
                        "version": "1.0.0"
                    },
                    "display": "Blood specimen with anticoagulant",
                    "id": "65ee9182-191e-16e6-8131-a57929aa5265",
                    "leaf": false,
                    "selectable": true,
                    "termCodes": [
                        {
                            "code": "441510007",
                            "display": "Blood specimen with anticoagulant",
                            "system": "http://snomed.info/sct",
                            "version": "http://snomed.info/sct/900000000000207008/version/20220930"
                        }
                    ]
                },
                {
                    "context": {
                        "code": "Specimen",
                        "display": "Bioprobe",
                        "system": "fdpg.mii.cds",
                        "version": "1.0.0"
                    },
                    "display": "Cord blood specimen",
                    "id": "0aa43255-db79-0ad6-7545-ccd7173b026a",
                    "leaf": true,
                    "selectable": true,
                    "termCodes": [
                        {
                            "code": "122556008",
                            "display": "Cord blood specimen",
                            "system": "http://snomed.info/sct",
                            "version": "http://snomed.info/sct/900000000000207008/version/20220930"
                        }
                    ]
                },
                {
                    "context": {
                        "code": "Specimen",
                        "display": "Bioprobe",
                        "system": "fdpg.mii.cds",
                        "version": "1.0.0"
                    },
                    "display": "Peripheral blood specimen",
                    "id": "72d435de-a882-8d41-03b3-8370598cc13d",
                    "leaf": true,
                    "selectable": true,
                    "termCodes": [
                        {
                            "code": "122551003",
                            "display": "Peripheral blood specimen",
                            "system": "http://snomed.info/sct",
                            "version": "http://snomed.info/sct/900000000000207008/version/20220930"
                        }
                    ]
                },
                {
                    "children": [
                        {
                            "context": {
                                "code": "Specimen",
                                "display": "Bioprobe",
                                "system": "fdpg.mii.cds",
                                "version": "1.0.0"
                            },
                            "display": "Plasma specimen with citrate",
                            "id": "073894dc-a2a7-c909-001d-933fe706ac71",
                            "leaf": true,
                            "selectable": true,
                            "termCodes": [
                                {
                                    "code": "708048008",
                                    "display": "Plasma specimen with citrate",
                                    "system": "http://snomed.info/sct",
                                    "version": "http://snomed.info/sct/900000000000207008/version/20220930"
                                }
                            ]
                        },
                        {
                            "context": {
                                "code": "Specimen",
                                "display": "Bioprobe",
                                "system": "fdpg.mii.cds",
                                "version": "1.0.0"
                            },
                            "display": "Plasma specimen with ethylenediamine tetraacetic acid",
                            "id": "954eb6ed-799b-8ad4-4f30-9ae8f70de7d4",
                            "leaf": true,
                            "selectable": true,
                            "termCodes": [
                                {
                                    "code": "708049000",
                                    "display": "Plasma specimen with ethylenediamine tetraacetic acid",
                                    "system": "http://snomed.info/sct",
                                    "version": "http://snomed.info/sct/900000000000207008/version/20220930"
                                }
                            ]
                        },
                        {
                            "context": {
                                "code": "Specimen",
                                "display": "Bioprobe",
                                "system": "fdpg.mii.cds",
                                "version": "1.0.0"
                            },
                            "display": "Platelet poor plasma specimen",
                            "id": "36040c20-0732-9df1-c0c3-2db43c137b85",
                            "leaf": true,
                            "selectable": true,
                            "termCodes": [
                                {
                                    "code": "119362004",
                                    "display": "Platelet poor plasma specimen",
                                    "system": "http://snomed.info/sct",
                                    "version": "http://snomed.info/sct/900000000000207008/version/20220930"
                                }
                            ]
                        }
                    ],
                    "context": {
                        "code": "Specimen",
                        "display": "Bioprobe",
                        "system": "fdpg.mii.cds",
                        "version": "1.0.0"
                    },
                    "display": "Plasma specimen",
                    "id": "12937f9b-b1e4-3339-4743-7005a38ce3ca",
                    "leaf": false,
                    "selectable": true,
                    "termCodes": [
                        {
                            "code": "119361006",
                            "display": "Plasma specimen",
                            "system": "http://snomed.info/sct",
                            "version": "http://snomed.info/sct/900000000000207008/version/20220930"
                        }
                    ]
                },
                {
                    "context": {
                        "code": "Specimen",
                        "display": "Bioprobe",
                        "system": "fdpg.mii.cds",
                        "version": "1.0.0"
                    },
                    "display": "Serum specimen",
                    "id": "1bdf263c-2c7a-ff8a-dced-110c254a6429",
                    "leaf": true,
                    "selectable": true,
                    "termCodes": [
                        {
                            "code": "119364003",
                            "display": "Serum specimen",
                            "system": "http://snomed.info/sct",
                            "version": "http://snomed.info/sct/900000000000207008/version/20220930"
                        }
                    ]
                },
                {
                    "children": [
                        {
                            "context": {
                                "code": "Specimen",
                                "display": "Bioprobe",
                                "system": "fdpg.mii.cds",
                                "version": "1.0.0"
                            },
                            "display": "Whole blood specimen with edetic acid",
                            "id": "78c6b0f0-893f-bc1c-3b02-e8a23a4695e4",
                            "leaf": true,
                            "selectable": true,
                            "termCodes": [
                                {
                                    "code": "57921000052103",
                                    "display": "Whole blood specimen with edetic acid",
                                    "system": "http://snomed.info/sct",
                                    "version": "http://snomed.info/sct/900000000000207008/version/20220930"
                                }
                            ]
                        }
                    ],
                    "context": {
                        "code": "Specimen",
                        "display": "Bioprobe",
                        "system": "fdpg.mii.cds",
                        "version": "1.0.0"
                    },
                    "display": "Whole blood specimen",
                    "id": "4ac5a3e7-4aee-5660-17af-c188f3f65178",
                    "leaf": false,
                    "selectable": true,
                    "termCodes": [
                        {
                            "code": "258580003",
                            "display": "Whole blood specimen",
                            "system": "http://snomed.info/sct",
                            "version": "http://snomed.info/sct/900000000000207008/version/20220930"
                        }
                    ]
                }
            ],
            "context": {
                "code": "Specimen",
                "display": "Bioprobe",
                "system": "fdpg.mii.cds",
                "version": "1.0.0"
            },
            "display": "Blood specimen",
            "id": "42b87537-eb2f-be51-a0cc-d2ad24ffabc8",
            "leaf": false,
            "selectable": true,
            "termCodes": [
                {
                    "code": "119297000",
                    "display": "Blood specimen",
                    "system": "http://snomed.info/sct",
                    "version": "http://snomed.info/sct/900000000000207008/version/20220930"
                }
            ]
        },
        {
            "children": [
                {
                    "context": {
                        "code": "Specimen",
                        "display": "Bioprobe",
                        "system": "fdpg.mii.cds",
                        "version": "1.0.0"
                    },
                    "display": "Specimen from bone marrow obtained by aspiration",
                    "id": "047af629-4e0b-9c86-7ffb-1880bf61a9f1",
                    "leaf": true,
                    "selectable": true,
                    "termCodes": [
                        {
                            "code": "396997002",
                            "display": "Specimen from bone marrow obtained by aspiration",
                            "system": "http://snomed.info/sct",
                            "version": "http://snomed.info/sct/900000000000207008/version/20220930"
                        }
                    ]
                }
            ],
            "context": {
                "code": "Specimen",
                "display": "Bioprobe",
                "system": "fdpg.mii.cds",
                "version": "1.0.0"
            },
            "display": "Bone marrow specimen",
            "id": "2a3fd533-a787-d59c-9d04-2429c495f2de",
            "leaf": false,
            "selectable": true,
            "termCodes": [
                {
                    "code": "119359002",
                    "display": "Bone marrow specimen",
                    "system": "http://snomed.info/sct",
                    "version": "http://snomed.info/sct/900000000000207008/version/20220930"
                }
            ]
        },
        {
            "context": {
                "code": "Specimen",
                "display": "Bioprobe",
                "system": "fdpg.mii.cds",
                "version": "1.0.0"
            },
            "display": "Bronchoalveolar lavage fluid specimen",
            "id": "057b60a9-048c-7434-7b88-2973ec85e1f1",
            "leaf": true,
            "selectable": true,
            "termCodes": [
                {
                    "code": "258607008",
                    "display": "Bronchoalveolar lavage fluid specimen",
                    "system": "http://snomed.info/sct",
                    "version": "http://snomed.info/sct/900000000000207008/version/20220930"
                }
            ]
        },
        {
            "context": {
                "code": "Specimen",
                "display": "Bioprobe",
                "system": "fdpg.mii.cds",
                "version": "1.0.0"
            },
            "display": "Buffy coat",
            "id": "10e91ebf-676e-1c1d-5d69-6b47fd263b74",
            "leaf": true,
            "selectable": true,
            "termCodes": [
                {
                    "code": "258587000",
                    "display": "Buffy coat",
                    "system": "http://snomed.info/sct",
                    "version": "http://snomed.info/sct/900000000000207008/version/20220930"
                }
            ]
        },
        {
            "context": {
                "code": "Specimen",
                "display": "Bioprobe",
                "system": "fdpg.mii.cds",
                "version": "1.0.0"
            },
            "display": "Calculus specimen",
            "id": "7073955f-8cc5-8a3e-4cde-ab2c150ec9a0",
            "leaf": true,
            "selectable": true,
            "termCodes": [
                {
                    "code": "119350003",
                    "display": "Calculus specimen",
                    "system": "http://snomed.info/sct",
                    "version": "http://snomed.info/sct/900000000000207008/version/20220930"
                }
            ]
        },
        {
            "context": {
                "code": "Specimen",
                "display": "Bioprobe",
                "system": "fdpg.mii.cds",
                "version": "1.0.0"
            },
            "display": "Cell free DNA",
            "id": "bcc80d76-63b8-6f76-7c77-271c292447f6",
            "leaf": true,
            "selectable": true,
            "termCodes": [
                {
                    "code": "726740008",
                    "display": "Cell free DNA",
                    "system": "http://snomed.info/sct",
                    "version": "http://snomed.info/sct/900000000000207008/version/20220930"
                }
            ]
        },
        {
            "context": {
                "code": "Specimen",
                "display": "Bioprobe",
                "system": "fdpg.mii.cds",
                "version": "1.0.0"
            },
            "display": "Cellular component of blood",
            "id": "6c168257-9efa-ce11-517e-d34144c73e03",
            "leaf": true,
            "selectable": true,
            "termCodes": [
                {
                    "code": "419333002",
                    "display": "Cellular component of blood",
                    "system": "http://snomed.info/sct",
                    "version": "http://snomed.info/sct/900000000000207008/version/20220930"
                }
            ]
        },
        {
            "context": {
                "code": "Specimen",
                "display": "Bioprobe",
                "system": "fdpg.mii.cds",
                "version": "1.0.0"
            },
            "display": "Deoxyribonucleic acid specimen",
            "id": "6bd68b70-a8e4-89b1-9d64-219546d798e1",
            "leaf": true,
            "selectable": true,
            "termCodes": [
                {
                    "code": "258566005",
                    "display": "Deoxyribonucleic acid specimen",
                    "system": "http://snomed.info/sct",
                    "version": "http://snomed.info/sct/900000000000207008/version/20220930"
                }
            ]
        },
        {
            "context": {
                "code": "Specimen",
                "display": "Bioprobe",
                "system": "fdpg.mii.cds",
                "version": "1.0.0"
            },
            "display": "Erythrocyte specimen",
            "id": "37922e0e-9d73-a11e-3aa6-789ca6db0493",
            "leaf": true,
            "selectable": true,
            "termCodes": [
                {
                    "code": "119351004",
                    "display": "Erythrocyte specimen",
                    "system": "http://snomed.info/sct",
                    "version": "http://snomed.info/sct/900000000000207008/version/20220930"
                }
            ]
        },
        {
            "context": {
                "code": "Specimen",
                "display": "Bioprobe",
                "system": "fdpg.mii.cds",
                "version": "1.0.0"
            },
            "display": "Hair specimen",
            "id": "a90bd865-f17b-0d87-09f0-30f034c044e4",
            "leaf": true,
            "selectable": true,
            "termCodes": [
                {
                    "code": "119326000",
                    "display": "Hair specimen",
                    "system": "http://snomed.info/sct",
                    "version": "http://snomed.info/sct/900000000000207008/version/20220930"
                }
            ]
        },
        {
            "context": {
                "code": "Specimen",
                "display": "Bioprobe",
                "system": "fdpg.mii.cds",
                "version": "1.0.0"
            },
            "display": "Nasal smear specimen",
            "id": "dcc359f7-4aba-ec94-fdd1-b6dbfef68f92",
            "leaf": true,
            "selectable": true,
            "termCodes": [
                {
                    "code": "447339001",
                    "display": "Nasal smear specimen",
                    "system": "http://snomed.info/sct",
                    "version": "http://snomed.info/sct/900000000000207008/version/20220930"
                }
            ]
        },
        {
            "context": {
                "code": "Specimen",
                "display": "Bioprobe",
                "system": "fdpg.mii.cds",
                "version": "1.0.0"
            },
            "display": "Peripheral blood mononuclear cell",
            "id": "5a91f3ae-a1db-ffca-7108-0169a72eb42d",
            "leaf": true,
            "selectable": true,
            "termCodes": [
                {
                    "code": "404798000",
                    "display": "Peripheral blood mononuclear cell",
                    "system": "http://snomed.info/sct",
                    "version": "http://snomed.info/sct/900000000000207008/version/20220930"
                }
            ]
        },
        {
            "context": {
                "code": "Specimen",
                "display": "Bioprobe",
                "system": "fdpg.mii.cds",
                "version": "1.0.0"
            },
            "display": "Pharyngeal washings",
            "id": "0dfb1287-c901-c853-8047-e349b21f9038",
            "leaf": true,
            "selectable": true,
            "termCodes": [
                {
                    "code": "258469001",
                    "display": "Pharyngeal washings",
                    "system": "http://snomed.info/sct",
                    "version": "http://snomed.info/sct/900000000000207008/version/20220930"
                }
            ]
        },
        {
            "context": {
                "code": "Specimen",
                "display": "Bioprobe",
                "system": "fdpg.mii.cds",
                "version": "1.0.0"
            },
            "display": "Ribonucleic acid specimen",
            "id": "5f110068-1c1f-338f-78de-af65c9fea3a4",
            "leaf": true,
            "selectable": true,
            "termCodes": [
                {
                    "code": "441673008",
                    "display": "Ribonucleic acid specimen",
                    "system": "http://snomed.info/sct",
                    "version": "http://snomed.info/sct/900000000000207008/version/20220930"
                }
            ]
        },
        {
            "context": {
                "code": "Specimen",
                "display": "Bioprobe",
                "system": "fdpg.mii.cds",
                "version": "1.0.0"
            },
            "display": "Saliva specimen",
            "id": "c2c7944b-5344-9827-5041-2a63d94cc350",
            "leaf": true,
            "selectable": true,
            "termCodes": [
                {
                    "code": "119342007",
                    "display": "Saliva specimen",
                    "system": "http://snomed.info/sct",
                    "version": "http://snomed.info/sct/900000000000207008/version/20220930"
                }
            ]
        },
        {
            "context": {
                "code": "Specimen",
                "display": "Bioprobe",
                "system": "fdpg.mii.cds",
                "version": "1.0.0"
            },
            "display": "Skin fibroblast specimen",
            "id": "15a4d900-a6cd-07d9-68da-1e8d3493abf9",
            "leaf": true,
            "selectable": true,
            "termCodes": [
                {
                    "code": "258569003",
                    "display": "Skin fibroblast specimen",
                    "system": "http://snomed.info/sct",
                    "version": "http://snomed.info/sct/900000000000207008/version/20220930"
                }
            ]
        },
        {
            "children": [
                {
                    "context": {
                        "code": "Specimen",
                        "display": "Bioprobe",
                        "system": "fdpg.mii.cds",
                        "version": "1.0.0"
                    },
                    "display": "Expressed breast milk specimen",
                    "id": "39bd970d-bca6-a409-f4dd-6c82746bfa41",
                    "leaf": true,
                    "selectable": true,
                    "termCodes": [
                        {
                            "code": "446676001",
                            "display": "Expressed breast milk specimen",
                            "system": "http://snomed.info/sct",
                            "version": "http://snomed.info/sct/900000000000207008/version/20220930"
                        }
                    ]
                },
                {
                    "context": {
                        "code": "Specimen",
                        "display": "Bioprobe",
                        "system": "fdpg.mii.cds",
                        "version": "1.0.0"
                    },
                    "display": "Tissue specimen from breast",
                    "id": "4de603fc-34e8-50c9-e60a-3f2acd215512",
                    "leaf": true,
                    "selectable": true,
                    "termCodes": [
                        {
                            "code": "127457009",
                            "display": "Tissue specimen from breast",
                            "system": "http://snomed.info/sct",
                            "version": "http://snomed.info/sct/900000000000207008/version/20220930"
                        }
                    ]
                }
            ],
            "context": {
                "code": "Specimen",
                "display": "Bioprobe",
                "system": "fdpg.mii.cds",
                "version": "1.0.0"
            },
            "display": "Specimen from breast",
            "id": "a2e96472-be50-f649-1a71-6511614db41e",
            "leaf": false,
            "selectable": true,
            "termCodes": [
                {
                    "code": "127456000",
                    "display": "Specimen from breast",
                    "system": "http://snomed.info/sct",
                    "version": "http://snomed.info/sct/900000000000207008/version/20220930"
                }
            ]
        },
        {
            "children": [
                {
                    "context": {
                        "code": "Specimen",
                        "display": "Bioprobe",
                        "system": "fdpg.mii.cds",
                        "version": "1.0.0"
                    },
                    "display": "Cerebrospinal fluid specimen",
                    "id": "945e4d08-a3a8-629c-4fa8-53ba022b70be",
                    "leaf": true,
                    "selectable": true,
                    "termCodes": [
                        {
                            "code": "258450006",
                            "display": "Cerebrospinal fluid specimen",
                            "system": "http://snomed.info/sct",
                            "version": "http://snomed.info/sct/900000000000207008/version/20220930"
                        }
                    ]
                },
                {
                    "context": {
                        "code": "Specimen",
                        "display": "Bioprobe",
                        "system": "fdpg.mii.cds",
                        "version": "1.0.0"
                    },
                    "display": "Specimen from brain",
                    "id": "838454ce-e9ad-f962-86f4-4a37bc913485",
                    "leaf": true,
                    "selectable": true,
                    "termCodes": [
                        {
                            "code": "119398007",
                            "display": "Specimen from brain",
                            "system": "http://snomed.info/sct",
                            "version": "http://snomed.info/sct/900000000000207008/version/20220930"
                        }
                    ]
                }
            ],
            "context": {
                "code": "Specimen",
                "display": "Bioprobe",
                "system": "fdpg.mii.cds",
                "version": "1.0.0"
            },
            "display": "Specimen from nervous system",
            "id": "a8639b11-d9a5-6704-8bbd-064fbbb7838f",
            "leaf": false,
            "selectable": true,
            "termCodes": [
                {
                    "code": "608852006",
                    "display": "Specimen from nervous system",
                    "system": "http://snomed.info/sct",
                    "version": "http://snomed.info/sct/900000000000207008/version/20220930"
                }
            ]
        },
        {
            "context": {
                "code": "Specimen",
                "display": "Bioprobe",
                "system": "fdpg.mii.cds",
                "version": "1.0.0"
            },
            "display": "Specimen from prostate",
            "id": "440602bb-c406-17c5-f3f0-1fd390118222",
            "leaf": true,
            "selectable": true,
            "termCodes": [
                {
                    "code": "119386002",
                    "display": "Specimen from prostate",
                    "system": "http://snomed.info/sct",
                    "version": "http://snomed.info/sct/900000000000207008/version/20220930"
                }
            ]
        },
        {
            "context": {
                "code": "Specimen",
                "display": "Bioprobe",
                "system": "fdpg.mii.cds",
                "version": "1.0.0"
            },
            "display": "Sputum specimen",
            "id": "ea29127a-fa43-18b8-8a4e-209a25bc2302",
            "leaf": true,
            "selectable": true,
            "termCodes": [
                {
                    "code": "119334006",
                    "display": "Sputum specimen",
                    "system": "http://snomed.info/sct",
                    "version": "http://snomed.info/sct/900000000000207008/version/20220930"
                }
            ]
        },
        {
            "context": {
                "code": "Specimen",
                "display": "Bioprobe",
                "system": "fdpg.mii.cds",
                "version": "1.0.0"
            },
            "display": "Stem cell specimen",
            "id": "73d52ac9-b664-b904-892d-6ccd431f834c",
            "leaf": true,
            "selectable": true,
            "termCodes": [
                {
                    "code": "57731000052104",
                    "display": "Stem cell specimen",
                    "system": "http://snomed.info/sct",
                    "version": "http://snomed.info/sct/900000000000207008/version/20220930"
                }
            ]
        },
        {
            "context": {
                "code": "Specimen",
                "display": "Bioprobe",
                "system": "fdpg.mii.cds",
                "version": "1.0.0"
            },
            "display": "Stool specimen",
            "id": "bdecab66-0b5a-9fc1-5638-760b3fd60d6e",
            "leaf": true,
            "selectable": true,
            "termCodes": [
                {
                    "code": "119339001",
                    "display": "Stool specimen",
                    "system": "http://snomed.info/sct",
                    "version": "http://snomed.info/sct/900000000000207008/version/20220930"
                }
            ]
        },
        {
            "context": {
                "code": "Specimen",
                "display": "Bioprobe",
                "system": "fdpg.mii.cds",
                "version": "1.0.0"
            },
            "display": "Synovial fluid specimen",
            "id": "f34f241d-2b93-6cb4-f4c8-a3f0e6bf736e",
            "leaf": true,
            "selectable": true,
            "termCodes": [
                {
                    "code": "119332005",
                    "display": "Synovial fluid specimen",
                    "system": "http://snomed.info/sct",
                    "version": "http://snomed.info/sct/900000000000207008/version/20220930"
                }
            ]
        },
        {
            "children": [
                {
                    "context": {
                        "code": "Specimen",
                        "display": "Bioprobe",
                        "system": "fdpg.mii.cds",
                        "version": "1.0.0"
                    },
                    "display": "Bone tissue specimen",
                    "id": "a228c9bd-2a3a-1a4f-c562-d0f191efd202",
                    "leaf": true,
                    "selectable": true,
                    "termCodes": [
                        {
                            "code": "258417006",
                            "display": "Bone tissue specimen",
                            "system": "http://snomed.info/sct",
                            "version": "http://snomed.info/sct/900000000000207008/version/20220930"
                        }
                    ]
                },
                {
                    "context": {
                        "code": "Specimen",
                        "display": "Bioprobe",
                        "system": "fdpg.mii.cds",
                        "version": "1.0.0"
                    },
                    "display": "Formalin-fixed paraffin-embedded tissue specimen",
                    "id": "85b113bd-84e4-5ab0-9b6d-c37000d72621",
                    "leaf": true,
                    "selectable": true,
                    "termCodes": [
                        {
                            "code": "441652008",
                            "display": "Formalin-fixed paraffin-embedded tissue specimen",
                            "system": "http://snomed.info/sct",
                            "version": "http://snomed.info/sct/900000000000207008/version/20220930"
                        }
                    ]
                },
                {
                    "context": {
                        "code": "Specimen",
                        "display": "Bioprobe",
                        "system": "fdpg.mii.cds",
                        "version": "1.0.0"
                    },
                    "display": "Fresh tissue specimen",
                    "id": "c4e8e77a-06c7-5052-a10c-3a73f450a340",
                    "leaf": true,
                    "selectable": true,
                    "termCodes": [
                        {
                            "code": "441479001",
                            "display": "Fresh tissue specimen",
                            "system": "http://snomed.info/sct",
                            "version": "http://snomed.info/sct/900000000000207008/version/20220930"
                        }
                    ]
                },
                {
                    "context": {
                        "code": "Specimen",
                        "display": "Bioprobe",
                        "system": "fdpg.mii.cds",
                        "version": "1.0.0"
                    },
                    "display": "Frozen tissue section specimen",
                    "id": "382bde3a-ac60-217f-4b14-7da4fce3e785",
                    "leaf": true,
                    "selectable": true,
                    "termCodes": [
                        {
                            "code": "16214131000119104",
                            "display": "Frozen tissue section specimen",
                            "system": "http://snomed.info/sct",
                            "version": "http://snomed.info/sct/900000000000207008/version/20220930"
                        }
                    ]
                },
                {
                    "context": {
                        "code": "Specimen",
                        "display": "Bioprobe",
                        "system": "fdpg.mii.cds",
                        "version": "1.0.0"
                    },
                    "display": "Oral tissue specimen",
                    "id": "11c5b132-0fdb-75c0-d3f5-804437be2a73",
                    "leaf": true,
                    "selectable": true,
                    "termCodes": [
                        {
                            "code": "309186001",
                            "display": "Oral tissue specimen",
                            "system": "http://snomed.info/sct",
                            "version": "http://snomed.info/sct/900000000000207008/version/20220930"
                        }
                    ]
                },
                {
                    "children": [
                        {
                            "context": {
                                "code": "Specimen",
                                "display": "Bioprobe",
                                "system": "fdpg.mii.cds",
                                "version": "1.0.0"
                            },
                            "display": "Tissue specimen from skin",
                            "id": "dc335865-206e-9bf5-fb10-00ae74991cea",
                            "leaf": true,
                            "selectable": true,
                            "termCodes": [
                                {
                                    "code": "119325001",
                                    "display": "Tissue specimen from skin",
                                    "system": "http://snomed.info/sct",
                                    "version": "http://snomed.info/sct/900000000000207008/version/20220930"
                                }
                            ]
                        }
                    ],
                    "context": {
                        "code": "Specimen",
                        "display": "Bioprobe",
                        "system": "fdpg.mii.cds",
                        "version": "1.0.0"
                    },
                    "display": "Soft tissue specimen",
                    "id": "a4bc3391-aa19-003b-ee73-9f77ba1e25f1",
                    "leaf": false,
                    "selectable": true,
                    "termCodes": [
                        {
                            "code": "309072003",
                            "display": "Soft tissue specimen",
                            "system": "http://snomed.info/sct",
                            "version": "http://snomed.info/sct/900000000000207008/version/20220930"
                        }
                    ]
                },
                {
                    "context": {
                        "code": "Specimen",
                        "display": "Bioprobe",
                        "system": "fdpg.mii.cds",
                        "version": "1.0.0"
                    },
                    "display": "Tissue specimen from breast",
                    "id": "4de603fc-34e8-50c9-e60a-3f2acd215512",
                    "leaf": true,
                    "selectable": true,
                    "termCodes": [
                        {
                            "code": "127457009",
                            "display": "Tissue specimen from breast",
                            "system": "http://snomed.info/sct",
                            "version": "http://snomed.info/sct/900000000000207008/version/20220930"
                        }
                    ]
                },
                {
                    "context": {
                        "code": "Specimen",
                        "display": "Bioprobe",
                        "system": "fdpg.mii.cds",
                        "version": "1.0.0"
                    },
                    "display": "Tumor tissue specimen",
                    "id": "4beb7c0d-205d-ce49-8ad2-f0fe60e4e0bf",
                    "leaf": true,
                    "selectable": true,
                    "termCodes": [
                        {
                            "code": "258435002",
                            "display": "Tumor tissue specimen",
                            "system": "http://snomed.info/sct",
                            "version": "http://snomed.info/sct/900000000000207008/version/20220930"
                        }
                    ]
                }
            ],
            "context": {
                "code": "Specimen",
                "display": "Bioprobe",
                "system": "fdpg.mii.cds",
                "version": "1.0.0"
            },
            "display": "Tissue specimen",
            "id": "b604ee73-d6bc-4e02-b9cd-8511fa5c3821",
            "leaf": false,
            "selectable": true,
            "termCodes": [
                {
                    "code": "119376003",
                    "display": "Tissue specimen",
                    "system": "http://snomed.info/sct",
                    "version": "http://snomed.info/sct/900000000000207008/version/20220930"
                }
            ]
        },
        {
            "context": {
                "code": "Specimen",
                "display": "Bioprobe",
                "system": "fdpg.mii.cds",
                "version": "1.0.0"
            },
            "display": "Urine sediment specimen",
            "id": "d0694e61-063a-57d6-0c56-f22cedbca349",
            "leaf": true,
            "selectable": true,
            "termCodes": [
                {
                    "code": "122567009",
                    "display": "Urine sediment specimen",
                    "system": "http://snomed.info/sct",
                    "version": "http://snomed.info/sct/900000000000207008/version/20220930"
                }
            ]
        },
        {
            "children": [
                {
                    "context": {
                        "code": "Specimen",
                        "display": "Bioprobe",
                        "system": "fdpg.mii.cds",
                        "version": "1.0.0"
                    },
                    "display": "24 hour urine specimen",
                    "id": "64dd8043-01e3-5797-aaea-84fbd6ad32dc",
                    "leaf": true,
                    "selectable": true,
                    "termCodes": [
                        {
                            "code": "276833005",
                            "display": "24 hour urine specimen",
                            "system": "http://snomed.info/sct",
                            "version": "http://snomed.info/sct/900000000000207008/version/20220930"
                        }
                    ]
                },
                {
                    "context": {
                        "code": "Specimen",
                        "display": "Bioprobe",
                        "system": "fdpg.mii.cds",
                        "version": "1.0.0"
                    },
                    "display": "Spot urine specimen",
                    "id": "9da0016f-31b0-133a-0910-9d964edaf717",
                    "leaf": true,
                    "selectable": true,
                    "termCodes": [
                        {
                            "code": "278020009",
                            "display": "Spot urine specimen",
                            "system": "http://snomed.info/sct",
                            "version": "http://snomed.info/sct/900000000000207008/version/20220930"
                        }
                    ]
                }
            ],
            "context": {
                "code": "Specimen",
                "display": "Bioprobe",
                "system": "fdpg.mii.cds",
                "version": "1.0.0"
            },
            "display": "Urine specimen",
            "id": "63be5ee0-f222-f4d9-4986-f30341ca02c1",
            "leaf": false,
            "selectable": true,
            "termCodes": [
                {
                    "code": "122575003",
                    "display": "Urine specimen",
                    "system": "http://snomed.info/sct",
                    "version": "http://snomed.info/sct/900000000000207008/version/20220930"
                }
            ]
        },
        {
            "context": {
                "code": "Specimen",
                "display": "Bioprobe",
                "system": "fdpg.mii.cds",
                "version": "1.0.0"
            },
            "display": "Whole blood",
            "id": "f9fb6b38-52b5-4580-3351-09e02d998754",
            "leaf": true,
            "selectable": true,
            "termCodes": [
                {
                    "code": "420135007",
                    "display": "Whole blood",
                    "system": "http://snomed.info/sct",
                    "version": "http://snomed.info/sct/900000000000207008/version/20220930"
                }
            ]
        }
    ],
    "context": {
        "code": "Bioprobe",
        "display": "Bioprobe",
        "system": "fdpg.mii.cds"
    },
    "display": "Bioprobe",
    "id": "18b41390-b137-06cb-9ec5-b082d32514c7",
    "leaf": false,
    "selectable": false,
    "termCodes": [
        {
            "code": "Bioprobe",
            "display": "Bioprobe",
            "system": "fdpg.mii.cds"
        }
    ]
}