{
    "children": [
        {
            "children": [
                {
                    "context": {
                        "code": "Einwilligung",
                        "display": "Einwilligung",
                        "system": "fdpg.mii.cds",
                        "version": "1.0.0"
                    },
                    "display": "BIOMAT Analysedaten zusammenfuehren Dritte",
                    "id": "d34b1bea-0b41-eb62-b721-77d5b6957b8f",
                    "leaf": true,
                    "selectable": true,
                    "termCodes": [
                        {
                            "code": "2.16.840.1.113883.3.1937.777.24.5.3.23",
                            "display": "BIOMAT Analysedaten zusammenfuehren Dritte",
                            "system": "urn:oid:2.16.840.1.113883.3.1937.777.24.5.3",
                            "version": "1.0.2"
                        }
                    ]
                },
                {
                    "context": {
                        "code": "Einwilligung",
                        "display": "Einwilligung",
                        "system": "fdpg.mii.cds",
                        "version": "1.0.0"
                    },
                    "display": "BIOMAT Eigentum \u00fcbertragen",
                    "id": "551236db-f1f7-039e-9b89-a0f567fc5b10",
                    "leaf": true,
                    "selectable": true,
                    "termCodes": [
                        {
                            "code": "2.16.840.1.113883.3.1937.777.24.5.3.21",
                            "display": "BIOMAT Eigentum \u00fcbertragen",
                            "system": "urn:oid:2.16.840.1.113883.3.1937.777.24.5.3",
                            "version": "1.0.2"
                        }
                    ]
                },
                {
                    "context": {
                        "code": "Einwilligung",
                        "display": "Einwilligung",
                        "system": "fdpg.mii.cds",
                        "version": "1.0.0"
                    },
                    "display": "BIOMAT erheben",
                    "id": "3326e9cb-5ef5-0311-b105-d56be38efe17",
                    "leaf": true,
                    "selectable": true,
                    "termCodes": [
                        {
                            "code": "2.16.840.1.113883.3.1937.777.24.5.3.19",
                            "display": "BIOMAT erheben",
                            "system": "urn:oid:2.16.840.1.113883.3.1937.777.24.5.3",
                            "version": "1.0.2"
                        }
                    ]
                },
                {
                    "context": {
                        "code": "Einwilligung",
                        "display": "Einwilligung",
                        "system": "fdpg.mii.cds",
                        "version": "1.0.0"
                    },
                    "display": "BIOMAT lagern verarbeiten",
                    "id": "8e59bdc4-a792-2588-d213-56162326ef33",
                    "leaf": true,
                    "selectable": true,
                    "termCodes": [
                        {
                            "code": "2.16.840.1.113883.3.1937.777.24.5.3.20",
                            "display": "BIOMAT lagern verarbeiten",
                            "system": "urn:oid:2.16.840.1.113883.3.1937.777.24.5.3",
                            "version": "1.0.2"
                        }
                    ]
                },
                {
                    "context": {
                        "code": "Einwilligung",
                        "display": "Einwilligung",
                        "system": "fdpg.mii.cds",
                        "version": "1.0.0"
                    },
                    "display": "BIOMAT wissenschaftlich nutzen EU DSGVO NIVEAU",
                    "id": "14067384-0165-5488-02f1-b2eadee28795",
                    "leaf": true,
                    "selectable": true,
                    "termCodes": [
                        {
                            "code": "2.16.840.1.113883.3.1937.777.24.5.3.22",
                            "display": "BIOMAT wissenschaftlich nutzen EU DSGVO NIVEAU",
                            "system": "urn:oid:2.16.840.1.113883.3.1937.777.24.5.3",
                            "version": "1.0.2"
                        }
                    ]
                }
            ],
            "context": {
                "code": "Einwilligung",
                "display": "Einwilligung",
                "system": "fdpg.mii.cds",
                "version": "1.0.0"
            },
            "display": "Biomaterial erheben, lagern, nutzen",
            "id": "936e1c45-18ba-27c0-739f-081a299bb3f2",
            "leaf": false,
            "selectable": false,
            "termCodes": [
                {
                    "code": "2.16.840.1.113883.3.1937.777.24.5.3.18",
                    "display": "Biomaterial erheben, lagern, nutzen",
                    "system": "urn:oid:2.16.840.1.113883.3.1937.777.24.5.3",
                    "version": "1.0.2"
                }
            ]
        },
        {
            "children": [
                {
                    "context": {
                        "code": "Einwilligung",
                        "display": "Einwilligung",
                        "system": "fdpg.mii.cds",
                        "version": "1.0.0"
                    },
                    "display": "BIOMAT retrospektiv Analysedaten zusammenfuehren Dritte",
                    "id": "cac68523-e399-196f-c12c-d04afb02ab4a",
                    "leaf": true,
                    "selectable": true,
                    "termCodes": [
                        {
                            "code": "2.16.840.1.113883.3.1937.777.24.5.3.53",
                            "display": "BIOMAT retrospektiv Analysedaten zusammenfuehren Dritte",
                            "system": "urn:oid:2.16.840.1.113883.3.1937.777.24.5.3",
                            "version": "1.0.2"
                        }
                    ]
                },
                {
                    "context": {
                        "code": "Einwilligung",
                        "display": "Einwilligung",
                        "system": "fdpg.mii.cds",
                        "version": "1.0.0"
                    },
                    "display": "BIOMAT retrospektiv lagern verarbeiten",
                    "id": "c01149dd-486c-132e-fd97-6b83c48c04e3",
                    "leaf": true,
                    "selectable": true,
                    "termCodes": [
                        {
                            "code": "2.16.840.1.113883.3.1937.777.24.5.3.51",
                            "display": "BIOMAT retrospektiv lagern verarbeiten",
                            "system": "urn:oid:2.16.840.1.113883.3.1937.777.24.5.3",
                            "version": "1.0.2"
                        }
                    ]
                },
                {
                    "context": {
                        "code": "Einwilligung",
                        "display": "Einwilligung",
                        "system": "fdpg.mii.cds",
                        "version": "1.0.0"
                    },
                    "display": "BIOMAT retrospektiv wissenschaftlich nutzen EU DSGVO NIVEAU",
                    "id": "109538f0-eb10-49ed-56c6-a4ff5bb338b3",
                    "leaf": true,
                    "selectable": true,
                    "termCodes": [
                        {
                            "code": "2.16.840.1.113883.3.1937.777.24.5.3.52",
                            "display": "BIOMAT retrospektiv wissenschaftlich nutzen EU DSGVO NIVEAU",
                            "system": "urn:oid:2.16.840.1.113883.3.1937.777.24.5.3",
                            "version": "1.0.2"
                        }
                    ]
                }
            ],
            "context": {
                "code": "Einwilligung",
                "display": "Einwilligung",
                "system": "fdpg.mii.cds",
                "version": "1.0.0"
            },
            "display": "Biomaterial retrospektiv speichern, nutzen",
            "id": "9e07d042-6214-3be6-b2cc-e97c79a80f5a",
            "leaf": false,
            "selectable": false,
            "termCodes": [
                {
                    "code": "2.16.840.1.113883.3.1937.777.24.5.3.50",
                    "display": "Biomaterial retrospektiv speichern, nutzen",
                    "system": "urn:oid:2.16.840.1.113883.3.1937.777.24.5.3",
                    "version": "1.0.2"
                }
            ]
        },
        {
            "children": [
                {
                    "context": {
                        "code": "Einwilligung",
                        "display": "Einwilligung",
                        "system": "fdpg.mii.cds",
                        "version": "1.0.0"
                    },
                    "display": "BIOMAT bereitstellen ohne EU DSGVO NIVEAU",
                    "id": "f8eaab1a-c14d-6468-6a05-db5da8cdbbf5",
                    "leaf": true,
                    "selectable": true,
                    "termCodes": [
                        {
                            "code": "2.16.840.1.113883.3.1937.777.24.5.3.55",
                            "display": "BIOMAT bereitstellen ohne EU DSGVO NIVEAU",
                            "system": "urn:oid:2.16.840.1.113883.3.1937.777.24.5.3",
                            "version": "1.0.2"
                        }
                    ]
                }
            ],
            "context": {
                "code": "Einwilligung",
                "display": "Einwilligung",
                "system": "fdpg.mii.cds",
                "version": "1.0.0"
            },
            "display": "Biomaterial Weitergabe non EU DSGVO NIVEAU",
            "id": "5a36cba0-9950-abd8-12d7-54e530785085",
            "leaf": false,
            "selectable": false,
            "termCodes": [
                {
                    "code": "2.16.840.1.113883.3.1937.777.24.5.3.54",
                    "display": "Biomaterial Weitergabe non EU DSGVO NIVEAU",
                    "system": "urn:oid:2.16.840.1.113883.3.1937.777.24.5.3",
                    "version": "1.0.2"
                }
            ]
        },
        {
            "children": [
                {
                    "context": {
                        "code": "Einwilligung",
                        "display": "Einwilligung",
                        "system": "fdpg.mii.cds",
                        "version": "1.0.0"
                    },
                    "display": "BIOMAT Zusatzmengen entnehmen",
                    "id": "e9713e91-2cf5-8e7f-8236-9c7e06d5f8be",
                    "leaf": true,
                    "selectable": true,
                    "termCodes": [
                        {
                            "code": "2.16.840.1.113883.3.1937.777.24.5.3.25",
                            "display": "BIOMAT Zusatzmengen entnehmen",
                            "system": "urn:oid:2.16.840.1.113883.3.1937.777.24.5.3",
                            "version": "1.0.2"
                        }
                    ]
                }
            ],
            "context": {
                "code": "Einwilligung",
                "display": "Einwilligung",
                "system": "fdpg.mii.cds",
                "version": "1.0.0"
            },
            "display": "Biomaterial Zusatzentnahme",
            "id": "bd84635b-83b5-50e8-0349-740d1cf4c6b1",
            "leaf": false,
            "selectable": false,
            "termCodes": [
                {
                    "code": "2.16.840.1.113883.3.1937.777.24.5.3.24",
                    "display": "Biomaterial Zusatzentnahme",
                    "system": "urn:oid:2.16.840.1.113883.3.1937.777.24.5.3",
                    "version": "1.0.2"
                }
            ]
        },
        {
            "children": [
                {
                    "context": {
                        "code": "Einwilligung",
                        "display": "Einwilligung",
                        "system": "fdpg.mii.cds",
                        "version": "1.0.0"
                    },
                    "display": "KKDAT 5J prospektiv speichern verarbeiten",
                    "id": "ca236ca5-fc24-8894-c74a-3120a01e35e2",
                    "leaf": true,
                    "selectable": true,
                    "termCodes": [
                        {
                            "code": "2.16.840.1.113883.3.1937.777.24.5.3.16",
                            "display": "KKDAT 5J prospektiv speichern verarbeiten",
                            "system": "urn:oid:2.16.840.1.113883.3.1937.777.24.5.3",
                            "version": "1.0.2"
                        }
                    ]
                },
                {
                    "context": {
                        "code": "Einwilligung",
                        "display": "Einwilligung",
                        "system": "fdpg.mii.cds",
                        "version": "1.0.0"
                    },
                    "display": "KKDAT 5J prospektiv uebertragen",
                    "id": "bacb4e1f-6dc9-3aa6-1a81-1d235f1e0e7b",
                    "leaf": true,
                    "selectable": true,
                    "termCodes": [
                        {
                            "code": "2.16.840.1.113883.3.1937.777.24.5.3.15",
                            "display": "KKDAT 5J prospektiv uebertragen",
                            "system": "urn:oid:2.16.840.1.113883.3.1937.777.24.5.3",
                            "version": "1.0.2"
                        }
                    ]
                },
                {
                    "context": {
                        "code": "Einwilligung",
                        "display": "Einwilligung",
                        "system": "fdpg.mii.cds",
                        "version": "1.0.0"
                    },
                    "display": "KKDAT 5J prospektiv uebertragen KVNR",
                    "id": "ef2d6e4d-c0f2-3b2d-48b0-e4cd6b3dcbf2",
                    "leaf": true,
                    "selectable": true,
                    "termCodes": [
                        {
                            "code": "2.16.840.1.113883.3.1937.777.24.5.3.39",
                            "display": "KKDAT 5J prospektiv uebertragen KVNR",
                            "system": "urn:oid:2.16.840.1.113883.3.1937.777.24.5.3",
                            "version": "1.0.2"
                        }
                    ]
                },
                {
                    "context": {
                        "code": "Einwilligung",
                        "display": "Einwilligung",
                        "system": "fdpg.mii.cds",
                        "version": "1.0.0"
                    },
                    "display": "KKDAT 5J prospektiv wissenschaftlich nutzen",
                    "id": "55db5e3b-49ab-29bf-b7d6-865aa22ae158",
                    "leaf": true,
                    "selectable": true,
                    "termCodes": [
                        {
                            "code": "2.16.840.1.113883.3.1937.777.24.5.3.17",
                            "display": "KKDAT 5J prospektiv wissenschaftlich nutzen",
                            "system": "urn:oid:2.16.840.1.113883.3.1937.777.24.5.3",
                            "version": "1.0.2"
                        }
                    ]
                }
            ],
            "context": {
                "code": "Einwilligung",
                "display": "Einwilligung",
                "system": "fdpg.mii.cds",
                "version": "1.0.0"
            },
            "display": "KKDAT prospektiv uebertragen speichern nutzen",
            "id": "5e030555-981a-fb6d-bb62-2a6a9dcb3b53",
            "leaf": false,
            "selectable": false,
            "termCodes": [
                {
                    "code": "2.16.840.1.113883.3.1937.777.24.5.3.14",
                    "display": "KKDAT prospektiv uebertragen speichern nutzen",
                    "system": "urn:oid:2.16.840.1.113883.3.1937.777.24.5.3",
                    "version": "1.0.2"
                }
            ]
        },
        {
            "children": [
                {
                    "context": {
                        "code": "Einwilligung",
                        "display": "Einwilligung",
                        "system": "fdpg.mii.cds",
                        "version": "1.0.0"
                    },
                    "display": "KKDAT 5J retrospektiv speichern verarbeiten",
                    "id": "39a69361-35a3-b674-8f9c-d1526500a0c4",
                    "leaf": true,
                    "selectable": true,
                    "termCodes": [
                        {
                            "code": "2.16.840.1.113883.3.1937.777.24.5.3.12",
                            "display": "KKDAT 5J retrospektiv speichern verarbeiten",
                            "system": "urn:oid:2.16.840.1.113883.3.1937.777.24.5.3",
                            "version": "1.0.2"
                        }
                    ]
                },
                {
                    "context": {
                        "code": "Einwilligung",
                        "display": "Einwilligung",
                        "system": "fdpg.mii.cds",
                        "version": "1.0.0"
                    },
                    "display": "KKDAT 5J retrospektiv uebertragen",
                    "id": "39624b96-cb12-56cf-1bdc-57183d9ddfcd",
                    "leaf": true,
                    "selectable": true,
                    "termCodes": [
                        {
                            "code": "2.16.840.1.113883.3.1937.777.24.5.3.11",
                            "display": "KKDAT 5J retrospektiv uebertragen",
                            "system": "urn:oid:2.16.840.1.113883.3.1937.777.24.5.3",
                            "version": "1.0.2"
                        }
                    ]
                },
                {
                    "context": {
                        "code": "Einwilligung",
                        "display": "Einwilligung",
                        "system": "fdpg.mii.cds",
                        "version": "1.0.0"
                    },
                    "display": "KKDAT 5J retrospektiv uebertragen KVNR",
                    "id": "04ef787e-8ef3-9b4c-bca4-c334efc2abf3",
                    "leaf": true,
                    "selectable": true,
                    "termCodes": [
                        {
                            "code": "2.16.840.1.113883.3.1937.777.24.5.3.38",
                            "display": "KKDAT 5J retrospektiv uebertragen KVNR",
                            "system": "urn:oid:2.16.840.1.113883.3.1937.777.24.5.3",
                            "version": "1.0.2"
                        }
                    ]
                },
                {
                    "context": {
                        "code": "Einwilligung",
                        "display": "Einwilligung",
                        "system": "fdpg.mii.cds",
                        "version": "1.0.0"
                    },
                    "display": "KKDAT 5J retrospektiv wissenschaftlich nutzen",
                    "id": "f9251191-57c1-1f92-e3ea-06f9e264492d",
                    "leaf": true,
                    "selectable": true,
                    "termCodes": [
                        {
                            "code": "2.16.840.1.113883.3.1937.777.24.5.3.13",
                            "display": "KKDAT 5J retrospektiv wissenschaftlich nutzen",
                            "system": "urn:oid:2.16.840.1.113883.3.1937.777.24.5.3",
                            "version": "1.0.2"
                        }
                    ]
                }
            ],
            "context": {
                "code": "Einwilligung",
                "display": "Einwilligung",
                "system": "fdpg.mii.cds",
                "version": "1.0.0"
            },
            "display": "Krankenkassendaten retrospektiv uebertragen, speichern, nutzen",
            "id": "3a75fe4f-3c8d-4a1b-f864-e6304f0e7e25",
            "leaf": false,
            "selectable": false,
            "termCodes": [
                {
                    "code": "2.16.840.1.113883.3.1937.777.24.5.3.10",
                    "display": "Krankenkassendaten retrospektiv uebertragen, speichern, nutzen",
                    "system": "urn:oid:2.16.840.1.113883.3.1937.777.24.5.3",
                    "version": "1.0.2"
                }
            ]
        },
        {
            "children": [
                {
                    "context": {
                        "code": "Einwilligung",
                        "display": "Einwilligung",
                        "system": "fdpg.mii.cds",
                        "version": "1.0.0"
                    },
                    "display": "IDAT bereitstellen EU DSGVO NIVEAU",
                    "id": "2d2021f5-0cec-2f2a-e012-0f2a3788a0d9",
                    "leaf": true,
                    "selectable": true,
                    "termCodes": [
                        {
                            "code": "2.16.840.1.113883.3.1937.777.24.5.3.5",
                            "display": "IDAT bereitstellen EU DSGVO NIVEAU",
                            "system": "urn:oid:2.16.840.1.113883.3.1937.777.24.5.3",
                            "version": "1.0.2"
                        }
                    ]
                },
                {
                    "context": {
                        "code": "Einwilligung",
                        "display": "Einwilligung",
                        "system": "fdpg.mii.cds",
                        "version": "1.0.0"
                    },
                    "display": "IDAT erheben",
                    "id": "2317e3b2-dc83-bb85-b80e-99450c711734",
                    "leaf": true,
                    "selectable": true,
                    "termCodes": [
                        {
                            "code": "2.16.840.1.113883.3.1937.777.24.5.3.2",
                            "display": "IDAT erheben",
                            "system": "urn:oid:2.16.840.1.113883.3.1937.777.24.5.3",
                            "version": "1.0.2"
                        }
                    ]
                },
                {
                    "context": {
                        "code": "Einwilligung",
                        "display": "Einwilligung",
                        "system": "fdpg.mii.cds",
                        "version": "1.0.0"
                    },
                    "display": "IDAT speichern, verarbeiten",
                    "id": "36a75b1e-5ac3-8a7e-e37a-47d1598d6269",
                    "leaf": true,
                    "selectable": true,
                    "termCodes": [
                        {
                            "code": "2.16.840.1.113883.3.1937.777.24.5.3.3",
                            "display": "IDAT speichern, verarbeiten",
                            "system": "urn:oid:2.16.840.1.113883.3.1937.777.24.5.3",
                            "version": "1.0.2"
                        }
                    ]
                },
                {
                    "context": {
                        "code": "Einwilligung",
                        "display": "Einwilligung",
                        "system": "fdpg.mii.cds",
                        "version": "1.0.0"
                    },
                    "display": "IDAT zusammenfuehren Dritte",
                    "id": "546c89df-d34d-4f25-8c84-42d3e94c6b8a",
                    "leaf": true,
                    "selectable": true,
                    "termCodes": [
                        {
                            "code": "2.16.840.1.113883.3.1937.777.24.5.3.4",
                            "display": "IDAT zusammenfuehren Dritte",
                            "system": "urn:oid:2.16.840.1.113883.3.1937.777.24.5.3",
                            "version": "1.0.2"
                        }
                    ]
                },
                {
                    "context": {
                        "code": "Einwilligung",
                        "display": "Einwilligung",
                        "system": "fdpg.mii.cds",
                        "version": "1.0.0"
                    },
                    "display": "MDAT erheben",
                    "id": "3e02f1e8-05f0-0162-f2d7-cd8f2dfd6aa6",
                    "leaf": true,
                    "selectable": true,
                    "termCodes": [
                        {
                            "code": "2.16.840.1.113883.3.1937.777.24.5.3.6",
                            "display": "MDAT erheben",
                            "system": "urn:oid:2.16.840.1.113883.3.1937.777.24.5.3",
                            "version": "1.0.2"
                        }
                    ]
                },
                {
                    "context": {
                        "code": "Einwilligung",
                        "display": "Einwilligung",
                        "system": "fdpg.mii.cds",
                        "version": "1.0.0"
                    },
                    "display": "MDAT speichern, verarbeiten",
                    "id": "b0bf6fa8-a0ce-11d4-12e9-53a47e754194",
                    "leaf": true,
                    "selectable": true,
                    "termCodes": [
                        {
                            "code": "2.16.840.1.113883.3.1937.777.24.5.3.7",
                            "display": "MDAT speichern, verarbeiten",
                            "system": "urn:oid:2.16.840.1.113883.3.1937.777.24.5.3",
                            "version": "1.0.2"
                        }
                    ]
                },
                {
                    "context": {
                        "code": "Einwilligung",
                        "display": "Einwilligung",
                        "system": "fdpg.mii.cds",
                        "version": "1.0.0"
                    },
                    "display": "MDAT wissenschaftlich nutzen EU DSGVO NIVEAU",
                    "id": "d2763970-cc55-16be-ca5e-82c0d5665f24",
                    "leaf": true,
                    "selectable": true,
                    "termCodes": [
                        {
                            "code": "2.16.840.1.113883.3.1937.777.24.5.3.8",
                            "display": "MDAT wissenschaftlich nutzen EU DSGVO NIVEAU",
                            "system": "urn:oid:2.16.840.1.113883.3.1937.777.24.5.3",
                            "version": "1.0.2"
                        }
                    ]
                },
                {
                    "context": {
                        "code": "Einwilligung",
                        "display": "Einwilligung",
                        "system": "fdpg.mii.cds",
                        "version": "1.0.0"
                    },
                    "display": "MDAT zusammenfuehren Dritte",
                    "id": "3f93c4e3-fe78-9896-35eb-0ad6b94a4164",
                    "leaf": true,
                    "selectable": true,
                    "termCodes": [
                        {
                            "code": "2.16.840.1.113883.3.1937.777.24.5.3.9",
                            "display": "MDAT zusammenfuehren Dritte",
                            "system": "urn:oid:2.16.840.1.113883.3.1937.777.24.5.3",
                            "version": "1.0.2"
                        }
                    ]
                },
                {
                    "context": {
                        "code": "Einwilligung",
                        "display": "Einwilligung",
                        "system": "fdpg.mii.cds",
                        "version": "1.0.0"
                    },
                    "display": "Rekontaktierung Ergebnisse erheblicher Bedeutung",
                    "id": "e4754605-4be5-5b63-a1d5-319ad94ff00b",
                    "leaf": true,
                    "selectable": true,
                    "termCodes": [
                        {
                            "code": "2.16.840.1.113883.3.1937.777.24.5.3.37",
                            "display": "Rekontaktierung Ergebnisse erheblicher Bedeutung",
                            "system": "urn:oid:2.16.840.1.113883.3.1937.777.24.5.3",
                            "version": "1.0.2"
                        }
                    ]
                }
            ],
            "context": {
                "code": "Einwilligung",
                "display": "Einwilligung",
                "system": "fdpg.mii.cds",
                "version": "1.0.0"
            },
            "display": "Patientendaten erheben, speichern, nutzen",
            "id": "672f04e2-954b-5419-3cb4-a77dfa289688",
            "leaf": false,
            "selectable": false,
            "termCodes": [
                {
                    "code": "2.16.840.1.113883.3.1937.777.24.5.3.1",
                    "display": "Patientendaten erheben, speichern, nutzen",
                    "system": "urn:oid:2.16.840.1.113883.3.1937.777.24.5.3",
                    "version": "1.0.2"
                }
            ]
        },
        {
            "children": [
                {
                    "context": {
                        "code": "Einwilligung",
                        "display": "Einwilligung",
                        "system": "fdpg.mii.cds",
                        "version": "1.0.0"
                    },
                    "display": "MDAT retrospektiv speichern verarbeiten",
                    "id": "ab41e4df-ffff-ec99-ddfe-cb3897eb5f1e",
                    "leaf": true,
                    "selectable": true,
                    "termCodes": [
                        {
                            "code": "2.16.840.1.113883.3.1937.777.24.5.3.45",
                            "display": "MDAT retrospektiv speichern verarbeiten",
                            "system": "urn:oid:2.16.840.1.113883.3.1937.777.24.5.3",
                            "version": "1.0.2"
                        }
                    ]
                },
                {
                    "context": {
                        "code": "Einwilligung",
                        "display": "Einwilligung",
                        "system": "fdpg.mii.cds",
                        "version": "1.0.0"
                    },
                    "display": "MDAT retrospektiv wissenschaftlich nutzen EU DSGVO NIVEAU",
                    "id": "4700b739-1235-468a-a1e6-d9f0909dc070",
                    "leaf": true,
                    "selectable": true,
                    "termCodes": [
                        {
                            "code": "2.16.840.1.113883.3.1937.777.24.5.3.46",
                            "display": "MDAT retrospektiv wissenschaftlich nutzen EU DSGVO NIVEAU",
                            "system": "urn:oid:2.16.840.1.113883.3.1937.777.24.5.3",
                            "version": "1.0.2"
                        }
                    ]
                },
                {
                    "context": {
                        "code": "Einwilligung",
                        "display": "Einwilligung",
                        "system": "fdpg.mii.cds",
                        "version": "1.0.0"
                    },
                    "display": "MDAT retrospektiv zusammenfuehren Dritte",
                    "id": "49c11698-8ce6-85a6-5bd5-26ce97114c84",
                    "leaf": true,
                    "selectable": true,
                    "termCodes": [
                        {
                            "code": "2.16.840.1.113883.3.1937.777.24.5.3.47",
                            "display": "MDAT retrospektiv zusammenfuehren Dritte",
                            "system": "urn:oid:2.16.840.1.113883.3.1937.777.24.5.3",
                            "version": "1.0.2"
                        }
                    ]
                }
            ],
            "context": {
                "code": "Einwilligung",
                "display": "Einwilligung",
                "system": "fdpg.mii.cds",
                "version": "1.0.0"
            },
            "display": "Patientendaten retrospektiv verarbeiten, nutzen",
            "id": "74457a7b-a2a8-3f2f-30f7-0afc8d43586a",
            "leaf": false,
            "selectable": false,
            "termCodes": [
                {
                    "code": "2.16.840.1.113883.3.1937.777.24.5.3.44",
                    "display": "Patientendaten retrospektiv verarbeiten, nutzen",
                    "system": "urn:oid:2.16.840.1.113883.3.1937.777.24.5.3",
                    "version": "1.0.2"
                }
            ]
        },
        {
            "children": [
                {
                    "context": {
                        "code": "Einwilligung",
                        "display": "Einwilligung",
                        "system": "fdpg.mii.cds",
                        "version": "1.0.0"
                    },
                    "display": "MDAT bereitstellen non EU DSGVO NIVEAU",
                    "id": "520ebaef-f394-009e-d2cd-7048f02f071a",
                    "leaf": true,
                    "selectable": true,
                    "termCodes": [
                        {
                            "code": "2.16.840.1.113883.3.1937.777.24.5.3.49",
                            "display": "MDAT bereitstellen non EU DSGVO NIVEAU",
                            "system": "urn:oid:2.16.840.1.113883.3.1937.777.24.5.3",
                            "version": "1.0.2"
                        }
                    ]
                }
            ],
            "context": {
                "code": "Einwilligung",
                "display": "Einwilligung",
                "system": "fdpg.mii.cds",
                "version": "1.0.0"
            },
            "display": "Patientendaten Weitergabe non DSGVO NIVEAU",
            "id": "7aa22658-c41a-f9d8-ca19-aba41914c88b",
            "leaf": false,
            "selectable": false,
            "termCodes": [
                {
                    "code": "2.16.840.1.113883.3.1937.777.24.5.3.48",
                    "display": "Patientendaten Weitergabe non DSGVO NIVEAU",
                    "system": "urn:oid:2.16.840.1.113883.3.1937.777.24.5.3",
                    "version": "1.0.2"
                }
            ]
        },
        {
            "children": [
                {
                    "context": {
                        "code": "Einwilligung",
                        "display": "Einwilligung",
                        "system": "fdpg.mii.cds",
                        "version": "1.0.0"
                    },
                    "display": "Rekontaktierung Verkn\u00fcpfung Datenbanken",
                    "id": "105e9ef2-7072-bfea-7050-35a3c34fe104",
                    "leaf": true,
                    "selectable": true,
                    "termCodes": [
                        {
                            "code": "2.16.840.1.113883.3.1937.777.24.5.3.27",
                            "display": "Rekontaktierung Verkn\u00fcpfung Datenbanken",
                            "system": "urn:oid:2.16.840.1.113883.3.1937.777.24.5.3",
                            "version": "1.0.2"
                        }
                    ]
                },
                {
                    "context": {
                        "code": "Einwilligung",
                        "display": "Einwilligung",
                        "system": "fdpg.mii.cds",
                        "version": "1.0.0"
                    },
                    "display": "Rekontaktierung weitere Erhebung",
                    "id": "21f646d1-5ea0-3bad-13fe-0741c771f284",
                    "leaf": true,
                    "selectable": true,
                    "termCodes": [
                        {
                            "code": "2.16.840.1.113883.3.1937.777.24.5.3.28",
                            "display": "Rekontaktierung weitere Erhebung",
                            "system": "urn:oid:2.16.840.1.113883.3.1937.777.24.5.3",
                            "version": "1.0.2"
                        }
                    ]
                },
                {
                    "context": {
                        "code": "Einwilligung",
                        "display": "Einwilligung",
                        "system": "fdpg.mii.cds",
                        "version": "1.0.0"
                    },
                    "display": "Rekontaktierung weitere Studien",
                    "id": "810ad385-2b0c-5339-dbb9-c13c1196a9db",
                    "leaf": true,
                    "selectable": true,
                    "termCodes": [
                        {
                            "code": "2.16.840.1.113883.3.1937.777.24.5.3.29",
                            "display": "Rekontaktierung weitere Studien",
                            "system": "urn:oid:2.16.840.1.113883.3.1937.777.24.5.3",
                            "version": "1.0.2"
                        }
                    ]
                }
            ],
            "context": {
                "code": "Einwilligung",
                "display": "Einwilligung",
                "system": "fdpg.mii.cds",
                "version": "1.0.0"
            },
            "display": "Rekontaktierung Erg\u00e4nzungen",
            "id": "aa0f7927-863d-941f-b90e-c9fd0433d182",
            "leaf": false,
            "selectable": false,
            "termCodes": [
                {
                    "code": "2.16.840.1.113883.3.1937.777.24.5.3.26",
                    "display": "Rekontaktierung Erg\u00e4nzungen",
                    "system": "urn:oid:2.16.840.1.113883.3.1937.777.24.5.3",
                    "version": "1.0.2"
                }
            ]
        },
        {
            "children": [
                {
                    "context": {
                        "code": "Einwilligung",
                        "display": "Einwilligung",
                        "system": "fdpg.mii.cds",
                        "version": "1.0.0"
                    },
                    "display": "Rekontaktierung Zusatzbefund",
                    "id": "f9248716-b2ce-ae7f-c8d3-98f324176ff5",
                    "leaf": true,
                    "selectable": true,
                    "termCodes": [
                        {
                            "code": "2.16.840.1.113883.3.1937.777.24.5.3.31",
                            "display": "Rekontaktierung Zusatzbefund",
                            "system": "urn:oid:2.16.840.1.113883.3.1937.777.24.5.3",
                            "version": "1.0.2"
                        }
                    ]
                }
            ],
            "context": {
                "code": "Einwilligung",
                "display": "Einwilligung",
                "system": "fdpg.mii.cds",
                "version": "1.0.0"
            },
            "display": "Rekontaktierung Zusatzbefund",
            "id": "18fa8b71-441d-6563-423c-beb3b0c5efef",
            "leaf": false,
            "selectable": false,
            "termCodes": [
                {
                    "code": "2.16.840.1.113883.3.1937.777.24.5.3.30",
                    "display": "Rekontaktierung Zusatzbefund",
                    "system": "urn:oid:2.16.840.1.113883.3.1937.777.24.5.3",
                    "version": "1.0.2"
                }
            ]
        },
        {
            "children": [
                {
                    "context": {
                        "code": "Einwilligung",
                        "display": "Einwilligung",
                        "system": "fdpg.mii.cds",
                        "version": "1.0.0"
                    },
                    "display": "MDAT GECCO83 bereitstellen NUM/CODEX",
                    "id": "71efbdec-fe07-b04b-f0f4-6603c771617e",
                    "leaf": true,
                    "selectable": true,
                    "termCodes": [
                        {
                            "code": "2.16.840.1.113883.3.1937.777.24.5.3.33",
                            "display": "MDAT GECCO83 bereitstellen NUM/CODEX",
                            "system": "urn:oid:2.16.840.1.113883.3.1937.777.24.5.3",
                            "version": "1.0.2"
                        }
                    ]
                },
                {
                    "context": {
                        "code": "Einwilligung",
                        "display": "Einwilligung",
                        "system": "fdpg.mii.cds",
                        "version": "1.0.0"
                    },
                    "display": "MDAT GECCO83 erheben",
                    "id": "b90483df-46c9-8ca0-c1be-27cf7036ccb3",
                    "leaf": true,
                    "selectable": true,
                    "termCodes": [
                        {
                            "code": "2.16.840.1.113883.3.1937.777.24.5.3.43",
                            "display": "MDAT GECCO83 erheben",
                            "system": "urn:oid:2.16.840.1.113883.3.1937.777.24.5.3",
                            "version": "1.0.2"
                        }
                    ]
                },
                {
                    "context": {
                        "code": "Einwilligung",
                        "display": "Einwilligung",
                        "system": "fdpg.mii.cds",
                        "version": "1.0.0"
                    },
                    "display": "MDAT GECCO83 komplettieren einmalig",
                    "id": "dc740b09-744b-8f72-c458-1644feb7a157",
                    "leaf": true,
                    "selectable": true,
                    "termCodes": [
                        {
                            "code": "2.16.840.1.113883.3.1937.777.24.5.3.40",
                            "display": "MDAT GECCO83 komplettieren einmalig",
                            "system": "urn:oid:2.16.840.1.113883.3.1937.777.24.5.3",
                            "version": "1.0.2"
                        }
                    ]
                },
                {
                    "context": {
                        "code": "Einwilligung",
                        "display": "Einwilligung",
                        "system": "fdpg.mii.cds",
                        "version": "1.0.0"
                    },
                    "display": "MDAT GECCO83 speichern verarbeiten NUM/CODEX",
                    "id": "7ef3bb3a-27ed-8c03-a675-b38912dcdbad",
                    "leaf": true,
                    "selectable": true,
                    "termCodes": [
                        {
                            "code": "2.16.840.1.113883.3.1937.777.24.5.3.34",
                            "display": "MDAT GECCO83 speichern verarbeiten NUM/CODEX",
                            "system": "urn:oid:2.16.840.1.113883.3.1937.777.24.5.3",
                            "version": "1.0.2"
                        }
                    ]
                },
                {
                    "context": {
                        "code": "Einwilligung",
                        "display": "Einwilligung",
                        "system": "fdpg.mii.cds",
                        "version": "1.0.0"
                    },
                    "display": "MDAT GECCO83 wissenschaftlich nutzen COVID 19 Forschung EU DSGVO konform",
                    "id": "dd18d845-2a6a-9be5-8001-65a9ded55868",
                    "leaf": true,
                    "selectable": true,
                    "termCodes": [
                        {
                            "code": "2.16.840.1.113883.3.1937.777.24.5.3.41",
                            "display": "MDAT GECCO83 wissenschaftlich nutzen COVID 19 Forschung EU DSGVO konform",
                            "system": "urn:oid:2.16.840.1.113883.3.1937.777.24.5.3",
                            "version": "1.0.2"
                        }
                    ]
                },
                {
                    "context": {
                        "code": "Einwilligung",
                        "display": "Einwilligung",
                        "system": "fdpg.mii.cds",
                        "version": "1.0.0"
                    },
                    "display": "MDAT GECCO83 wissenschaftlich nutzen NUM/CODEX EU DSGVO NIVEAU",
                    "id": "23033db0-2f16-8c1f-69b9-567820287590",
                    "leaf": true,
                    "selectable": true,
                    "termCodes": [
                        {
                            "code": "2.16.840.1.113883.3.1937.777.24.5.3.56",
                            "display": "MDAT GECCO83 wissenschaftlich nutzen NUM/CODEX EU DSGVO NIVEAU",
                            "system": "urn:oid:2.16.840.1.113883.3.1937.777.24.5.3",
                            "version": "1.0.2"
                        }
                    ]
                },
                {
                    "context": {
                        "code": "Einwilligung",
                        "display": "Einwilligung",
                        "system": "fdpg.mii.cds",
                        "version": "1.0.0"
                    },
                    "display": "MDAT GECCO83 wissenschaftlich nutzen Pandemie Forschung EU DSGVO konform",
                    "id": "78d7c350-19d7-bc1a-2b5a-a6b3045cf90a",
                    "leaf": true,
                    "selectable": true,
                    "termCodes": [
                        {
                            "code": "2.16.840.1.113883.3.1937.777.24.5.3.42",
                            "display": "MDAT GECCO83 wissenschaftlich nutzen Pandemie Forschung EU DSGVO konform",
                            "system": "urn:oid:2.16.840.1.113883.3.1937.777.24.5.3",
                            "version": "1.0.2"
                        }
                    ]
                }
            ],
            "context": {
                "code": "Einwilligung",
                "display": "Einwilligung",
                "system": "fdpg.mii.cds",
                "version": "1.0.0"
            },
            "display": "Z1 GECCO83 Nutzung NUM/CODEX",
            "id": "fe1a3621-df3c-77c0-a5bc-574ed212d4d3",
            "leaf": false,
            "selectable": false,
            "termCodes": [
                {
                    "code": "2.16.840.1.113883.3.1937.777.24.5.3.32",
                    "display": "Z1 GECCO83 Nutzung NUM/CODEX",
                    "system": "urn:oid:2.16.840.1.113883.3.1937.777.24.5.3",
                    "version": "1.0.2"
                }
            ]
        },
        {
            "children": [
                {
                    "context": {
                        "code": "Einwilligung",
                        "display": "Einwilligung",
                        "system": "fdpg.mii.cds",
                        "version": "1.0.0"
                    },
                    "display": "MDAT GECCO83 bereitstellen NUM/CODEX ohne EU DSGVO NIVEAU",
                    "id": "7b2780ba-5adc-4739-9569-dcd8e57031a0",
                    "leaf": true,
                    "selectable": true,
                    "termCodes": [
                        {
                            "code": "2.16.840.1.113883.3.1937.777.24.5.3.36",
                            "display": "MDAT GECCO83 bereitstellen NUM/CODEX ohne EU DSGVO NIVEAU",
                            "system": "urn:oid:2.16.840.1.113883.3.1937.777.24.5.3",
                            "version": "1.0.2"
                        }
                    ]
                }
            ],
            "context": {
                "code": "Einwilligung",
                "display": "Einwilligung",
                "system": "fdpg.mii.cds",
                "version": "1.0.0"
            },
            "display": "Z1 GECCO83 Weitergabe NUM/CODEX non EU DSGVO NIVEAU",
            "id": "cb815a92-c14b-3b31-5324-a5e561fe2c0a",
            "leaf": false,
            "selectable": false,
            "termCodes": [
                {
                    "code": "2.16.840.1.113883.3.1937.777.24.5.3.35",
                    "display": "Z1 GECCO83 Weitergabe NUM/CODEX non EU DSGVO NIVEAU",
                    "system": "urn:oid:2.16.840.1.113883.3.1937.777.24.5.3",
                    "version": "1.0.2"
                }
            ]
        }
    ],
    "context": {
        "code": "Einwilligung",
        "display": "Einwilligung",
        "system": "fdpg.mii.cds"
    },
    "display": "Einwilligung",
    "id": "4b2df826-f5e1-4eec-f0d0-9a454663e282",
    "leaf": false,
    "selectable": false,
    "termCodes": [
        {
            "code": "Einwilligung",
            "display": "Einwilligung",
            "system": "fdpg.mii.cds"
        }
    ]
}