{
    "children": [
        {
            "children": [
                {
                    "context": {
                        "code": "Einwilligung",
                        "display": "Einwilligung",
                        "system": "fdpg.mii.cds",
                        "version": "1.0.0"
                    },
                    "display": "BIOMAT Analysedaten zusammenfuehren Dritte",
                    "id": "9974ef7a-f09c-5f05-4d5d-185076634add",
                    "leaf": true,
                    "selectable": true,
                    "termCodes": [
                        {
                            "code": "2.16.840.1.113883.3.1937.777.24.5.3.23",
                            "display": "BIOMAT Analysedaten zusammenfuehren Dritte",
                            "system": "urn:oid:2.16.840.1.113883.3.1937.777.24.5.3",
                            "version": "1.0.2"
                        }
                    ]
                },
                {
                    "context": {
                        "code": "Einwilligung",
                        "display": "Einwilligung",
                        "system": "fdpg.mii.cds",
                        "version": "1.0.0"
                    },
                    "display": "BIOMAT Eigentum \u00fcbertragen",
                    "id": "ca4a4518-f7a4-ce9e-f3ae-31ebff82e9ee",
                    "leaf": true,
                    "selectable": true,
                    "termCodes": [
                        {
                            "code": "2.16.840.1.113883.3.1937.777.24.5.3.21",
                            "display": "BIOMAT Eigentum \u00fcbertragen",
                            "system": "urn:oid:2.16.840.1.113883.3.1937.777.24.5.3",
                            "version": "1.0.2"
                        }
                    ]
                },
                {
                    "context": {
                        "code": "Einwilligung",
                        "display": "Einwilligung",
                        "system": "fdpg.mii.cds",
                        "version": "1.0.0"
                    },
                    "display": "BIOMAT erheben",
                    "id": "994bf1fc-600c-11a1-8ff8-1c1e39ef83d2",
                    "leaf": true,
                    "selectable": true,
                    "termCodes": [
                        {
                            "code": "2.16.840.1.113883.3.1937.777.24.5.3.19",
                            "display": "BIOMAT erheben",
                            "system": "urn:oid:2.16.840.1.113883.3.1937.777.24.5.3",
                            "version": "1.0.2"
                        }
                    ]
                },
                {
                    "context": {
                        "code": "Einwilligung",
                        "display": "Einwilligung",
                        "system": "fdpg.mii.cds",
                        "version": "1.0.0"
                    },
                    "display": "BIOMAT lagern verarbeiten",
                    "id": "3be93f0d-03d8-5382-3b01-d0d3bb77d204",
                    "leaf": true,
                    "selectable": true,
                    "termCodes": [
                        {
                            "code": "2.16.840.1.113883.3.1937.777.24.5.3.20",
                            "display": "BIOMAT lagern verarbeiten",
                            "system": "urn:oid:2.16.840.1.113883.3.1937.777.24.5.3",
                            "version": "1.0.2"
                        }
                    ]
                },
                {
                    "context": {
                        "code": "Einwilligung",
                        "display": "Einwilligung",
                        "system": "fdpg.mii.cds",
                        "version": "1.0.0"
                    },
                    "display": "BIOMAT wissenschaftlich nutzen EU DSGVO NIVEAU",
                    "id": "f9af75db-610a-3a03-ed77-bd00f6011611",
                    "leaf": true,
                    "selectable": true,
                    "termCodes": [
                        {
                            "code": "2.16.840.1.113883.3.1937.777.24.5.3.22",
                            "display": "BIOMAT wissenschaftlich nutzen EU DSGVO NIVEAU",
                            "system": "urn:oid:2.16.840.1.113883.3.1937.777.24.5.3",
                            "version": "1.0.2"
                        }
                    ]
                }
            ],
            "context": {
                "code": "Einwilligung",
                "display": "Einwilligung",
                "system": "fdpg.mii.cds",
                "version": "1.0.0"
            },
            "display": "Biomaterial erheben, lagern, nutzen",
            "id": "1671fde8-e26e-3da6-159e-15b7f6181ff7",
            "leaf": false,
            "selectable": false,
            "termCodes": [
                {
                    "code": "2.16.840.1.113883.3.1937.777.24.5.3.18",
                    "display": "Biomaterial erheben, lagern, nutzen",
                    "system": "urn:oid:2.16.840.1.113883.3.1937.777.24.5.3",
                    "version": "1.0.2"
                }
            ]
        },
        {
            "children": [
                {
                    "context": {
                        "code": "Einwilligung",
                        "display": "Einwilligung",
                        "system": "fdpg.mii.cds",
                        "version": "1.0.0"
                    },
                    "display": "BIOMAT retrospektiv Analysedaten zusammenfuehren Dritte",
                    "id": "40e744c7-e2ad-4725-8a2c-8e5ecc73d8b9",
                    "leaf": true,
                    "selectable": true,
                    "termCodes": [
                        {
                            "code": "2.16.840.1.113883.3.1937.777.24.5.3.53",
                            "display": "BIOMAT retrospektiv Analysedaten zusammenfuehren Dritte",
                            "system": "urn:oid:2.16.840.1.113883.3.1937.777.24.5.3",
                            "version": "1.0.2"
                        }
                    ]
                },
                {
                    "context": {
                        "code": "Einwilligung",
                        "display": "Einwilligung",
                        "system": "fdpg.mii.cds",
                        "version": "1.0.0"
                    },
                    "display": "BIOMAT retrospektiv lagern verarbeiten",
                    "id": "d729b6e2-2f33-3ff6-a2b7-c13e8e1e4b24",
                    "leaf": true,
                    "selectable": true,
                    "termCodes": [
                        {
                            "code": "2.16.840.1.113883.3.1937.777.24.5.3.51",
                            "display": "BIOMAT retrospektiv lagern verarbeiten",
                            "system": "urn:oid:2.16.840.1.113883.3.1937.777.24.5.3",
                            "version": "1.0.2"
                        }
                    ]
                },
                {
                    "context": {
                        "code": "Einwilligung",
                        "display": "Einwilligung",
                        "system": "fdpg.mii.cds",
                        "version": "1.0.0"
                    },
                    "display": "BIOMAT retrospektiv wissenschaftlich nutzen EU DSGVO NIVEAU",
                    "id": "d2cd22fc-6f99-32e4-189a-2e920b1929ed",
                    "leaf": true,
                    "selectable": true,
                    "termCodes": [
                        {
                            "code": "2.16.840.1.113883.3.1937.777.24.5.3.52",
                            "display": "BIOMAT retrospektiv wissenschaftlich nutzen EU DSGVO NIVEAU",
                            "system": "urn:oid:2.16.840.1.113883.3.1937.777.24.5.3",
                            "version": "1.0.2"
                        }
                    ]
                }
            ],
            "context": {
                "code": "Einwilligung",
                "display": "Einwilligung",
                "system": "fdpg.mii.cds",
                "version": "1.0.0"
            },
            "display": "Biomaterial retrospektiv speichern, nutzen",
            "id": "f08d1d17-96bc-4b3d-fe49-22f30772e770",
            "leaf": false,
            "selectable": false,
            "termCodes": [
                {
                    "code": "2.16.840.1.113883.3.1937.777.24.5.3.50",
                    "display": "Biomaterial retrospektiv speichern, nutzen",
                    "system": "urn:oid:2.16.840.1.113883.3.1937.777.24.5.3",
                    "version": "1.0.2"
                }
            ]
        },
        {
            "children": [
                {
                    "context": {
                        "code": "Einwilligung",
                        "display": "Einwilligung",
                        "system": "fdpg.mii.cds",
                        "version": "1.0.0"
                    },
                    "display": "BIOMAT bereitstellen ohne EU DSGVO NIVEAU",
                    "id": "5ce8a88b-800b-488f-2a6f-ce22fd207605",
                    "leaf": true,
                    "selectable": true,
                    "termCodes": [
                        {
                            "code": "2.16.840.1.113883.3.1937.777.24.5.3.55",
                            "display": "BIOMAT bereitstellen ohne EU DSGVO NIVEAU",
                            "system": "urn:oid:2.16.840.1.113883.3.1937.777.24.5.3",
                            "version": "1.0.2"
                        }
                    ]
                }
            ],
            "context": {
                "code": "Einwilligung",
                "display": "Einwilligung",
                "system": "fdpg.mii.cds",
                "version": "1.0.0"
            },
            "display": "Biomaterial Weitergabe non EU DSGVO NIVEAU",
            "id": "4ef5b2cf-aa88-c161-f242-b24f9634c763",
            "leaf": false,
            "selectable": false,
            "termCodes": [
                {
                    "code": "2.16.840.1.113883.3.1937.777.24.5.3.54",
                    "display": "Biomaterial Weitergabe non EU DSGVO NIVEAU",
                    "system": "urn:oid:2.16.840.1.113883.3.1937.777.24.5.3",
                    "version": "1.0.2"
                }
            ]
        },
        {
            "children": [
                {
                    "context": {
                        "code": "Einwilligung",
                        "display": "Einwilligung",
                        "system": "fdpg.mii.cds",
                        "version": "1.0.0"
                    },
                    "display": "BIOMAT Zusatzmengen entnehmen",
                    "id": "fd0d8f04-6cb0-32e3-f909-2f652f2bf630",
                    "leaf": true,
                    "selectable": true,
                    "termCodes": [
                        {
                            "code": "2.16.840.1.113883.3.1937.777.24.5.3.25",
                            "display": "BIOMAT Zusatzmengen entnehmen",
                            "system": "urn:oid:2.16.840.1.113883.3.1937.777.24.5.3",
                            "version": "1.0.2"
                        }
                    ]
                }
            ],
            "context": {
                "code": "Einwilligung",
                "display": "Einwilligung",
                "system": "fdpg.mii.cds",
                "version": "1.0.0"
            },
            "display": "Biomaterial Zusatzentnahme",
            "id": "4888591d-aa9b-e4ce-9538-73370fec62d2",
            "leaf": false,
            "selectable": false,
            "termCodes": [
                {
                    "code": "2.16.840.1.113883.3.1937.777.24.5.3.24",
                    "display": "Biomaterial Zusatzentnahme",
                    "system": "urn:oid:2.16.840.1.113883.3.1937.777.24.5.3",
                    "version": "1.0.2"
                }
            ]
        },
        {
            "children": [
                {
                    "context": {
                        "code": "Einwilligung",
                        "display": "Einwilligung",
                        "system": "fdpg.mii.cds",
                        "version": "1.0.0"
                    },
                    "display": "KKDAT 5J prospektiv speichern verarbeiten",
                    "id": "2eb87fea-d44b-e7e1-2f4a-27765eba9ea0",
                    "leaf": true,
                    "selectable": true,
                    "termCodes": [
                        {
                            "code": "2.16.840.1.113883.3.1937.777.24.5.3.16",
                            "display": "KKDAT 5J prospektiv speichern verarbeiten",
                            "system": "urn:oid:2.16.840.1.113883.3.1937.777.24.5.3",
                            "version": "1.0.2"
                        }
                    ]
                },
                {
                    "context": {
                        "code": "Einwilligung",
                        "display": "Einwilligung",
                        "system": "fdpg.mii.cds",
                        "version": "1.0.0"
                    },
                    "display": "KKDAT 5J prospektiv uebertragen",
                    "id": "39791700-fda9-9b93-a58f-33588efe36a3",
                    "leaf": true,
                    "selectable": true,
                    "termCodes": [
                        {
                            "code": "2.16.840.1.113883.3.1937.777.24.5.3.15",
                            "display": "KKDAT 5J prospektiv uebertragen",
                            "system": "urn:oid:2.16.840.1.113883.3.1937.777.24.5.3",
                            "version": "1.0.2"
                        }
                    ]
                },
                {
                    "context": {
                        "code": "Einwilligung",
                        "display": "Einwilligung",
                        "system": "fdpg.mii.cds",
                        "version": "1.0.0"
                    },
                    "display": "KKDAT 5J prospektiv uebertragen KVNR",
                    "id": "24642a81-433f-ae83-f362-b4ff7f11e375",
                    "leaf": true,
                    "selectable": true,
                    "termCodes": [
                        {
                            "code": "2.16.840.1.113883.3.1937.777.24.5.3.39",
                            "display": "KKDAT 5J prospektiv uebertragen KVNR",
                            "system": "urn:oid:2.16.840.1.113883.3.1937.777.24.5.3",
                            "version": "1.0.2"
                        }
                    ]
                },
                {
                    "context": {
                        "code": "Einwilligung",
                        "display": "Einwilligung",
                        "system": "fdpg.mii.cds",
                        "version": "1.0.0"
                    },
                    "display": "KKDAT 5J prospektiv wissenschaftlich nutzen",
                    "id": "279f8c9c-f623-6cf1-ee6f-4ed05a2f50ac",
                    "leaf": true,
                    "selectable": true,
                    "termCodes": [
                        {
                            "code": "2.16.840.1.113883.3.1937.777.24.5.3.17",
                            "display": "KKDAT 5J prospektiv wissenschaftlich nutzen",
                            "system": "urn:oid:2.16.840.1.113883.3.1937.777.24.5.3",
                            "version": "1.0.2"
                        }
                    ]
                }
            ],
            "context": {
                "code": "Einwilligung",
                "display": "Einwilligung",
                "system": "fdpg.mii.cds",
                "version": "1.0.0"
            },
            "display": "KKDAT prospektiv uebertragen speichern nutzen",
            "id": "453915c8-2788-97cf-f146-37055ecd5d44",
            "leaf": false,
            "selectable": false,
            "termCodes": [
                {
                    "code": "2.16.840.1.113883.3.1937.777.24.5.3.14",
                    "display": "KKDAT prospektiv uebertragen speichern nutzen",
                    "system": "urn:oid:2.16.840.1.113883.3.1937.777.24.5.3",
                    "version": "1.0.2"
                }
            ]
        },
        {
            "children": [
                {
                    "context": {
                        "code": "Einwilligung",
                        "display": "Einwilligung",
                        "system": "fdpg.mii.cds",
                        "version": "1.0.0"
                    },
                    "display": "KKDAT 5J retrospektiv speichern verarbeiten",
                    "id": "57aa28aa-031e-b8a8-02e1-7fc6b469cba8",
                    "leaf": true,
                    "selectable": true,
                    "termCodes": [
                        {
                            "code": "2.16.840.1.113883.3.1937.777.24.5.3.12",
                            "display": "KKDAT 5J retrospektiv speichern verarbeiten",
                            "system": "urn:oid:2.16.840.1.113883.3.1937.777.24.5.3",
                            "version": "1.0.2"
                        }
                    ]
                },
                {
                    "context": {
                        "code": "Einwilligung",
                        "display": "Einwilligung",
                        "system": "fdpg.mii.cds",
                        "version": "1.0.0"
                    },
                    "display": "KKDAT 5J retrospektiv uebertragen",
                    "id": "0900e0f4-d8f8-5cf5-726c-0ad1126a9472",
                    "leaf": true,
                    "selectable": true,
                    "termCodes": [
                        {
                            "code": "2.16.840.1.113883.3.1937.777.24.5.3.11",
                            "display": "KKDAT 5J retrospektiv uebertragen",
                            "system": "urn:oid:2.16.840.1.113883.3.1937.777.24.5.3",
                            "version": "1.0.2"
                        }
                    ]
                },
                {
                    "context": {
                        "code": "Einwilligung",
                        "display": "Einwilligung",
                        "system": "fdpg.mii.cds",
                        "version": "1.0.0"
                    },
                    "display": "KKDAT 5J retrospektiv uebertragen KVNR",
                    "id": "1cef17b0-de5f-2b5b-17a4-3d542a5396ce",
                    "leaf": true,
                    "selectable": true,
                    "termCodes": [
                        {
                            "code": "2.16.840.1.113883.3.1937.777.24.5.3.38",
                            "display": "KKDAT 5J retrospektiv uebertragen KVNR",
                            "system": "urn:oid:2.16.840.1.113883.3.1937.777.24.5.3",
                            "version": "1.0.2"
                        }
                    ]
                },
                {
                    "context": {
                        "code": "Einwilligung",
                        "display": "Einwilligung",
                        "system": "fdpg.mii.cds",
                        "version": "1.0.0"
                    },
                    "display": "KKDAT 5J retrospektiv wissenschaftlich nutzen",
                    "id": "d4241048-1459-8915-1d16-899718e60ba5",
                    "leaf": true,
                    "selectable": true,
                    "termCodes": [
                        {
                            "code": "2.16.840.1.113883.3.1937.777.24.5.3.13",
                            "display": "KKDAT 5J retrospektiv wissenschaftlich nutzen",
                            "system": "urn:oid:2.16.840.1.113883.3.1937.777.24.5.3",
                            "version": "1.0.2"
                        }
                    ]
                }
            ],
            "context": {
                "code": "Einwilligung",
                "display": "Einwilligung",
                "system": "fdpg.mii.cds",
                "version": "1.0.0"
            },
            "display": "Krankenkassendaten retrospektiv uebertragen, speichern, nutzen",
            "id": "bebdfca8-30de-79e6-4086-5718a09f8fcd",
            "leaf": false,
            "selectable": false,
            "termCodes": [
                {
                    "code": "2.16.840.1.113883.3.1937.777.24.5.3.10",
                    "display": "Krankenkassendaten retrospektiv uebertragen, speichern, nutzen",
                    "system": "urn:oid:2.16.840.1.113883.3.1937.777.24.5.3",
                    "version": "1.0.2"
                }
            ]
        },
        {
            "children": [
                {
                    "context": {
                        "code": "Einwilligung",
                        "display": "Einwilligung",
                        "system": "fdpg.mii.cds",
                        "version": "1.0.0"
                    },
                    "display": "IDAT bereitstellen EU DSGVO NIVEAU",
                    "id": "331e7131-5751-fcf3-02d9-24cc575ed694",
                    "leaf": true,
                    "selectable": true,
                    "termCodes": [
                        {
                            "code": "2.16.840.1.113883.3.1937.777.24.5.3.5",
                            "display": "IDAT bereitstellen EU DSGVO NIVEAU",
                            "system": "urn:oid:2.16.840.1.113883.3.1937.777.24.5.3",
                            "version": "1.0.2"
                        }
                    ]
                },
                {
                    "context": {
                        "code": "Einwilligung",
                        "display": "Einwilligung",
                        "system": "fdpg.mii.cds",
                        "version": "1.0.0"
                    },
                    "display": "IDAT erheben",
                    "id": "b996cd62-8cb7-b92b-aabc-66d2fdc7c7d1",
                    "leaf": true,
                    "selectable": true,
                    "termCodes": [
                        {
                            "code": "2.16.840.1.113883.3.1937.777.24.5.3.2",
                            "display": "IDAT erheben",
                            "system": "urn:oid:2.16.840.1.113883.3.1937.777.24.5.3",
                            "version": "1.0.2"
                        }
                    ]
                },
                {
                    "context": {
                        "code": "Einwilligung",
                        "display": "Einwilligung",
                        "system": "fdpg.mii.cds",
                        "version": "1.0.0"
                    },
                    "display": "IDAT speichern, verarbeiten",
                    "id": "82a425e6-50e9-b64b-2804-aafa91bce45c",
                    "leaf": true,
                    "selectable": true,
                    "termCodes": [
                        {
                            "code": "2.16.840.1.113883.3.1937.777.24.5.3.3",
                            "display": "IDAT speichern, verarbeiten",
                            "system": "urn:oid:2.16.840.1.113883.3.1937.777.24.5.3",
                            "version": "1.0.2"
                        }
                    ]
                },
                {
                    "context": {
                        "code": "Einwilligung",
                        "display": "Einwilligung",
                        "system": "fdpg.mii.cds",
                        "version": "1.0.0"
                    },
                    "display": "IDAT zusammenfuehren Dritte",
                    "id": "7a3c15b8-149d-3eb9-b41f-df9953741219",
                    "leaf": true,
                    "selectable": true,
                    "termCodes": [
                        {
                            "code": "2.16.840.1.113883.3.1937.777.24.5.3.4",
                            "display": "IDAT zusammenfuehren Dritte",
                            "system": "urn:oid:2.16.840.1.113883.3.1937.777.24.5.3",
                            "version": "1.0.2"
                        }
                    ]
                },
                {
                    "context": {
                        "code": "Einwilligung",
                        "display": "Einwilligung",
                        "system": "fdpg.mii.cds",
                        "version": "1.0.0"
                    },
                    "display": "MDAT erheben",
                    "id": "b1bcf261-38f7-23d4-911c-85f42064525f",
                    "leaf": true,
                    "selectable": true,
                    "termCodes": [
                        {
                            "code": "2.16.840.1.113883.3.1937.777.24.5.3.6",
                            "display": "MDAT erheben",
                            "system": "urn:oid:2.16.840.1.113883.3.1937.777.24.5.3",
                            "version": "1.0.2"
                        }
                    ]
                },
                {
                    "context": {
                        "code": "Einwilligung",
                        "display": "Einwilligung",
                        "system": "fdpg.mii.cds",
                        "version": "1.0.0"
                    },
                    "display": "MDAT speichern, verarbeiten",
                    "id": "62413c6a-d810-66ec-5ccb-12337d46ce06",
                    "leaf": true,
                    "selectable": true,
                    "termCodes": [
                        {
                            "code": "2.16.840.1.113883.3.1937.777.24.5.3.7",
                            "display": "MDAT speichern, verarbeiten",
                            "system": "urn:oid:2.16.840.1.113883.3.1937.777.24.5.3",
                            "version": "1.0.2"
                        }
                    ]
                },
                {
                    "context": {
                        "code": "Einwilligung",
                        "display": "Einwilligung",
                        "system": "fdpg.mii.cds",
                        "version": "1.0.0"
                    },
                    "display": "MDAT wissenschaftlich nutzen EU DSGVO NIVEAU",
                    "id": "0da8debf-9389-5d1c-2e5d-8232cbb0792d",
                    "leaf": true,
                    "selectable": true,
                    "termCodes": [
                        {
                            "code": "2.16.840.1.113883.3.1937.777.24.5.3.8",
                            "display": "MDAT wissenschaftlich nutzen EU DSGVO NIVEAU",
                            "system": "urn:oid:2.16.840.1.113883.3.1937.777.24.5.3",
                            "version": "1.0.2"
                        }
                    ]
                },
                {
                    "context": {
                        "code": "Einwilligung",
                        "display": "Einwilligung",
                        "system": "fdpg.mii.cds",
                        "version": "1.0.0"
                    },
                    "display": "MDAT zusammenfuehren Dritte",
                    "id": "3ebca295-441a-1ae6-21f6-17a944aa256a",
                    "leaf": true,
                    "selectable": true,
                    "termCodes": [
                        {
                            "code": "2.16.840.1.113883.3.1937.777.24.5.3.9",
                            "display": "MDAT zusammenfuehren Dritte",
                            "system": "urn:oid:2.16.840.1.113883.3.1937.777.24.5.3",
                            "version": "1.0.2"
                        }
                    ]
                },
                {
                    "context": {
                        "code": "Einwilligung",
                        "display": "Einwilligung",
                        "system": "fdpg.mii.cds",
                        "version": "1.0.0"
                    },
                    "display": "Rekontaktierung Ergebnisse erheblicher Bedeutung",
                    "id": "e0b4b9b7-c9a7-b836-8610-d3b870e64993",
                    "leaf": true,
                    "selectable": true,
                    "termCodes": [
                        {
                            "code": "2.16.840.1.113883.3.1937.777.24.5.3.37",
                            "display": "Rekontaktierung Ergebnisse erheblicher Bedeutung",
                            "system": "urn:oid:2.16.840.1.113883.3.1937.777.24.5.3",
                            "version": "1.0.2"
                        }
                    ]
                }
            ],
            "context": {
                "code": "Einwilligung",
                "display": "Einwilligung",
                "system": "fdpg.mii.cds",
                "version": "1.0.0"
            },
            "display": "Patientendaten erheben, speichern, nutzen",
            "id": "384447cb-ef5f-c67e-edbc-47b5634fa4a6",
            "leaf": false,
            "selectable": false,
            "termCodes": [
                {
                    "code": "2.16.840.1.113883.3.1937.777.24.5.3.1",
                    "display": "Patientendaten erheben, speichern, nutzen",
                    "system": "urn:oid:2.16.840.1.113883.3.1937.777.24.5.3",
                    "version": "1.0.2"
                }
            ]
        },
        {
            "children": [
                {
                    "context": {
                        "code": "Einwilligung",
                        "display": "Einwilligung",
                        "system": "fdpg.mii.cds",
                        "version": "1.0.0"
                    },
                    "display": "MDAT retrospektiv speichern verarbeiten",
                    "id": "25694f08-ca23-50f1-d385-1acb00d5b143",
                    "leaf": true,
                    "selectable": true,
                    "termCodes": [
                        {
                            "code": "2.16.840.1.113883.3.1937.777.24.5.3.45",
                            "display": "MDAT retrospektiv speichern verarbeiten",
                            "system": "urn:oid:2.16.840.1.113883.3.1937.777.24.5.3",
                            "version": "1.0.2"
                        }
                    ]
                },
                {
                    "context": {
                        "code": "Einwilligung",
                        "display": "Einwilligung",
                        "system": "fdpg.mii.cds",
                        "version": "1.0.0"
                    },
                    "display": "MDAT retrospektiv wissenschaftlich nutzen EU DSGVO NIVEAU",
                    "id": "9296fe5d-eef5-bfde-d4c7-f80851fb8429",
                    "leaf": true,
                    "selectable": true,
                    "termCodes": [
                        {
                            "code": "2.16.840.1.113883.3.1937.777.24.5.3.46",
                            "display": "MDAT retrospektiv wissenschaftlich nutzen EU DSGVO NIVEAU",
                            "system": "urn:oid:2.16.840.1.113883.3.1937.777.24.5.3",
                            "version": "1.0.2"
                        }
                    ]
                },
                {
                    "context": {
                        "code": "Einwilligung",
                        "display": "Einwilligung",
                        "system": "fdpg.mii.cds",
                        "version": "1.0.0"
                    },
                    "display": "MDAT retrospektiv zusammenfuehren Dritte",
                    "id": "4e05484c-3bd0-b253-732d-bad2381a53a1",
                    "leaf": true,
                    "selectable": true,
                    "termCodes": [
                        {
                            "code": "2.16.840.1.113883.3.1937.777.24.5.3.47",
                            "display": "MDAT retrospektiv zusammenfuehren Dritte",
                            "system": "urn:oid:2.16.840.1.113883.3.1937.777.24.5.3",
                            "version": "1.0.2"
                        }
                    ]
                }
            ],
            "context": {
                "code": "Einwilligung",
                "display": "Einwilligung",
                "system": "fdpg.mii.cds",
                "version": "1.0.0"
            },
            "display": "Patientendaten retrospektiv verarbeiten, nutzen",
            "id": "dcac768c-0384-3d59-3ad2-77981e16a073",
            "leaf": false,
            "selectable": false,
            "termCodes": [
                {
                    "code": "2.16.840.1.113883.3.1937.777.24.5.3.44",
                    "display": "Patientendaten retrospektiv verarbeiten, nutzen",
                    "system": "urn:oid:2.16.840.1.113883.3.1937.777.24.5.3",
                    "version": "1.0.2"
                }
            ]
        },
        {
            "children": [
                {
                    "context": {
                        "code": "Einwilligung",
                        "display": "Einwilligung",
                        "system": "fdpg.mii.cds",
                        "version": "1.0.0"
                    },
                    "display": "MDAT bereitstellen non EU DSGVO NIVEAU",
                    "id": "95b8ddca-d83e-2523-4375-1219d0638696",
                    "leaf": true,
                    "selectable": true,
                    "termCodes": [
                        {
                            "code": "2.16.840.1.113883.3.1937.777.24.5.3.49",
                            "display": "MDAT bereitstellen non EU DSGVO NIVEAU",
                            "system": "urn:oid:2.16.840.1.113883.3.1937.777.24.5.3",
                            "version": "1.0.2"
                        }
                    ]
                }
            ],
            "context": {
                "code": "Einwilligung",
                "display": "Einwilligung",
                "system": "fdpg.mii.cds",
                "version": "1.0.0"
            },
            "display": "Patientendaten Weitergabe non DSGVO NIVEAU",
            "id": "d0af1837-09ab-bc11-8e13-c073a491fc60",
            "leaf": false,
            "selectable": false,
            "termCodes": [
                {
                    "code": "2.16.840.1.113883.3.1937.777.24.5.3.48",
                    "display": "Patientendaten Weitergabe non DSGVO NIVEAU",
                    "system": "urn:oid:2.16.840.1.113883.3.1937.777.24.5.3",
                    "version": "1.0.2"
                }
            ]
        },
        {
            "children": [
                {
                    "context": {
                        "code": "Einwilligung",
                        "display": "Einwilligung",
                        "system": "fdpg.mii.cds",
                        "version": "1.0.0"
                    },
                    "display": "Rekontaktierung Verkn\u00fcpfung Datenbanken",
                    "id": "401e9bd8-6b66-d997-e150-eaed175774f7",
                    "leaf": true,
                    "selectable": true,
                    "termCodes": [
                        {
                            "code": "2.16.840.1.113883.3.1937.777.24.5.3.27",
                            "display": "Rekontaktierung Verkn\u00fcpfung Datenbanken",
                            "system": "urn:oid:2.16.840.1.113883.3.1937.777.24.5.3",
                            "version": "1.0.2"
                        }
                    ]
                },
                {
                    "context": {
                        "code": "Einwilligung",
                        "display": "Einwilligung",
                        "system": "fdpg.mii.cds",
                        "version": "1.0.0"
                    },
                    "display": "Rekontaktierung weitere Erhebung",
                    "id": "bd1cd9da-b38b-b9b8-4fe7-c36c4131e4f5",
                    "leaf": true,
                    "selectable": true,
                    "termCodes": [
                        {
                            "code": "2.16.840.1.113883.3.1937.777.24.5.3.28",
                            "display": "Rekontaktierung weitere Erhebung",
                            "system": "urn:oid:2.16.840.1.113883.3.1937.777.24.5.3",
                            "version": "1.0.2"
                        }
                    ]
                },
                {
                    "context": {
                        "code": "Einwilligung",
                        "display": "Einwilligung",
                        "system": "fdpg.mii.cds",
                        "version": "1.0.0"
                    },
                    "display": "Rekontaktierung weitere Studien",
                    "id": "1a9db62c-9a39-db89-9839-02b3ff326cec",
                    "leaf": true,
                    "selectable": true,
                    "termCodes": [
                        {
                            "code": "2.16.840.1.113883.3.1937.777.24.5.3.29",
                            "display": "Rekontaktierung weitere Studien",
                            "system": "urn:oid:2.16.840.1.113883.3.1937.777.24.5.3",
                            "version": "1.0.2"
                        }
                    ]
                }
            ],
            "context": {
                "code": "Einwilligung",
                "display": "Einwilligung",
                "system": "fdpg.mii.cds",
                "version": "1.0.0"
            },
            "display": "Rekontaktierung Erg\u00e4nzungen",
            "id": "63686514-02b0-8b0c-02f5-06291d9ea12e",
            "leaf": false,
            "selectable": false,
            "termCodes": [
                {
                    "code": "2.16.840.1.113883.3.1937.777.24.5.3.26",
                    "display": "Rekontaktierung Erg\u00e4nzungen",
                    "system": "urn:oid:2.16.840.1.113883.3.1937.777.24.5.3",
                    "version": "1.0.2"
                }
            ]
        },
        {
            "children": [
                {
                    "context": {
                        "code": "Einwilligung",
                        "display": "Einwilligung",
                        "system": "fdpg.mii.cds",
                        "version": "1.0.0"
                    },
                    "display": "Rekontaktierung Zusatzbefund",
                    "id": "862d26be-62bd-f5ad-f91d-a50ddd39ae6d",
                    "leaf": true,
                    "selectable": true,
                    "termCodes": [
                        {
                            "code": "2.16.840.1.113883.3.1937.777.24.5.3.31",
                            "display": "Rekontaktierung Zusatzbefund",
                            "system": "urn:oid:2.16.840.1.113883.3.1937.777.24.5.3",
                            "version": "1.0.2"
                        }
                    ]
                }
            ],
            "context": {
                "code": "Einwilligung",
                "display": "Einwilligung",
                "system": "fdpg.mii.cds",
                "version": "1.0.0"
            },
            "display": "Rekontaktierung Zusatzbefund",
            "id": "4507d52c-8f20-34a5-86c5-0b88d497d39a",
            "leaf": false,
            "selectable": false,
            "termCodes": [
                {
                    "code": "2.16.840.1.113883.3.1937.777.24.5.3.30",
                    "display": "Rekontaktierung Zusatzbefund",
                    "system": "urn:oid:2.16.840.1.113883.3.1937.777.24.5.3",
                    "version": "1.0.2"
                }
            ]
        },
        {
            "children": [
                {
                    "context": {
                        "code": "Einwilligung",
                        "display": "Einwilligung",
                        "system": "fdpg.mii.cds",
                        "version": "1.0.0"
                    },
                    "display": "MDAT GECCO83 bereitstellen NUM/CODEX",
                    "id": "3b203f9f-b6ab-10a9-0b48-4d06b46afcbd",
                    "leaf": true,
                    "selectable": true,
                    "termCodes": [
                        {
                            "code": "2.16.840.1.113883.3.1937.777.24.5.3.33",
                            "display": "MDAT GECCO83 bereitstellen NUM/CODEX",
                            "system": "urn:oid:2.16.840.1.113883.3.1937.777.24.5.3",
                            "version": "1.0.2"
                        }
                    ]
                },
                {
                    "context": {
                        "code": "Einwilligung",
                        "display": "Einwilligung",
                        "system": "fdpg.mii.cds",
                        "version": "1.0.0"
                    },
                    "display": "MDAT GECCO83 erheben",
                    "id": "89bf5ffe-cc05-1478-8dc0-440334c13e19",
                    "leaf": true,
                    "selectable": true,
                    "termCodes": [
                        {
                            "code": "2.16.840.1.113883.3.1937.777.24.5.3.43",
                            "display": "MDAT GECCO83 erheben",
                            "system": "urn:oid:2.16.840.1.113883.3.1937.777.24.5.3",
                            "version": "1.0.2"
                        }
                    ]
                },
                {
                    "context": {
                        "code": "Einwilligung",
                        "display": "Einwilligung",
                        "system": "fdpg.mii.cds",
                        "version": "1.0.0"
                    },
                    "display": "MDAT GECCO83 komplettieren einmalig",
                    "id": "91975f5e-f34a-4c4d-8b7f-86bcfb200170",
                    "leaf": true,
                    "selectable": true,
                    "termCodes": [
                        {
                            "code": "2.16.840.1.113883.3.1937.777.24.5.3.40",
                            "display": "MDAT GECCO83 komplettieren einmalig",
                            "system": "urn:oid:2.16.840.1.113883.3.1937.777.24.5.3",
                            "version": "1.0.2"
                        }
                    ]
                },
                {
                    "context": {
                        "code": "Einwilligung",
                        "display": "Einwilligung",
                        "system": "fdpg.mii.cds",
                        "version": "1.0.0"
                    },
                    "display": "MDAT GECCO83 speichern verarbeiten NUM/CODEX",
                    "id": "1b1b3f73-f5f6-e22d-5465-fc578792ae73",
                    "leaf": true,
                    "selectable": true,
                    "termCodes": [
                        {
                            "code": "2.16.840.1.113883.3.1937.777.24.5.3.34",
                            "display": "MDAT GECCO83 speichern verarbeiten NUM/CODEX",
                            "system": "urn:oid:2.16.840.1.113883.3.1937.777.24.5.3",
                            "version": "1.0.2"
                        }
                    ]
                },
                {
                    "context": {
                        "code": "Einwilligung",
                        "display": "Einwilligung",
                        "system": "fdpg.mii.cds",
                        "version": "1.0.0"
                    },
                    "display": "MDAT GECCO83 wissenschaftlich nutzen COVID 19 Forschung EU DSGVO konform",
                    "id": "7be95463-a426-c144-f77e-514f8ccc70f1",
                    "leaf": true,
                    "selectable": true,
                    "termCodes": [
                        {
                            "code": "2.16.840.1.113883.3.1937.777.24.5.3.41",
                            "display": "MDAT GECCO83 wissenschaftlich nutzen COVID 19 Forschung EU DSGVO konform",
                            "system": "urn:oid:2.16.840.1.113883.3.1937.777.24.5.3",
                            "version": "1.0.2"
                        }
                    ]
                },
                {
                    "context": {
                        "code": "Einwilligung",
                        "display": "Einwilligung",
                        "system": "fdpg.mii.cds",
                        "version": "1.0.0"
                    },
                    "display": "MDAT GECCO83 wissenschaftlich nutzen NUM/CODEX EU DSGVO NIVEAU",
                    "id": "0dcaa5f1-28a7-1f18-1300-2c877ed81ea0",
                    "leaf": true,
                    "selectable": true,
                    "termCodes": [
                        {
                            "code": "2.16.840.1.113883.3.1937.777.24.5.3.56",
                            "display": "MDAT GECCO83 wissenschaftlich nutzen NUM/CODEX EU DSGVO NIVEAU",
                            "system": "urn:oid:2.16.840.1.113883.3.1937.777.24.5.3",
                            "version": "1.0.2"
                        }
                    ]
                },
                {
                    "context": {
                        "code": "Einwilligung",
                        "display": "Einwilligung",
                        "system": "fdpg.mii.cds",
                        "version": "1.0.0"
                    },
                    "display": "MDAT GECCO83 wissenschaftlich nutzen Pandemie Forschung EU DSGVO konform",
                    "id": "e65e9ee9-b9a7-e274-8675-b55266761c20",
                    "leaf": true,
                    "selectable": true,
                    "termCodes": [
                        {
                            "code": "2.16.840.1.113883.3.1937.777.24.5.3.42",
                            "display": "MDAT GECCO83 wissenschaftlich nutzen Pandemie Forschung EU DSGVO konform",
                            "system": "urn:oid:2.16.840.1.113883.3.1937.777.24.5.3",
                            "version": "1.0.2"
                        }
                    ]
                }
            ],
            "context": {
                "code": "Einwilligung",
                "display": "Einwilligung",
                "system": "fdpg.mii.cds",
                "version": "1.0.0"
            },
            "display": "Z1 GECCO83 Nutzung NUM/CODEX",
            "id": "f28b446d-096f-e004-d2d8-1dcec42c503c",
            "leaf": false,
            "selectable": false,
            "termCodes": [
                {
                    "code": "2.16.840.1.113883.3.1937.777.24.5.3.32",
                    "display": "Z1 GECCO83 Nutzung NUM/CODEX",
                    "system": "urn:oid:2.16.840.1.113883.3.1937.777.24.5.3",
                    "version": "1.0.2"
                }
            ]
        },
        {
            "children": [
                {
                    "context": {
                        "code": "Einwilligung",
                        "display": "Einwilligung",
                        "system": "fdpg.mii.cds",
                        "version": "1.0.0"
                    },
                    "display": "MDAT GECCO83 bereitstellen NUM/CODEX ohne EU DSGVO NIVEAU",
                    "id": "957d02d9-c0d8-0e28-4797-abfc3efc78ab",
                    "leaf": true,
                    "selectable": true,
                    "termCodes": [
                        {
                            "code": "2.16.840.1.113883.3.1937.777.24.5.3.36",
                            "display": "MDAT GECCO83 bereitstellen NUM/CODEX ohne EU DSGVO NIVEAU",
                            "system": "urn:oid:2.16.840.1.113883.3.1937.777.24.5.3",
                            "version": "1.0.2"
                        }
                    ]
                }
            ],
            "context": {
                "code": "Einwilligung",
                "display": "Einwilligung",
                "system": "fdpg.mii.cds",
                "version": "1.0.0"
            },
            "display": "Z1 GECCO83 Weitergabe NUM/CODEX non EU DSGVO NIVEAU",
            "id": "6a88aa26-e56b-b073-a021-4e43674ea441",
            "leaf": false,
            "selectable": false,
            "termCodes": [
                {
                    "code": "2.16.840.1.113883.3.1937.777.24.5.3.35",
                    "display": "Z1 GECCO83 Weitergabe NUM/CODEX non EU DSGVO NIVEAU",
                    "system": "urn:oid:2.16.840.1.113883.3.1937.777.24.5.3",
                    "version": "1.0.2"
                }
            ]
        }
    ],
    "context": {
        "code": "Einwilligung",
        "display": "Einwilligung",
        "system": "fdpg.mii.cds"
    },
    "display": "Einwilligung",
    "id": "12b17819-3f89-ccb4-1ac1-6f572defeabd",
    "leaf": false,
    "selectable": false,
    "termCodes": [
        {
            "code": "Einwilligung",
            "display": "Einwilligung",
            "system": "fdpg.mii.cds"
        }
    ]
}