{
    "children": [
        {
            "children": [
                {
                    "context": {
                        "code": "Einwilligung",
                        "display": "Einwilligung",
                        "system": "fdpg.mii.cds",
                        "version": "1.0.0"
                    },
                    "display": "BIOMAT Analysedaten zusammenfuehren Dritte",
                    "id": "3eda194b-0bfa-613a-8fdb-925079c2875f",
                    "leaf": true,
                    "selectable": true,
                    "termCodes": [
                        {
                            "code": "2.16.840.1.113883.3.1937.777.24.5.3.23",
                            "display": "BIOMAT Analysedaten zusammenfuehren Dritte",
                            "system": "urn:oid:2.16.840.1.113883.3.1937.777.24.5.3",
                            "version": "1.0.2"
                        }
                    ]
                },
                {
                    "context": {
                        "code": "Einwilligung",
                        "display": "Einwilligung",
                        "system": "fdpg.mii.cds",
                        "version": "1.0.0"
                    },
                    "display": "BIOMAT Eigentum \u00fcbertragen",
                    "id": "416717d8-41be-9549-c5aa-8af2d3c0dc72",
                    "leaf": true,
                    "selectable": true,
                    "termCodes": [
                        {
                            "code": "2.16.840.1.113883.3.1937.777.24.5.3.21",
                            "display": "BIOMAT Eigentum \u00fcbertragen",
                            "system": "urn:oid:2.16.840.1.113883.3.1937.777.24.5.3",
                            "version": "1.0.2"
                        }
                    ]
                },
                {
                    "context": {
                        "code": "Einwilligung",
                        "display": "Einwilligung",
                        "system": "fdpg.mii.cds",
                        "version": "1.0.0"
                    },
                    "display": "BIOMAT erheben",
                    "id": "707d8b51-12e7-ecc7-eff9-f97cebffdf6b",
                    "leaf": true,
                    "selectable": true,
                    "termCodes": [
                        {
                            "code": "2.16.840.1.113883.3.1937.777.24.5.3.19",
                            "display": "BIOMAT erheben",
                            "system": "urn:oid:2.16.840.1.113883.3.1937.777.24.5.3",
                            "version": "1.0.2"
                        }
                    ]
                },
                {
                    "context": {
                        "code": "Einwilligung",
                        "display": "Einwilligung",
                        "system": "fdpg.mii.cds",
                        "version": "1.0.0"
                    },
                    "display": "BIOMAT lagern verarbeiten",
                    "id": "ed0ba4fe-cfd0-f9ab-fa7f-10544ded5ceb",
                    "leaf": true,
                    "selectable": true,
                    "termCodes": [
                        {
                            "code": "2.16.840.1.113883.3.1937.777.24.5.3.20",
                            "display": "BIOMAT lagern verarbeiten",
                            "system": "urn:oid:2.16.840.1.113883.3.1937.777.24.5.3",
                            "version": "1.0.2"
                        }
                    ]
                },
                {
                    "context": {
                        "code": "Einwilligung",
                        "display": "Einwilligung",
                        "system": "fdpg.mii.cds",
                        "version": "1.0.0"
                    },
                    "display": "BIOMAT wissenschaftlich nutzen EU DSGVO NIVEAU",
                    "id": "e9a69d8c-f412-fa16-9402-b6e8faaca36c",
                    "leaf": true,
                    "selectable": true,
                    "termCodes": [
                        {
                            "code": "2.16.840.1.113883.3.1937.777.24.5.3.22",
                            "display": "BIOMAT wissenschaftlich nutzen EU DSGVO NIVEAU",
                            "system": "urn:oid:2.16.840.1.113883.3.1937.777.24.5.3",
                            "version": "1.0.2"
                        }
                    ]
                }
            ],
            "context": {
                "code": "Einwilligung",
                "display": "Einwilligung",
                "system": "fdpg.mii.cds",
                "version": "1.0.0"
            },
            "display": "Biomaterial erheben, lagern, nutzen",
            "id": "d87db25a-5405-1ee6-cf9d-4096be6588bc",
            "leaf": false,
            "selectable": false,
            "termCodes": [
                {
                    "code": "2.16.840.1.113883.3.1937.777.24.5.3.18",
                    "display": "Biomaterial erheben, lagern, nutzen",
                    "system": "urn:oid:2.16.840.1.113883.3.1937.777.24.5.3",
                    "version": "1.0.2"
                }
            ]
        },
        {
            "children": [
                {
                    "context": {
                        "code": "Einwilligung",
                        "display": "Einwilligung",
                        "system": "fdpg.mii.cds",
                        "version": "1.0.0"
                    },
                    "display": "BIOMAT retrospektiv Analysedaten zusammenfuehren Dritte",
                    "id": "5f937e5a-03d1-8a5c-f755-3d6f02a3f733",
                    "leaf": true,
                    "selectable": true,
                    "termCodes": [
                        {
                            "code": "2.16.840.1.113883.3.1937.777.24.5.3.53",
                            "display": "BIOMAT retrospektiv Analysedaten zusammenfuehren Dritte",
                            "system": "urn:oid:2.16.840.1.113883.3.1937.777.24.5.3",
                            "version": "1.0.2"
                        }
                    ]
                },
                {
                    "context": {
                        "code": "Einwilligung",
                        "display": "Einwilligung",
                        "system": "fdpg.mii.cds",
                        "version": "1.0.0"
                    },
                    "display": "BIOMAT retrospektiv lagern verarbeiten",
                    "id": "de049cc3-c9c8-d87a-4a83-fc5725622629",
                    "leaf": true,
                    "selectable": true,
                    "termCodes": [
                        {
                            "code": "2.16.840.1.113883.3.1937.777.24.5.3.51",
                            "display": "BIOMAT retrospektiv lagern verarbeiten",
                            "system": "urn:oid:2.16.840.1.113883.3.1937.777.24.5.3",
                            "version": "1.0.2"
                        }
                    ]
                },
                {
                    "context": {
                        "code": "Einwilligung",
                        "display": "Einwilligung",
                        "system": "fdpg.mii.cds",
                        "version": "1.0.0"
                    },
                    "display": "BIOMAT retrospektiv wissenschaftlich nutzen EU DSGVO NIVEAU",
                    "id": "191f6d16-cce5-8da2-3a60-1a25960f4cb2",
                    "leaf": true,
                    "selectable": true,
                    "termCodes": [
                        {
                            "code": "2.16.840.1.113883.3.1937.777.24.5.3.52",
                            "display": "BIOMAT retrospektiv wissenschaftlich nutzen EU DSGVO NIVEAU",
                            "system": "urn:oid:2.16.840.1.113883.3.1937.777.24.5.3",
                            "version": "1.0.2"
                        }
                    ]
                }
            ],
            "context": {
                "code": "Einwilligung",
                "display": "Einwilligung",
                "system": "fdpg.mii.cds",
                "version": "1.0.0"
            },
            "display": "Biomaterial retrospektiv speichern, nutzen",
            "id": "e243d1ea-7801-f267-f33c-d25026faad68",
            "leaf": false,
            "selectable": false,
            "termCodes": [
                {
                    "code": "2.16.840.1.113883.3.1937.777.24.5.3.50",
                    "display": "Biomaterial retrospektiv speichern, nutzen",
                    "system": "urn:oid:2.16.840.1.113883.3.1937.777.24.5.3",
                    "version": "1.0.2"
                }
            ]
        },
        {
            "children": [
                {
                    "context": {
                        "code": "Einwilligung",
                        "display": "Einwilligung",
                        "system": "fdpg.mii.cds",
                        "version": "1.0.0"
                    },
                    "display": "BIOMAT bereitstellen ohne EU DSGVO NIVEAU",
                    "id": "421f952e-066b-78de-7d53-b04725fa114a",
                    "leaf": true,
                    "selectable": true,
                    "termCodes": [
                        {
                            "code": "2.16.840.1.113883.3.1937.777.24.5.3.55",
                            "display": "BIOMAT bereitstellen ohne EU DSGVO NIVEAU",
                            "system": "urn:oid:2.16.840.1.113883.3.1937.777.24.5.3",
                            "version": "1.0.2"
                        }
                    ]
                }
            ],
            "context": {
                "code": "Einwilligung",
                "display": "Einwilligung",
                "system": "fdpg.mii.cds",
                "version": "1.0.0"
            },
            "display": "Biomaterial Weitergabe non EU DSGVO NIVEAU",
            "id": "d60d5688-c7e8-e7f5-9fff-a6ee71e97831",
            "leaf": false,
            "selectable": false,
            "termCodes": [
                {
                    "code": "2.16.840.1.113883.3.1937.777.24.5.3.54",
                    "display": "Biomaterial Weitergabe non EU DSGVO NIVEAU",
                    "system": "urn:oid:2.16.840.1.113883.3.1937.777.24.5.3",
                    "version": "1.0.2"
                }
            ]
        },
        {
            "children": [
                {
                    "context": {
                        "code": "Einwilligung",
                        "display": "Einwilligung",
                        "system": "fdpg.mii.cds",
                        "version": "1.0.0"
                    },
                    "display": "BIOMAT Zusatzmengen entnehmen",
                    "id": "4bc5b815-8457-4974-c49c-96e84773083c",
                    "leaf": true,
                    "selectable": true,
                    "termCodes": [
                        {
                            "code": "2.16.840.1.113883.3.1937.777.24.5.3.25",
                            "display": "BIOMAT Zusatzmengen entnehmen",
                            "system": "urn:oid:2.16.840.1.113883.3.1937.777.24.5.3",
                            "version": "1.0.2"
                        }
                    ]
                }
            ],
            "context": {
                "code": "Einwilligung",
                "display": "Einwilligung",
                "system": "fdpg.mii.cds",
                "version": "1.0.0"
            },
            "display": "Biomaterial Zusatzentnahme",
            "id": "a90052e2-f4eb-a8ef-1933-016325075514",
            "leaf": false,
            "selectable": false,
            "termCodes": [
                {
                    "code": "2.16.840.1.113883.3.1937.777.24.5.3.24",
                    "display": "Biomaterial Zusatzentnahme",
                    "system": "urn:oid:2.16.840.1.113883.3.1937.777.24.5.3",
                    "version": "1.0.2"
                }
            ]
        },
        {
            "children": [
                {
                    "context": {
                        "code": "Einwilligung",
                        "display": "Einwilligung",
                        "system": "fdpg.mii.cds",
                        "version": "1.0.0"
                    },
                    "display": "KKDAT 5J prospektiv speichern verarbeiten",
                    "id": "af81e4be-dacc-937a-26c8-c23a2a88eecc",
                    "leaf": true,
                    "selectable": true,
                    "termCodes": [
                        {
                            "code": "2.16.840.1.113883.3.1937.777.24.5.3.16",
                            "display": "KKDAT 5J prospektiv speichern verarbeiten",
                            "system": "urn:oid:2.16.840.1.113883.3.1937.777.24.5.3",
                            "version": "1.0.2"
                        }
                    ]
                },
                {
                    "context": {
                        "code": "Einwilligung",
                        "display": "Einwilligung",
                        "system": "fdpg.mii.cds",
                        "version": "1.0.0"
                    },
                    "display": "KKDAT 5J prospektiv uebertragen",
                    "id": "4e08cd07-f6f5-77c7-e857-40c41366737c",
                    "leaf": true,
                    "selectable": true,
                    "termCodes": [
                        {
                            "code": "2.16.840.1.113883.3.1937.777.24.5.3.15",
                            "display": "KKDAT 5J prospektiv uebertragen",
                            "system": "urn:oid:2.16.840.1.113883.3.1937.777.24.5.3",
                            "version": "1.0.2"
                        }
                    ]
                },
                {
                    "context": {
                        "code": "Einwilligung",
                        "display": "Einwilligung",
                        "system": "fdpg.mii.cds",
                        "version": "1.0.0"
                    },
                    "display": "KKDAT 5J prospektiv uebertragen KVNR",
                    "id": "4b79e949-977a-795c-c658-fdf1176d745b",
                    "leaf": true,
                    "selectable": true,
                    "termCodes": [
                        {
                            "code": "2.16.840.1.113883.3.1937.777.24.5.3.39",
                            "display": "KKDAT 5J prospektiv uebertragen KVNR",
                            "system": "urn:oid:2.16.840.1.113883.3.1937.777.24.5.3",
                            "version": "1.0.2"
                        }
                    ]
                },
                {
                    "context": {
                        "code": "Einwilligung",
                        "display": "Einwilligung",
                        "system": "fdpg.mii.cds",
                        "version": "1.0.0"
                    },
                    "display": "KKDAT 5J prospektiv wissenschaftlich nutzen",
                    "id": "6c2ba875-1c4d-e774-e794-1aa5c5bd2edc",
                    "leaf": true,
                    "selectable": true,
                    "termCodes": [
                        {
                            "code": "2.16.840.1.113883.3.1937.777.24.5.3.17",
                            "display": "KKDAT 5J prospektiv wissenschaftlich nutzen",
                            "system": "urn:oid:2.16.840.1.113883.3.1937.777.24.5.3",
                            "version": "1.0.2"
                        }
                    ]
                }
            ],
            "context": {
                "code": "Einwilligung",
                "display": "Einwilligung",
                "system": "fdpg.mii.cds",
                "version": "1.0.0"
            },
            "display": "KKDAT prospektiv uebertragen speichern nutzen",
            "id": "ee717b16-b9a7-030e-b507-961f9110fb3d",
            "leaf": false,
            "selectable": false,
            "termCodes": [
                {
                    "code": "2.16.840.1.113883.3.1937.777.24.5.3.14",
                    "display": "KKDAT prospektiv uebertragen speichern nutzen",
                    "system": "urn:oid:2.16.840.1.113883.3.1937.777.24.5.3",
                    "version": "1.0.2"
                }
            ]
        },
        {
            "children": [
                {
                    "context": {
                        "code": "Einwilligung",
                        "display": "Einwilligung",
                        "system": "fdpg.mii.cds",
                        "version": "1.0.0"
                    },
                    "display": "KKDAT 5J retrospektiv speichern verarbeiten",
                    "id": "938ca04f-2c6d-0bbf-e7ec-93bafe6ad632",
                    "leaf": true,
                    "selectable": true,
                    "termCodes": [
                        {
                            "code": "2.16.840.1.113883.3.1937.777.24.5.3.12",
                            "display": "KKDAT 5J retrospektiv speichern verarbeiten",
                            "system": "urn:oid:2.16.840.1.113883.3.1937.777.24.5.3",
                            "version": "1.0.2"
                        }
                    ]
                },
                {
                    "context": {
                        "code": "Einwilligung",
                        "display": "Einwilligung",
                        "system": "fdpg.mii.cds",
                        "version": "1.0.0"
                    },
                    "display": "KKDAT 5J retrospektiv uebertragen",
                    "id": "95a9c7df-00ae-e3bd-1111-c3953c91461b",
                    "leaf": true,
                    "selectable": true,
                    "termCodes": [
                        {
                            "code": "2.16.840.1.113883.3.1937.777.24.5.3.11",
                            "display": "KKDAT 5J retrospektiv uebertragen",
                            "system": "urn:oid:2.16.840.1.113883.3.1937.777.24.5.3",
                            "version": "1.0.2"
                        }
                    ]
                },
                {
                    "context": {
                        "code": "Einwilligung",
                        "display": "Einwilligung",
                        "system": "fdpg.mii.cds",
                        "version": "1.0.0"
                    },
                    "display": "KKDAT 5J retrospektiv uebertragen KVNR",
                    "id": "e28c101c-228b-39a4-68b1-f631ff3f7b30",
                    "leaf": true,
                    "selectable": true,
                    "termCodes": [
                        {
                            "code": "2.16.840.1.113883.3.1937.777.24.5.3.38",
                            "display": "KKDAT 5J retrospektiv uebertragen KVNR",
                            "system": "urn:oid:2.16.840.1.113883.3.1937.777.24.5.3",
                            "version": "1.0.2"
                        }
                    ]
                },
                {
                    "context": {
                        "code": "Einwilligung",
                        "display": "Einwilligung",
                        "system": "fdpg.mii.cds",
                        "version": "1.0.0"
                    },
                    "display": "KKDAT 5J retrospektiv wissenschaftlich nutzen",
                    "id": "8d5fe88b-a858-9d2f-301f-b75c458e541b",
                    "leaf": true,
                    "selectable": true,
                    "termCodes": [
                        {
                            "code": "2.16.840.1.113883.3.1937.777.24.5.3.13",
                            "display": "KKDAT 5J retrospektiv wissenschaftlich nutzen",
                            "system": "urn:oid:2.16.840.1.113883.3.1937.777.24.5.3",
                            "version": "1.0.2"
                        }
                    ]
                }
            ],
            "context": {
                "code": "Einwilligung",
                "display": "Einwilligung",
                "system": "fdpg.mii.cds",
                "version": "1.0.0"
            },
            "display": "Krankenkassendaten retrospektiv uebertragen, speichern, nutzen",
            "id": "126d8dae-6b96-584a-f492-29abf09fa941",
            "leaf": false,
            "selectable": false,
            "termCodes": [
                {
                    "code": "2.16.840.1.113883.3.1937.777.24.5.3.10",
                    "display": "Krankenkassendaten retrospektiv uebertragen, speichern, nutzen",
                    "system": "urn:oid:2.16.840.1.113883.3.1937.777.24.5.3",
                    "version": "1.0.2"
                }
            ]
        },
        {
            "children": [
                {
                    "context": {
                        "code": "Einwilligung",
                        "display": "Einwilligung",
                        "system": "fdpg.mii.cds",
                        "version": "1.0.0"
                    },
                    "display": "IDAT bereitstellen EU DSGVO NIVEAU",
                    "id": "53ad876c-a5f7-e45b-71e2-95ded514eebd",
                    "leaf": true,
                    "selectable": true,
                    "termCodes": [
                        {
                            "code": "2.16.840.1.113883.3.1937.777.24.5.3.5",
                            "display": "IDAT bereitstellen EU DSGVO NIVEAU",
                            "system": "urn:oid:2.16.840.1.113883.3.1937.777.24.5.3",
                            "version": "1.0.2"
                        }
                    ]
                },
                {
                    "context": {
                        "code": "Einwilligung",
                        "display": "Einwilligung",
                        "system": "fdpg.mii.cds",
                        "version": "1.0.0"
                    },
                    "display": "IDAT erheben",
                    "id": "53639f64-2411-a190-a1b1-df342f7d4eb8",
                    "leaf": true,
                    "selectable": true,
                    "termCodes": [
                        {
                            "code": "2.16.840.1.113883.3.1937.777.24.5.3.2",
                            "display": "IDAT erheben",
                            "system": "urn:oid:2.16.840.1.113883.3.1937.777.24.5.3",
                            "version": "1.0.2"
                        }
                    ]
                },
                {
                    "context": {
                        "code": "Einwilligung",
                        "display": "Einwilligung",
                        "system": "fdpg.mii.cds",
                        "version": "1.0.0"
                    },
                    "display": "IDAT speichern, verarbeiten",
                    "id": "6934b7cf-9f22-96ec-490e-65b87401f8b5",
                    "leaf": true,
                    "selectable": true,
                    "termCodes": [
                        {
                            "code": "2.16.840.1.113883.3.1937.777.24.5.3.3",
                            "display": "IDAT speichern, verarbeiten",
                            "system": "urn:oid:2.16.840.1.113883.3.1937.777.24.5.3",
                            "version": "1.0.2"
                        }
                    ]
                },
                {
                    "context": {
                        "code": "Einwilligung",
                        "display": "Einwilligung",
                        "system": "fdpg.mii.cds",
                        "version": "1.0.0"
                    },
                    "display": "IDAT zusammenfuehren Dritte",
                    "id": "fdf039a7-6f41-1af8-9289-5a5e9ddac59d",
                    "leaf": true,
                    "selectable": true,
                    "termCodes": [
                        {
                            "code": "2.16.840.1.113883.3.1937.777.24.5.3.4",
                            "display": "IDAT zusammenfuehren Dritte",
                            "system": "urn:oid:2.16.840.1.113883.3.1937.777.24.5.3",
                            "version": "1.0.2"
                        }
                    ]
                },
                {
                    "context": {
                        "code": "Einwilligung",
                        "display": "Einwilligung",
                        "system": "fdpg.mii.cds",
                        "version": "1.0.0"
                    },
                    "display": "MDAT erheben",
                    "id": "aee879f0-55f5-0ebc-eddb-8b1d0181f0b0",
                    "leaf": true,
                    "selectable": true,
                    "termCodes": [
                        {
                            "code": "2.16.840.1.113883.3.1937.777.24.5.3.6",
                            "display": "MDAT erheben",
                            "system": "urn:oid:2.16.840.1.113883.3.1937.777.24.5.3",
                            "version": "1.0.2"
                        }
                    ]
                },
                {
                    "context": {
                        "code": "Einwilligung",
                        "display": "Einwilligung",
                        "system": "fdpg.mii.cds",
                        "version": "1.0.0"
                    },
                    "display": "MDAT speichern, verarbeiten",
                    "id": "882f2309-d3f9-73c9-743f-1df66e657db5",
                    "leaf": true,
                    "selectable": true,
                    "termCodes": [
                        {
                            "code": "2.16.840.1.113883.3.1937.777.24.5.3.7",
                            "display": "MDAT speichern, verarbeiten",
                            "system": "urn:oid:2.16.840.1.113883.3.1937.777.24.5.3",
                            "version": "1.0.2"
                        }
                    ]
                },
                {
                    "context": {
                        "code": "Einwilligung",
                        "display": "Einwilligung",
                        "system": "fdpg.mii.cds",
                        "version": "1.0.0"
                    },
                    "display": "MDAT wissenschaftlich nutzen EU DSGVO NIVEAU",
                    "id": "b2d0d5a0-199c-4e9e-8041-f5d70276e081",
                    "leaf": true,
                    "selectable": true,
                    "termCodes": [
                        {
                            "code": "2.16.840.1.113883.3.1937.777.24.5.3.8",
                            "display": "MDAT wissenschaftlich nutzen EU DSGVO NIVEAU",
                            "system": "urn:oid:2.16.840.1.113883.3.1937.777.24.5.3",
                            "version": "1.0.2"
                        }
                    ]
                },
                {
                    "context": {
                        "code": "Einwilligung",
                        "display": "Einwilligung",
                        "system": "fdpg.mii.cds",
                        "version": "1.0.0"
                    },
                    "display": "MDAT zusammenfuehren Dritte",
                    "id": "1e71b5a1-5028-cc9c-6cef-87927a0e3cd1",
                    "leaf": true,
                    "selectable": true,
                    "termCodes": [
                        {
                            "code": "2.16.840.1.113883.3.1937.777.24.5.3.9",
                            "display": "MDAT zusammenfuehren Dritte",
                            "system": "urn:oid:2.16.840.1.113883.3.1937.777.24.5.3",
                            "version": "1.0.2"
                        }
                    ]
                },
                {
                    "context": {
                        "code": "Einwilligung",
                        "display": "Einwilligung",
                        "system": "fdpg.mii.cds",
                        "version": "1.0.0"
                    },
                    "display": "Rekontaktierung Ergebnisse erheblicher Bedeutung",
                    "id": "e1453ae1-a9e5-9267-e6e4-ac15dcb18e9a",
                    "leaf": true,
                    "selectable": true,
                    "termCodes": [
                        {
                            "code": "2.16.840.1.113883.3.1937.777.24.5.3.37",
                            "display": "Rekontaktierung Ergebnisse erheblicher Bedeutung",
                            "system": "urn:oid:2.16.840.1.113883.3.1937.777.24.5.3",
                            "version": "1.0.2"
                        }
                    ]
                }
            ],
            "context": {
                "code": "Einwilligung",
                "display": "Einwilligung",
                "system": "fdpg.mii.cds",
                "version": "1.0.0"
            },
            "display": "Patientendaten erheben, speichern, nutzen",
            "id": "2b031782-850b-284e-8800-5f321f885f95",
            "leaf": false,
            "selectable": false,
            "termCodes": [
                {
                    "code": "2.16.840.1.113883.3.1937.777.24.5.3.1",
                    "display": "Patientendaten erheben, speichern, nutzen",
                    "system": "urn:oid:2.16.840.1.113883.3.1937.777.24.5.3",
                    "version": "1.0.2"
                }
            ]
        },
        {
            "children": [
                {
                    "context": {
                        "code": "Einwilligung",
                        "display": "Einwilligung",
                        "system": "fdpg.mii.cds",
                        "version": "1.0.0"
                    },
                    "display": "MDAT retrospektiv speichern verarbeiten",
                    "id": "6eeb408d-e4d7-ffc9-f2df-861c547b339e",
                    "leaf": true,
                    "selectable": true,
                    "termCodes": [
                        {
                            "code": "2.16.840.1.113883.3.1937.777.24.5.3.45",
                            "display": "MDAT retrospektiv speichern verarbeiten",
                            "system": "urn:oid:2.16.840.1.113883.3.1937.777.24.5.3",
                            "version": "1.0.2"
                        }
                    ]
                },
                {
                    "context": {
                        "code": "Einwilligung",
                        "display": "Einwilligung",
                        "system": "fdpg.mii.cds",
                        "version": "1.0.0"
                    },
                    "display": "MDAT retrospektiv wissenschaftlich nutzen EU DSGVO NIVEAU",
                    "id": "82aa35a1-a6e9-563d-c92a-7356c9c483f1",
                    "leaf": true,
                    "selectable": true,
                    "termCodes": [
                        {
                            "code": "2.16.840.1.113883.3.1937.777.24.5.3.46",
                            "display": "MDAT retrospektiv wissenschaftlich nutzen EU DSGVO NIVEAU",
                            "system": "urn:oid:2.16.840.1.113883.3.1937.777.24.5.3",
                            "version": "1.0.2"
                        }
                    ]
                },
                {
                    "context": {
                        "code": "Einwilligung",
                        "display": "Einwilligung",
                        "system": "fdpg.mii.cds",
                        "version": "1.0.0"
                    },
                    "display": "MDAT retrospektiv zusammenfuehren Dritte",
                    "id": "01d04c02-097d-0740-827e-2277228d104d",
                    "leaf": true,
                    "selectable": true,
                    "termCodes": [
                        {
                            "code": "2.16.840.1.113883.3.1937.777.24.5.3.47",
                            "display": "MDAT retrospektiv zusammenfuehren Dritte",
                            "system": "urn:oid:2.16.840.1.113883.3.1937.777.24.5.3",
                            "version": "1.0.2"
                        }
                    ]
                }
            ],
            "context": {
                "code": "Einwilligung",
                "display": "Einwilligung",
                "system": "fdpg.mii.cds",
                "version": "1.0.0"
            },
            "display": "Patientendaten retrospektiv verarbeiten, nutzen",
            "id": "1c809068-4eac-49ca-f545-6d8b3331efaf",
            "leaf": false,
            "selectable": false,
            "termCodes": [
                {
                    "code": "2.16.840.1.113883.3.1937.777.24.5.3.44",
                    "display": "Patientendaten retrospektiv verarbeiten, nutzen",
                    "system": "urn:oid:2.16.840.1.113883.3.1937.777.24.5.3",
                    "version": "1.0.2"
                }
            ]
        },
        {
            "children": [
                {
                    "context": {
                        "code": "Einwilligung",
                        "display": "Einwilligung",
                        "system": "fdpg.mii.cds",
                        "version": "1.0.0"
                    },
                    "display": "MDAT bereitstellen non EU DSGVO NIVEAU",
                    "id": "e3d103b7-ee2f-7bac-51b3-c188018f4b9c",
                    "leaf": true,
                    "selectable": true,
                    "termCodes": [
                        {
                            "code": "2.16.840.1.113883.3.1937.777.24.5.3.49",
                            "display": "MDAT bereitstellen non EU DSGVO NIVEAU",
                            "system": "urn:oid:2.16.840.1.113883.3.1937.777.24.5.3",
                            "version": "1.0.2"
                        }
                    ]
                }
            ],
            "context": {
                "code": "Einwilligung",
                "display": "Einwilligung",
                "system": "fdpg.mii.cds",
                "version": "1.0.0"
            },
            "display": "Patientendaten Weitergabe non DSGVO NIVEAU",
            "id": "3060bf9a-f458-26fb-a1ea-898c88ebd3fc",
            "leaf": false,
            "selectable": false,
            "termCodes": [
                {
                    "code": "2.16.840.1.113883.3.1937.777.24.5.3.48",
                    "display": "Patientendaten Weitergabe non DSGVO NIVEAU",
                    "system": "urn:oid:2.16.840.1.113883.3.1937.777.24.5.3",
                    "version": "1.0.2"
                }
            ]
        },
        {
            "children": [
                {
                    "context": {
                        "code": "Einwilligung",
                        "display": "Einwilligung",
                        "system": "fdpg.mii.cds",
                        "version": "1.0.0"
                    },
                    "display": "Rekontaktierung Verkn\u00fcpfung Datenbanken",
                    "id": "51e5fb75-4833-c3c5-6f55-b9503c70d0e0",
                    "leaf": true,
                    "selectable": true,
                    "termCodes": [
                        {
                            "code": "2.16.840.1.113883.3.1937.777.24.5.3.27",
                            "display": "Rekontaktierung Verkn\u00fcpfung Datenbanken",
                            "system": "urn:oid:2.16.840.1.113883.3.1937.777.24.5.3",
                            "version": "1.0.2"
                        }
                    ]
                },
                {
                    "context": {
                        "code": "Einwilligung",
                        "display": "Einwilligung",
                        "system": "fdpg.mii.cds",
                        "version": "1.0.0"
                    },
                    "display": "Rekontaktierung weitere Erhebung",
                    "id": "29ff84a7-b4dc-1902-b1e6-1b8511e24177",
                    "leaf": true,
                    "selectable": true,
                    "termCodes": [
                        {
                            "code": "2.16.840.1.113883.3.1937.777.24.5.3.28",
                            "display": "Rekontaktierung weitere Erhebung",
                            "system": "urn:oid:2.16.840.1.113883.3.1937.777.24.5.3",
                            "version": "1.0.2"
                        }
                    ]
                },
                {
                    "context": {
                        "code": "Einwilligung",
                        "display": "Einwilligung",
                        "system": "fdpg.mii.cds",
                        "version": "1.0.0"
                    },
                    "display": "Rekontaktierung weitere Studien",
                    "id": "e346be4f-5bb4-284f-bdc8-1d58e8c96925",
                    "leaf": true,
                    "selectable": true,
                    "termCodes": [
                        {
                            "code": "2.16.840.1.113883.3.1937.777.24.5.3.29",
                            "display": "Rekontaktierung weitere Studien",
                            "system": "urn:oid:2.16.840.1.113883.3.1937.777.24.5.3",
                            "version": "1.0.2"
                        }
                    ]
                }
            ],
            "context": {
                "code": "Einwilligung",
                "display": "Einwilligung",
                "system": "fdpg.mii.cds",
                "version": "1.0.0"
            },
            "display": "Rekontaktierung Erg\u00e4nzungen",
            "id": "af7dedc9-bf8e-e10f-354e-7bd8b6df8964",
            "leaf": false,
            "selectable": false,
            "termCodes": [
                {
                    "code": "2.16.840.1.113883.3.1937.777.24.5.3.26",
                    "display": "Rekontaktierung Erg\u00e4nzungen",
                    "system": "urn:oid:2.16.840.1.113883.3.1937.777.24.5.3",
                    "version": "1.0.2"
                }
            ]
        },
        {
            "children": [
                {
                    "context": {
                        "code": "Einwilligung",
                        "display": "Einwilligung",
                        "system": "fdpg.mii.cds",
                        "version": "1.0.0"
                    },
                    "display": "Rekontaktierung Zusatzbefund",
                    "id": "a8b43dff-ee78-013f-ce81-219878812192",
                    "leaf": true,
                    "selectable": true,
                    "termCodes": [
                        {
                            "code": "2.16.840.1.113883.3.1937.777.24.5.3.31",
                            "display": "Rekontaktierung Zusatzbefund",
                            "system": "urn:oid:2.16.840.1.113883.3.1937.777.24.5.3",
                            "version": "1.0.2"
                        }
                    ]
                }
            ],
            "context": {
                "code": "Einwilligung",
                "display": "Einwilligung",
                "system": "fdpg.mii.cds",
                "version": "1.0.0"
            },
            "display": "Rekontaktierung Zusatzbefund",
            "id": "e1c9cb43-9042-21f1-e238-881516793dde",
            "leaf": false,
            "selectable": false,
            "termCodes": [
                {
                    "code": "2.16.840.1.113883.3.1937.777.24.5.3.30",
                    "display": "Rekontaktierung Zusatzbefund",
                    "system": "urn:oid:2.16.840.1.113883.3.1937.777.24.5.3",
                    "version": "1.0.2"
                }
            ]
        },
        {
            "children": [
                {
                    "context": {
                        "code": "Einwilligung",
                        "display": "Einwilligung",
                        "system": "fdpg.mii.cds",
                        "version": "1.0.0"
                    },
                    "display": "MDAT GECCO83 bereitstellen NUM/CODEX",
                    "id": "b88fbb05-d93b-227c-09ba-baee1f64a85e",
                    "leaf": true,
                    "selectable": true,
                    "termCodes": [
                        {
                            "code": "2.16.840.1.113883.3.1937.777.24.5.3.33",
                            "display": "MDAT GECCO83 bereitstellen NUM/CODEX",
                            "system": "urn:oid:2.16.840.1.113883.3.1937.777.24.5.3",
                            "version": "1.0.2"
                        }
                    ]
                },
                {
                    "context": {
                        "code": "Einwilligung",
                        "display": "Einwilligung",
                        "system": "fdpg.mii.cds",
                        "version": "1.0.0"
                    },
                    "display": "MDAT GECCO83 erheben",
                    "id": "323fdb1a-840c-80a4-bd12-949472a5d553",
                    "leaf": true,
                    "selectable": true,
                    "termCodes": [
                        {
                            "code": "2.16.840.1.113883.3.1937.777.24.5.3.43",
                            "display": "MDAT GECCO83 erheben",
                            "system": "urn:oid:2.16.840.1.113883.3.1937.777.24.5.3",
                            "version": "1.0.2"
                        }
                    ]
                },
                {
                    "context": {
                        "code": "Einwilligung",
                        "display": "Einwilligung",
                        "system": "fdpg.mii.cds",
                        "version": "1.0.0"
                    },
                    "display": "MDAT GECCO83 komplettieren einmalig",
                    "id": "de8002ed-38c0-f711-0291-ead0fb9324bd",
                    "leaf": true,
                    "selectable": true,
                    "termCodes": [
                        {
                            "code": "2.16.840.1.113883.3.1937.777.24.5.3.40",
                            "display": "MDAT GECCO83 komplettieren einmalig",
                            "system": "urn:oid:2.16.840.1.113883.3.1937.777.24.5.3",
                            "version": "1.0.2"
                        }
                    ]
                },
                {
                    "context": {
                        "code": "Einwilligung",
                        "display": "Einwilligung",
                        "system": "fdpg.mii.cds",
                        "version": "1.0.0"
                    },
                    "display": "MDAT GECCO83 speichern verarbeiten NUM/CODEX",
                    "id": "c1443937-e27e-aab5-2efa-0c9e4b1c1c7f",
                    "leaf": true,
                    "selectable": true,
                    "termCodes": [
                        {
                            "code": "2.16.840.1.113883.3.1937.777.24.5.3.34",
                            "display": "MDAT GECCO83 speichern verarbeiten NUM/CODEX",
                            "system": "urn:oid:2.16.840.1.113883.3.1937.777.24.5.3",
                            "version": "1.0.2"
                        }
                    ]
                },
                {
                    "context": {
                        "code": "Einwilligung",
                        "display": "Einwilligung",
                        "system": "fdpg.mii.cds",
                        "version": "1.0.0"
                    },
                    "display": "MDAT GECCO83 wissenschaftlich nutzen COVID 19 Forschung EU DSGVO konform",
                    "id": "611c3600-de38-d800-40ff-73a1e4096a97",
                    "leaf": true,
                    "selectable": true,
                    "termCodes": [
                        {
                            "code": "2.16.840.1.113883.3.1937.777.24.5.3.41",
                            "display": "MDAT GECCO83 wissenschaftlich nutzen COVID 19 Forschung EU DSGVO konform",
                            "system": "urn:oid:2.16.840.1.113883.3.1937.777.24.5.3",
                            "version": "1.0.2"
                        }
                    ]
                },
                {
                    "context": {
                        "code": "Einwilligung",
                        "display": "Einwilligung",
                        "system": "fdpg.mii.cds",
                        "version": "1.0.0"
                    },
                    "display": "MDAT GECCO83 wissenschaftlich nutzen NUM/CODEX EU DSGVO NIVEAU",
                    "id": "b792ca85-bacb-726a-5a98-1bd9134356e2",
                    "leaf": true,
                    "selectable": true,
                    "termCodes": [
                        {
                            "code": "2.16.840.1.113883.3.1937.777.24.5.3.56",
                            "display": "MDAT GECCO83 wissenschaftlich nutzen NUM/CODEX EU DSGVO NIVEAU",
                            "system": "urn:oid:2.16.840.1.113883.3.1937.777.24.5.3",
                            "version": "1.0.2"
                        }
                    ]
                },
                {
                    "context": {
                        "code": "Einwilligung",
                        "display": "Einwilligung",
                        "system": "fdpg.mii.cds",
                        "version": "1.0.0"
                    },
                    "display": "MDAT GECCO83 wissenschaftlich nutzen Pandemie Forschung EU DSGVO konform",
                    "id": "d83ccd7a-ae61-520e-e1ce-6fbc30334e1d",
                    "leaf": true,
                    "selectable": true,
                    "termCodes": [
                        {
                            "code": "2.16.840.1.113883.3.1937.777.24.5.3.42",
                            "display": "MDAT GECCO83 wissenschaftlich nutzen Pandemie Forschung EU DSGVO konform",
                            "system": "urn:oid:2.16.840.1.113883.3.1937.777.24.5.3",
                            "version": "1.0.2"
                        }
                    ]
                }
            ],
            "context": {
                "code": "Einwilligung",
                "display": "Einwilligung",
                "system": "fdpg.mii.cds",
                "version": "1.0.0"
            },
            "display": "Z1 GECCO83 Nutzung NUM/CODEX",
            "id": "580a9c07-9713-7e25-7404-4ae8e8babefe",
            "leaf": false,
            "selectable": false,
            "termCodes": [
                {
                    "code": "2.16.840.1.113883.3.1937.777.24.5.3.32",
                    "display": "Z1 GECCO83 Nutzung NUM/CODEX",
                    "system": "urn:oid:2.16.840.1.113883.3.1937.777.24.5.3",
                    "version": "1.0.2"
                }
            ]
        },
        {
            "children": [
                {
                    "context": {
                        "code": "Einwilligung",
                        "display": "Einwilligung",
                        "system": "fdpg.mii.cds",
                        "version": "1.0.0"
                    },
                    "display": "MDAT GECCO83 bereitstellen NUM/CODEX ohne EU DSGVO NIVEAU",
                    "id": "adcd0c27-79f6-29bc-3175-324e3d8fe43f",
                    "leaf": true,
                    "selectable": true,
                    "termCodes": [
                        {
                            "code": "2.16.840.1.113883.3.1937.777.24.5.3.36",
                            "display": "MDAT GECCO83 bereitstellen NUM/CODEX ohne EU DSGVO NIVEAU",
                            "system": "urn:oid:2.16.840.1.113883.3.1937.777.24.5.3",
                            "version": "1.0.2"
                        }
                    ]
                }
            ],
            "context": {
                "code": "Einwilligung",
                "display": "Einwilligung",
                "system": "fdpg.mii.cds",
                "version": "1.0.0"
            },
            "display": "Z1 GECCO83 Weitergabe NUM/CODEX non EU DSGVO NIVEAU",
            "id": "dee5b099-ba9f-7cc2-e996-6a3b18e9ee08",
            "leaf": false,
            "selectable": false,
            "termCodes": [
                {
                    "code": "2.16.840.1.113883.3.1937.777.24.5.3.35",
                    "display": "Z1 GECCO83 Weitergabe NUM/CODEX non EU DSGVO NIVEAU",
                    "system": "urn:oid:2.16.840.1.113883.3.1937.777.24.5.3",
                    "version": "1.0.2"
                }
            ]
        }
    ],
    "context": {
        "code": "Einwilligung",
        "display": "Einwilligung",
        "system": "fdpg.mii.cds"
    },
    "display": "Einwilligung",
    "id": "6d1ee5c4-2bb3-5ad6-bbbf-cdcb1292b77f",
    "leaf": false,
    "selectable": false,
    "termCodes": [
        {
            "code": "Einwilligung",
            "display": "Einwilligung",
            "system": "fdpg.mii.cds"
        }
    ]
}