{
    "children": [
        {
            "children": [
                {
                    "context": {
                        "code": "Einwilligung",
                        "display": "Einwilligung",
                        "system": "fdpg.mii.cds",
                        "version": "1.0.0"
                    },
                    "display": "BIOMAT Analysedaten zusammenfuehren Dritte",
                    "id": "8f69cf59-02ed-ce39-a570-e6249ca5f86c",
                    "leaf": true,
                    "selectable": true,
                    "termCodes": [
                        {
                            "code": "2.16.840.1.113883.3.1937.777.24.5.3.23",
                            "display": "BIOMAT Analysedaten zusammenfuehren Dritte",
                            "system": "urn:oid:2.16.840.1.113883.3.1937.777.24.5.3",
                            "version": "1.0.2"
                        }
                    ]
                },
                {
                    "context": {
                        "code": "Einwilligung",
                        "display": "Einwilligung",
                        "system": "fdpg.mii.cds",
                        "version": "1.0.0"
                    },
                    "display": "BIOMAT Eigentum \u00fcbertragen",
                    "id": "087edac3-ae81-8cd1-17e0-a15b8fd8be7f",
                    "leaf": true,
                    "selectable": true,
                    "termCodes": [
                        {
                            "code": "2.16.840.1.113883.3.1937.777.24.5.3.21",
                            "display": "BIOMAT Eigentum \u00fcbertragen",
                            "system": "urn:oid:2.16.840.1.113883.3.1937.777.24.5.3",
                            "version": "1.0.2"
                        }
                    ]
                },
                {
                    "context": {
                        "code": "Einwilligung",
                        "display": "Einwilligung",
                        "system": "fdpg.mii.cds",
                        "version": "1.0.0"
                    },
                    "display": "BIOMAT erheben",
                    "id": "d1aa6c80-d8d8-b710-6b86-d998c223a833",
                    "leaf": true,
                    "selectable": true,
                    "termCodes": [
                        {
                            "code": "2.16.840.1.113883.3.1937.777.24.5.3.19",
                            "display": "BIOMAT erheben",
                            "system": "urn:oid:2.16.840.1.113883.3.1937.777.24.5.3",
                            "version": "1.0.2"
                        }
                    ]
                },
                {
                    "context": {
                        "code": "Einwilligung",
                        "display": "Einwilligung",
                        "system": "fdpg.mii.cds",
                        "version": "1.0.0"
                    },
                    "display": "BIOMAT lagern verarbeiten",
                    "id": "ca7222dd-44f6-eb2d-a20a-5c673717dcd9",
                    "leaf": true,
                    "selectable": true,
                    "termCodes": [
                        {
                            "code": "2.16.840.1.113883.3.1937.777.24.5.3.20",
                            "display": "BIOMAT lagern verarbeiten",
                            "system": "urn:oid:2.16.840.1.113883.3.1937.777.24.5.3",
                            "version": "1.0.2"
                        }
                    ]
                },
                {
                    "context": {
                        "code": "Einwilligung",
                        "display": "Einwilligung",
                        "system": "fdpg.mii.cds",
                        "version": "1.0.0"
                    },
                    "display": "BIOMAT wissenschaftlich nutzen EU DSGVO NIVEAU",
                    "id": "7375f900-4ad4-2cd4-03f2-46d0e4eb5f24",
                    "leaf": true,
                    "selectable": true,
                    "termCodes": [
                        {
                            "code": "2.16.840.1.113883.3.1937.777.24.5.3.22",
                            "display": "BIOMAT wissenschaftlich nutzen EU DSGVO NIVEAU",
                            "system": "urn:oid:2.16.840.1.113883.3.1937.777.24.5.3",
                            "version": "1.0.2"
                        }
                    ]
                }
            ],
            "context": {
                "code": "Einwilligung",
                "display": "Einwilligung",
                "system": "fdpg.mii.cds",
                "version": "1.0.0"
            },
            "display": "Biomaterial erheben, lagern, nutzen",
            "id": "f0919d51-9223-6583-b4c2-278a90a74a16",
            "leaf": false,
            "selectable": false,
            "termCodes": [
                {
                    "code": "2.16.840.1.113883.3.1937.777.24.5.3.18",
                    "display": "Biomaterial erheben, lagern, nutzen",
                    "system": "urn:oid:2.16.840.1.113883.3.1937.777.24.5.3",
                    "version": "1.0.2"
                }
            ]
        },
        {
            "children": [
                {
                    "context": {
                        "code": "Einwilligung",
                        "display": "Einwilligung",
                        "system": "fdpg.mii.cds",
                        "version": "1.0.0"
                    },
                    "display": "BIOMAT retrospektiv Analysedaten zusammenfuehren Dritte",
                    "id": "1f9579f8-496f-3864-a678-dd8b26778102",
                    "leaf": true,
                    "selectable": true,
                    "termCodes": [
                        {
                            "code": "2.16.840.1.113883.3.1937.777.24.5.3.53",
                            "display": "BIOMAT retrospektiv Analysedaten zusammenfuehren Dritte",
                            "system": "urn:oid:2.16.840.1.113883.3.1937.777.24.5.3",
                            "version": "1.0.2"
                        }
                    ]
                },
                {
                    "context": {
                        "code": "Einwilligung",
                        "display": "Einwilligung",
                        "system": "fdpg.mii.cds",
                        "version": "1.0.0"
                    },
                    "display": "BIOMAT retrospektiv lagern verarbeiten",
                    "id": "5997e343-4dca-ba4a-3f56-34a0943137d8",
                    "leaf": true,
                    "selectable": true,
                    "termCodes": [
                        {
                            "code": "2.16.840.1.113883.3.1937.777.24.5.3.51",
                            "display": "BIOMAT retrospektiv lagern verarbeiten",
                            "system": "urn:oid:2.16.840.1.113883.3.1937.777.24.5.3",
                            "version": "1.0.2"
                        }
                    ]
                },
                {
                    "context": {
                        "code": "Einwilligung",
                        "display": "Einwilligung",
                        "system": "fdpg.mii.cds",
                        "version": "1.0.0"
                    },
                    "display": "BIOMAT retrospektiv wissenschaftlich nutzen EU DSGVO NIVEAU",
                    "id": "104a09be-a31c-6eb8-0d3c-674ba5aa46c2",
                    "leaf": true,
                    "selectable": true,
                    "termCodes": [
                        {
                            "code": "2.16.840.1.113883.3.1937.777.24.5.3.52",
                            "display": "BIOMAT retrospektiv wissenschaftlich nutzen EU DSGVO NIVEAU",
                            "system": "urn:oid:2.16.840.1.113883.3.1937.777.24.5.3",
                            "version": "1.0.2"
                        }
                    ]
                }
            ],
            "context": {
                "code": "Einwilligung",
                "display": "Einwilligung",
                "system": "fdpg.mii.cds",
                "version": "1.0.0"
            },
            "display": "Biomaterial retrospektiv speichern, nutzen",
            "id": "c2a5a610-15f7-520d-1d50-c1ff0556d3b8",
            "leaf": false,
            "selectable": false,
            "termCodes": [
                {
                    "code": "2.16.840.1.113883.3.1937.777.24.5.3.50",
                    "display": "Biomaterial retrospektiv speichern, nutzen",
                    "system": "urn:oid:2.16.840.1.113883.3.1937.777.24.5.3",
                    "version": "1.0.2"
                }
            ]
        },
        {
            "children": [
                {
                    "context": {
                        "code": "Einwilligung",
                        "display": "Einwilligung",
                        "system": "fdpg.mii.cds",
                        "version": "1.0.0"
                    },
                    "display": "BIOMAT bereitstellen ohne EU DSGVO NIVEAU",
                    "id": "8ddcb519-7ee6-425d-23c7-f3993f0b366d",
                    "leaf": true,
                    "selectable": true,
                    "termCodes": [
                        {
                            "code": "2.16.840.1.113883.3.1937.777.24.5.3.55",
                            "display": "BIOMAT bereitstellen ohne EU DSGVO NIVEAU",
                            "system": "urn:oid:2.16.840.1.113883.3.1937.777.24.5.3",
                            "version": "1.0.2"
                        }
                    ]
                }
            ],
            "context": {
                "code": "Einwilligung",
                "display": "Einwilligung",
                "system": "fdpg.mii.cds",
                "version": "1.0.0"
            },
            "display": "Biomaterial Weitergabe non EU DSGVO NIVEAU",
            "id": "127799e1-313a-fade-d8cd-17ba3d2545a4",
            "leaf": false,
            "selectable": false,
            "termCodes": [
                {
                    "code": "2.16.840.1.113883.3.1937.777.24.5.3.54",
                    "display": "Biomaterial Weitergabe non EU DSGVO NIVEAU",
                    "system": "urn:oid:2.16.840.1.113883.3.1937.777.24.5.3",
                    "version": "1.0.2"
                }
            ]
        },
        {
            "children": [
                {
                    "context": {
                        "code": "Einwilligung",
                        "display": "Einwilligung",
                        "system": "fdpg.mii.cds",
                        "version": "1.0.0"
                    },
                    "display": "BIOMAT Zusatzmengen entnehmen",
                    "id": "8ee19595-a458-9e41-6392-94817a943d1c",
                    "leaf": true,
                    "selectable": true,
                    "termCodes": [
                        {
                            "code": "2.16.840.1.113883.3.1937.777.24.5.3.25",
                            "display": "BIOMAT Zusatzmengen entnehmen",
                            "system": "urn:oid:2.16.840.1.113883.3.1937.777.24.5.3",
                            "version": "1.0.2"
                        }
                    ]
                }
            ],
            "context": {
                "code": "Einwilligung",
                "display": "Einwilligung",
                "system": "fdpg.mii.cds",
                "version": "1.0.0"
            },
            "display": "Biomaterial Zusatzentnahme",
            "id": "7e38fd4f-0131-8b6e-3b09-c8466b0e9410",
            "leaf": false,
            "selectable": false,
            "termCodes": [
                {
                    "code": "2.16.840.1.113883.3.1937.777.24.5.3.24",
                    "display": "Biomaterial Zusatzentnahme",
                    "system": "urn:oid:2.16.840.1.113883.3.1937.777.24.5.3",
                    "version": "1.0.2"
                }
            ]
        },
        {
            "children": [
                {
                    "context": {
                        "code": "Einwilligung",
                        "display": "Einwilligung",
                        "system": "fdpg.mii.cds",
                        "version": "1.0.0"
                    },
                    "display": "KKDAT 5J prospektiv speichern verarbeiten",
                    "id": "bd529bd3-fd32-73e3-cd6f-69317ffd5aac",
                    "leaf": true,
                    "selectable": true,
                    "termCodes": [
                        {
                            "code": "2.16.840.1.113883.3.1937.777.24.5.3.16",
                            "display": "KKDAT 5J prospektiv speichern verarbeiten",
                            "system": "urn:oid:2.16.840.1.113883.3.1937.777.24.5.3",
                            "version": "1.0.2"
                        }
                    ]
                },
                {
                    "context": {
                        "code": "Einwilligung",
                        "display": "Einwilligung",
                        "system": "fdpg.mii.cds",
                        "version": "1.0.0"
                    },
                    "display": "KKDAT 5J prospektiv uebertragen",
                    "id": "82485ffd-44ab-4d25-836e-d9025a50d398",
                    "leaf": true,
                    "selectable": true,
                    "termCodes": [
                        {
                            "code": "2.16.840.1.113883.3.1937.777.24.5.3.15",
                            "display": "KKDAT 5J prospektiv uebertragen",
                            "system": "urn:oid:2.16.840.1.113883.3.1937.777.24.5.3",
                            "version": "1.0.2"
                        }
                    ]
                },
                {
                    "context": {
                        "code": "Einwilligung",
                        "display": "Einwilligung",
                        "system": "fdpg.mii.cds",
                        "version": "1.0.0"
                    },
                    "display": "KKDAT 5J prospektiv uebertragen KVNR",
                    "id": "925eef21-f892-3ae7-1831-4565abb53825",
                    "leaf": true,
                    "selectable": true,
                    "termCodes": [
                        {
                            "code": "2.16.840.1.113883.3.1937.777.24.5.3.39",
                            "display": "KKDAT 5J prospektiv uebertragen KVNR",
                            "system": "urn:oid:2.16.840.1.113883.3.1937.777.24.5.3",
                            "version": "1.0.2"
                        }
                    ]
                },
                {
                    "context": {
                        "code": "Einwilligung",
                        "display": "Einwilligung",
                        "system": "fdpg.mii.cds",
                        "version": "1.0.0"
                    },
                    "display": "KKDAT 5J prospektiv wissenschaftlich nutzen",
                    "id": "7ec74e8c-e0b1-0a91-6764-0822b29aad47",
                    "leaf": true,
                    "selectable": true,
                    "termCodes": [
                        {
                            "code": "2.16.840.1.113883.3.1937.777.24.5.3.17",
                            "display": "KKDAT 5J prospektiv wissenschaftlich nutzen",
                            "system": "urn:oid:2.16.840.1.113883.3.1937.777.24.5.3",
                            "version": "1.0.2"
                        }
                    ]
                }
            ],
            "context": {
                "code": "Einwilligung",
                "display": "Einwilligung",
                "system": "fdpg.mii.cds",
                "version": "1.0.0"
            },
            "display": "KKDAT prospektiv uebertragen speichern nutzen",
            "id": "dd88c6fc-c7c5-8671-a617-78fded88bb3b",
            "leaf": false,
            "selectable": false,
            "termCodes": [
                {
                    "code": "2.16.840.1.113883.3.1937.777.24.5.3.14",
                    "display": "KKDAT prospektiv uebertragen speichern nutzen",
                    "system": "urn:oid:2.16.840.1.113883.3.1937.777.24.5.3",
                    "version": "1.0.2"
                }
            ]
        },
        {
            "children": [
                {
                    "context": {
                        "code": "Einwilligung",
                        "display": "Einwilligung",
                        "system": "fdpg.mii.cds",
                        "version": "1.0.0"
                    },
                    "display": "KKDAT 5J retrospektiv speichern verarbeiten",
                    "id": "3eba8d34-1d4e-a6ea-faeb-db9760382a58",
                    "leaf": true,
                    "selectable": true,
                    "termCodes": [
                        {
                            "code": "2.16.840.1.113883.3.1937.777.24.5.3.12",
                            "display": "KKDAT 5J retrospektiv speichern verarbeiten",
                            "system": "urn:oid:2.16.840.1.113883.3.1937.777.24.5.3",
                            "version": "1.0.2"
                        }
                    ]
                },
                {
                    "context": {
                        "code": "Einwilligung",
                        "display": "Einwilligung",
                        "system": "fdpg.mii.cds",
                        "version": "1.0.0"
                    },
                    "display": "KKDAT 5J retrospektiv uebertragen",
                    "id": "d00a364d-3f5f-7aef-3c6e-134c69b10b54",
                    "leaf": true,
                    "selectable": true,
                    "termCodes": [
                        {
                            "code": "2.16.840.1.113883.3.1937.777.24.5.3.11",
                            "display": "KKDAT 5J retrospektiv uebertragen",
                            "system": "urn:oid:2.16.840.1.113883.3.1937.777.24.5.3",
                            "version": "1.0.2"
                        }
                    ]
                },
                {
                    "context": {
                        "code": "Einwilligung",
                        "display": "Einwilligung",
                        "system": "fdpg.mii.cds",
                        "version": "1.0.0"
                    },
                    "display": "KKDAT 5J retrospektiv uebertragen KVNR",
                    "id": "d9356f2f-86b3-ad62-e9d6-ef8fc19eb49c",
                    "leaf": true,
                    "selectable": true,
                    "termCodes": [
                        {
                            "code": "2.16.840.1.113883.3.1937.777.24.5.3.38",
                            "display": "KKDAT 5J retrospektiv uebertragen KVNR",
                            "system": "urn:oid:2.16.840.1.113883.3.1937.777.24.5.3",
                            "version": "1.0.2"
                        }
                    ]
                },
                {
                    "context": {
                        "code": "Einwilligung",
                        "display": "Einwilligung",
                        "system": "fdpg.mii.cds",
                        "version": "1.0.0"
                    },
                    "display": "KKDAT 5J retrospektiv wissenschaftlich nutzen",
                    "id": "21ec5b33-cba2-a125-b7a8-4ee037a7a042",
                    "leaf": true,
                    "selectable": true,
                    "termCodes": [
                        {
                            "code": "2.16.840.1.113883.3.1937.777.24.5.3.13",
                            "display": "KKDAT 5J retrospektiv wissenschaftlich nutzen",
                            "system": "urn:oid:2.16.840.1.113883.3.1937.777.24.5.3",
                            "version": "1.0.2"
                        }
                    ]
                }
            ],
            "context": {
                "code": "Einwilligung",
                "display": "Einwilligung",
                "system": "fdpg.mii.cds",
                "version": "1.0.0"
            },
            "display": "Krankenkassendaten retrospektiv uebertragen, speichern, nutzen",
            "id": "9221e753-ca46-8e00-6861-904d28842997",
            "leaf": false,
            "selectable": false,
            "termCodes": [
                {
                    "code": "2.16.840.1.113883.3.1937.777.24.5.3.10",
                    "display": "Krankenkassendaten retrospektiv uebertragen, speichern, nutzen",
                    "system": "urn:oid:2.16.840.1.113883.3.1937.777.24.5.3",
                    "version": "1.0.2"
                }
            ]
        },
        {
            "children": [
                {
                    "context": {
                        "code": "Einwilligung",
                        "display": "Einwilligung",
                        "system": "fdpg.mii.cds",
                        "version": "1.0.0"
                    },
                    "display": "IDAT bereitstellen EU DSGVO NIVEAU",
                    "id": "16ed38ee-0b2c-8734-16f5-ec5f3d3f2abc",
                    "leaf": true,
                    "selectable": true,
                    "termCodes": [
                        {
                            "code": "2.16.840.1.113883.3.1937.777.24.5.3.5",
                            "display": "IDAT bereitstellen EU DSGVO NIVEAU",
                            "system": "urn:oid:2.16.840.1.113883.3.1937.777.24.5.3",
                            "version": "1.0.2"
                        }
                    ]
                },
                {
                    "context": {
                        "code": "Einwilligung",
                        "display": "Einwilligung",
                        "system": "fdpg.mii.cds",
                        "version": "1.0.0"
                    },
                    "display": "IDAT erheben",
                    "id": "44e4af48-4aa2-986b-5f0f-29b78d7f1b8f",
                    "leaf": true,
                    "selectable": true,
                    "termCodes": [
                        {
                            "code": "2.16.840.1.113883.3.1937.777.24.5.3.2",
                            "display": "IDAT erheben",
                            "system": "urn:oid:2.16.840.1.113883.3.1937.777.24.5.3",
                            "version": "1.0.2"
                        }
                    ]
                },
                {
                    "context": {
                        "code": "Einwilligung",
                        "display": "Einwilligung",
                        "system": "fdpg.mii.cds",
                        "version": "1.0.0"
                    },
                    "display": "IDAT speichern, verarbeiten",
                    "id": "54c28900-14ad-0a82-10e6-ecb4c99d9aaf",
                    "leaf": true,
                    "selectable": true,
                    "termCodes": [
                        {
                            "code": "2.16.840.1.113883.3.1937.777.24.5.3.3",
                            "display": "IDAT speichern, verarbeiten",
                            "system": "urn:oid:2.16.840.1.113883.3.1937.777.24.5.3",
                            "version": "1.0.2"
                        }
                    ]
                },
                {
                    "context": {
                        "code": "Einwilligung",
                        "display": "Einwilligung",
                        "system": "fdpg.mii.cds",
                        "version": "1.0.0"
                    },
                    "display": "IDAT zusammenfuehren Dritte",
                    "id": "c4a1df6d-c2e0-8fa6-9f37-4272148fefe6",
                    "leaf": true,
                    "selectable": true,
                    "termCodes": [
                        {
                            "code": "2.16.840.1.113883.3.1937.777.24.5.3.4",
                            "display": "IDAT zusammenfuehren Dritte",
                            "system": "urn:oid:2.16.840.1.113883.3.1937.777.24.5.3",
                            "version": "1.0.2"
                        }
                    ]
                },
                {
                    "context": {
                        "code": "Einwilligung",
                        "display": "Einwilligung",
                        "system": "fdpg.mii.cds",
                        "version": "1.0.0"
                    },
                    "display": "MDAT erheben",
                    "id": "36319c29-1981-a9c1-635f-bc91a73ccdde",
                    "leaf": true,
                    "selectable": true,
                    "termCodes": [
                        {
                            "code": "2.16.840.1.113883.3.1937.777.24.5.3.6",
                            "display": "MDAT erheben",
                            "system": "urn:oid:2.16.840.1.113883.3.1937.777.24.5.3",
                            "version": "1.0.2"
                        }
                    ]
                },
                {
                    "context": {
                        "code": "Einwilligung",
                        "display": "Einwilligung",
                        "system": "fdpg.mii.cds",
                        "version": "1.0.0"
                    },
                    "display": "MDAT speichern, verarbeiten",
                    "id": "c0d38eab-ae87-b736-724e-a172e7cd4b50",
                    "leaf": true,
                    "selectable": true,
                    "termCodes": [
                        {
                            "code": "2.16.840.1.113883.3.1937.777.24.5.3.7",
                            "display": "MDAT speichern, verarbeiten",
                            "system": "urn:oid:2.16.840.1.113883.3.1937.777.24.5.3",
                            "version": "1.0.2"
                        }
                    ]
                },
                {
                    "context": {
                        "code": "Einwilligung",
                        "display": "Einwilligung",
                        "system": "fdpg.mii.cds",
                        "version": "1.0.0"
                    },
                    "display": "MDAT wissenschaftlich nutzen EU DSGVO NIVEAU",
                    "id": "8eea45a1-37bc-7501-d222-3dde34a805e4",
                    "leaf": true,
                    "selectable": true,
                    "termCodes": [
                        {
                            "code": "2.16.840.1.113883.3.1937.777.24.5.3.8",
                            "display": "MDAT wissenschaftlich nutzen EU DSGVO NIVEAU",
                            "system": "urn:oid:2.16.840.1.113883.3.1937.777.24.5.3",
                            "version": "1.0.2"
                        }
                    ]
                },
                {
                    "context": {
                        "code": "Einwilligung",
                        "display": "Einwilligung",
                        "system": "fdpg.mii.cds",
                        "version": "1.0.0"
                    },
                    "display": "MDAT zusammenfuehren Dritte",
                    "id": "6d2170db-d99b-60ae-86ca-4402c39dac60",
                    "leaf": true,
                    "selectable": true,
                    "termCodes": [
                        {
                            "code": "2.16.840.1.113883.3.1937.777.24.5.3.9",
                            "display": "MDAT zusammenfuehren Dritte",
                            "system": "urn:oid:2.16.840.1.113883.3.1937.777.24.5.3",
                            "version": "1.0.2"
                        }
                    ]
                },
                {
                    "context": {
                        "code": "Einwilligung",
                        "display": "Einwilligung",
                        "system": "fdpg.mii.cds",
                        "version": "1.0.0"
                    },
                    "display": "Rekontaktierung Ergebnisse erheblicher Bedeutung",
                    "id": "71dfad9c-722b-74d8-2e1a-3539cff9d06e",
                    "leaf": true,
                    "selectable": true,
                    "termCodes": [
                        {
                            "code": "2.16.840.1.113883.3.1937.777.24.5.3.37",
                            "display": "Rekontaktierung Ergebnisse erheblicher Bedeutung",
                            "system": "urn:oid:2.16.840.1.113883.3.1937.777.24.5.3",
                            "version": "1.0.2"
                        }
                    ]
                }
            ],
            "context": {
                "code": "Einwilligung",
                "display": "Einwilligung",
                "system": "fdpg.mii.cds",
                "version": "1.0.0"
            },
            "display": "Patientendaten erheben, speichern, nutzen",
            "id": "4ffe8f0b-be95-e377-b163-5f1077677f69",
            "leaf": false,
            "selectable": false,
            "termCodes": [
                {
                    "code": "2.16.840.1.113883.3.1937.777.24.5.3.1",
                    "display": "Patientendaten erheben, speichern, nutzen",
                    "system": "urn:oid:2.16.840.1.113883.3.1937.777.24.5.3",
                    "version": "1.0.2"
                }
            ]
        },
        {
            "children": [
                {
                    "context": {
                        "code": "Einwilligung",
                        "display": "Einwilligung",
                        "system": "fdpg.mii.cds",
                        "version": "1.0.0"
                    },
                    "display": "MDAT retrospektiv speichern verarbeiten",
                    "id": "f4fea98e-2f4e-668e-a3ee-0ab6304c66d7",
                    "leaf": true,
                    "selectable": true,
                    "termCodes": [
                        {
                            "code": "2.16.840.1.113883.3.1937.777.24.5.3.45",
                            "display": "MDAT retrospektiv speichern verarbeiten",
                            "system": "urn:oid:2.16.840.1.113883.3.1937.777.24.5.3",
                            "version": "1.0.2"
                        }
                    ]
                },
                {
                    "context": {
                        "code": "Einwilligung",
                        "display": "Einwilligung",
                        "system": "fdpg.mii.cds",
                        "version": "1.0.0"
                    },
                    "display": "MDAT retrospektiv wissenschaftlich nutzen EU DSGVO NIVEAU",
                    "id": "7d738d31-1355-da30-06f8-dea177462095",
                    "leaf": true,
                    "selectable": true,
                    "termCodes": [
                        {
                            "code": "2.16.840.1.113883.3.1937.777.24.5.3.46",
                            "display": "MDAT retrospektiv wissenschaftlich nutzen EU DSGVO NIVEAU",
                            "system": "urn:oid:2.16.840.1.113883.3.1937.777.24.5.3",
                            "version": "1.0.2"
                        }
                    ]
                },
                {
                    "context": {
                        "code": "Einwilligung",
                        "display": "Einwilligung",
                        "system": "fdpg.mii.cds",
                        "version": "1.0.0"
                    },
                    "display": "MDAT retrospektiv zusammenfuehren Dritte",
                    "id": "6e61589d-21ed-c00f-0813-263c713a70e4",
                    "leaf": true,
                    "selectable": true,
                    "termCodes": [
                        {
                            "code": "2.16.840.1.113883.3.1937.777.24.5.3.47",
                            "display": "MDAT retrospektiv zusammenfuehren Dritte",
                            "system": "urn:oid:2.16.840.1.113883.3.1937.777.24.5.3",
                            "version": "1.0.2"
                        }
                    ]
                }
            ],
            "context": {
                "code": "Einwilligung",
                "display": "Einwilligung",
                "system": "fdpg.mii.cds",
                "version": "1.0.0"
            },
            "display": "Patientendaten retrospektiv verarbeiten, nutzen",
            "id": "d317049c-1f4b-7a69-76f3-1955f24658b2",
            "leaf": false,
            "selectable": false,
            "termCodes": [
                {
                    "code": "2.16.840.1.113883.3.1937.777.24.5.3.44",
                    "display": "Patientendaten retrospektiv verarbeiten, nutzen",
                    "system": "urn:oid:2.16.840.1.113883.3.1937.777.24.5.3",
                    "version": "1.0.2"
                }
            ]
        },
        {
            "children": [
                {
                    "context": {
                        "code": "Einwilligung",
                        "display": "Einwilligung",
                        "system": "fdpg.mii.cds",
                        "version": "1.0.0"
                    },
                    "display": "MDAT bereitstellen non EU DSGVO NIVEAU",
                    "id": "84138cf4-43b1-b79f-e451-a73e3d40a40c",
                    "leaf": true,
                    "selectable": true,
                    "termCodes": [
                        {
                            "code": "2.16.840.1.113883.3.1937.777.24.5.3.49",
                            "display": "MDAT bereitstellen non EU DSGVO NIVEAU",
                            "system": "urn:oid:2.16.840.1.113883.3.1937.777.24.5.3",
                            "version": "1.0.2"
                        }
                    ]
                }
            ],
            "context": {
                "code": "Einwilligung",
                "display": "Einwilligung",
                "system": "fdpg.mii.cds",
                "version": "1.0.0"
            },
            "display": "Patientendaten Weitergabe non DSGVO NIVEAU",
            "id": "3ed27aff-ba64-632e-6ca7-6c3191214654",
            "leaf": false,
            "selectable": false,
            "termCodes": [
                {
                    "code": "2.16.840.1.113883.3.1937.777.24.5.3.48",
                    "display": "Patientendaten Weitergabe non DSGVO NIVEAU",
                    "system": "urn:oid:2.16.840.1.113883.3.1937.777.24.5.3",
                    "version": "1.0.2"
                }
            ]
        },
        {
            "children": [
                {
                    "context": {
                        "code": "Einwilligung",
                        "display": "Einwilligung",
                        "system": "fdpg.mii.cds",
                        "version": "1.0.0"
                    },
                    "display": "Rekontaktierung Verkn\u00fcpfung Datenbanken",
                    "id": "edbe5e47-3e55-f4b4-a946-e9bd69a5d096",
                    "leaf": true,
                    "selectable": true,
                    "termCodes": [
                        {
                            "code": "2.16.840.1.113883.3.1937.777.24.5.3.27",
                            "display": "Rekontaktierung Verkn\u00fcpfung Datenbanken",
                            "system": "urn:oid:2.16.840.1.113883.3.1937.777.24.5.3",
                            "version": "1.0.2"
                        }
                    ]
                },
                {
                    "context": {
                        "code": "Einwilligung",
                        "display": "Einwilligung",
                        "system": "fdpg.mii.cds",
                        "version": "1.0.0"
                    },
                    "display": "Rekontaktierung weitere Erhebung",
                    "id": "394cad0d-4500-cdc7-a82f-76dbc104552e",
                    "leaf": true,
                    "selectable": true,
                    "termCodes": [
                        {
                            "code": "2.16.840.1.113883.3.1937.777.24.5.3.28",
                            "display": "Rekontaktierung weitere Erhebung",
                            "system": "urn:oid:2.16.840.1.113883.3.1937.777.24.5.3",
                            "version": "1.0.2"
                        }
                    ]
                },
                {
                    "context": {
                        "code": "Einwilligung",
                        "display": "Einwilligung",
                        "system": "fdpg.mii.cds",
                        "version": "1.0.0"
                    },
                    "display": "Rekontaktierung weitere Studien",
                    "id": "88c50d0e-73d3-f0bc-c23b-6d0c0d341506",
                    "leaf": true,
                    "selectable": true,
                    "termCodes": [
                        {
                            "code": "2.16.840.1.113883.3.1937.777.24.5.3.29",
                            "display": "Rekontaktierung weitere Studien",
                            "system": "urn:oid:2.16.840.1.113883.3.1937.777.24.5.3",
                            "version": "1.0.2"
                        }
                    ]
                }
            ],
            "context": {
                "code": "Einwilligung",
                "display": "Einwilligung",
                "system": "fdpg.mii.cds",
                "version": "1.0.0"
            },
            "display": "Rekontaktierung Erg\u00e4nzungen",
            "id": "c2c5121a-18f3-3d46-cacb-0110185983d7",
            "leaf": false,
            "selectable": false,
            "termCodes": [
                {
                    "code": "2.16.840.1.113883.3.1937.777.24.5.3.26",
                    "display": "Rekontaktierung Erg\u00e4nzungen",
                    "system": "urn:oid:2.16.840.1.113883.3.1937.777.24.5.3",
                    "version": "1.0.2"
                }
            ]
        },
        {
            "children": [
                {
                    "context": {
                        "code": "Einwilligung",
                        "display": "Einwilligung",
                        "system": "fdpg.mii.cds",
                        "version": "1.0.0"
                    },
                    "display": "Rekontaktierung Zusatzbefund",
                    "id": "c85a3254-a13b-7b43-b008-f031f1f11055",
                    "leaf": true,
                    "selectable": true,
                    "termCodes": [
                        {
                            "code": "2.16.840.1.113883.3.1937.777.24.5.3.31",
                            "display": "Rekontaktierung Zusatzbefund",
                            "system": "urn:oid:2.16.840.1.113883.3.1937.777.24.5.3",
                            "version": "1.0.2"
                        }
                    ]
                }
            ],
            "context": {
                "code": "Einwilligung",
                "display": "Einwilligung",
                "system": "fdpg.mii.cds",
                "version": "1.0.0"
            },
            "display": "Rekontaktierung Zusatzbefund",
            "id": "1881f6d6-2348-0395-f122-dca2bd72a763",
            "leaf": false,
            "selectable": false,
            "termCodes": [
                {
                    "code": "2.16.840.1.113883.3.1937.777.24.5.3.30",
                    "display": "Rekontaktierung Zusatzbefund",
                    "system": "urn:oid:2.16.840.1.113883.3.1937.777.24.5.3",
                    "version": "1.0.2"
                }
            ]
        },
        {
            "children": [
                {
                    "context": {
                        "code": "Einwilligung",
                        "display": "Einwilligung",
                        "system": "fdpg.mii.cds",
                        "version": "1.0.0"
                    },
                    "display": "MDAT GECCO83 bereitstellen NUM/CODEX",
                    "id": "1f6c1541-a798-b4e9-292f-ad5f40096507",
                    "leaf": true,
                    "selectable": true,
                    "termCodes": [
                        {
                            "code": "2.16.840.1.113883.3.1937.777.24.5.3.33",
                            "display": "MDAT GECCO83 bereitstellen NUM/CODEX",
                            "system": "urn:oid:2.16.840.1.113883.3.1937.777.24.5.3",
                            "version": "1.0.2"
                        }
                    ]
                },
                {
                    "context": {
                        "code": "Einwilligung",
                        "display": "Einwilligung",
                        "system": "fdpg.mii.cds",
                        "version": "1.0.0"
                    },
                    "display": "MDAT GECCO83 erheben",
                    "id": "94a96dc7-0c71-f423-d8b1-83157e91ad52",
                    "leaf": true,
                    "selectable": true,
                    "termCodes": [
                        {
                            "code": "2.16.840.1.113883.3.1937.777.24.5.3.43",
                            "display": "MDAT GECCO83 erheben",
                            "system": "urn:oid:2.16.840.1.113883.3.1937.777.24.5.3",
                            "version": "1.0.2"
                        }
                    ]
                },
                {
                    "context": {
                        "code": "Einwilligung",
                        "display": "Einwilligung",
                        "system": "fdpg.mii.cds",
                        "version": "1.0.0"
                    },
                    "display": "MDAT GECCO83 komplettieren einmalig",
                    "id": "b3fd4544-fc71-1952-88ae-942ab5d2f82c",
                    "leaf": true,
                    "selectable": true,
                    "termCodes": [
                        {
                            "code": "2.16.840.1.113883.3.1937.777.24.5.3.40",
                            "display": "MDAT GECCO83 komplettieren einmalig",
                            "system": "urn:oid:2.16.840.1.113883.3.1937.777.24.5.3",
                            "version": "1.0.2"
                        }
                    ]
                },
                {
                    "context": {
                        "code": "Einwilligung",
                        "display": "Einwilligung",
                        "system": "fdpg.mii.cds",
                        "version": "1.0.0"
                    },
                    "display": "MDAT GECCO83 speichern verarbeiten NUM/CODEX",
                    "id": "5a7f1374-5151-82fd-5249-09d9bebf628c",
                    "leaf": true,
                    "selectable": true,
                    "termCodes": [
                        {
                            "code": "2.16.840.1.113883.3.1937.777.24.5.3.34",
                            "display": "MDAT GECCO83 speichern verarbeiten NUM/CODEX",
                            "system": "urn:oid:2.16.840.1.113883.3.1937.777.24.5.3",
                            "version": "1.0.2"
                        }
                    ]
                },
                {
                    "context": {
                        "code": "Einwilligung",
                        "display": "Einwilligung",
                        "system": "fdpg.mii.cds",
                        "version": "1.0.0"
                    },
                    "display": "MDAT GECCO83 wissenschaftlich nutzen COVID 19 Forschung EU DSGVO konform",
                    "id": "866079ae-8568-67c1-7614-3c396c2c537d",
                    "leaf": true,
                    "selectable": true,
                    "termCodes": [
                        {
                            "code": "2.16.840.1.113883.3.1937.777.24.5.3.41",
                            "display": "MDAT GECCO83 wissenschaftlich nutzen COVID 19 Forschung EU DSGVO konform",
                            "system": "urn:oid:2.16.840.1.113883.3.1937.777.24.5.3",
                            "version": "1.0.2"
                        }
                    ]
                },
                {
                    "context": {
                        "code": "Einwilligung",
                        "display": "Einwilligung",
                        "system": "fdpg.mii.cds",
                        "version": "1.0.0"
                    },
                    "display": "MDAT GECCO83 wissenschaftlich nutzen NUM/CODEX EU DSGVO NIVEAU",
                    "id": "cb5384f0-81da-51ac-c639-ab1af53c68f6",
                    "leaf": true,
                    "selectable": true,
                    "termCodes": [
                        {
                            "code": "2.16.840.1.113883.3.1937.777.24.5.3.56",
                            "display": "MDAT GECCO83 wissenschaftlich nutzen NUM/CODEX EU DSGVO NIVEAU",
                            "system": "urn:oid:2.16.840.1.113883.3.1937.777.24.5.3",
                            "version": "1.0.2"
                        }
                    ]
                },
                {
                    "context": {
                        "code": "Einwilligung",
                        "display": "Einwilligung",
                        "system": "fdpg.mii.cds",
                        "version": "1.0.0"
                    },
                    "display": "MDAT GECCO83 wissenschaftlich nutzen Pandemie Forschung EU DSGVO konform",
                    "id": "63eb25a7-526f-f532-8f57-4a9ddac207bf",
                    "leaf": true,
                    "selectable": true,
                    "termCodes": [
                        {
                            "code": "2.16.840.1.113883.3.1937.777.24.5.3.42",
                            "display": "MDAT GECCO83 wissenschaftlich nutzen Pandemie Forschung EU DSGVO konform",
                            "system": "urn:oid:2.16.840.1.113883.3.1937.777.24.5.3",
                            "version": "1.0.2"
                        }
                    ]
                }
            ],
            "context": {
                "code": "Einwilligung",
                "display": "Einwilligung",
                "system": "fdpg.mii.cds",
                "version": "1.0.0"
            },
            "display": "Z1 GECCO83 Nutzung NUM/CODEX",
            "id": "32bca9f1-2c00-6dc2-0c25-2a93d0604162",
            "leaf": false,
            "selectable": false,
            "termCodes": [
                {
                    "code": "2.16.840.1.113883.3.1937.777.24.5.3.32",
                    "display": "Z1 GECCO83 Nutzung NUM/CODEX",
                    "system": "urn:oid:2.16.840.1.113883.3.1937.777.24.5.3",
                    "version": "1.0.2"
                }
            ]
        },
        {
            "children": [
                {
                    "context": {
                        "code": "Einwilligung",
                        "display": "Einwilligung",
                        "system": "fdpg.mii.cds",
                        "version": "1.0.0"
                    },
                    "display": "MDAT GECCO83 bereitstellen NUM/CODEX ohne EU DSGVO NIVEAU",
                    "id": "14607ebc-4da2-bcec-6251-1f327f5ad2f6",
                    "leaf": true,
                    "selectable": true,
                    "termCodes": [
                        {
                            "code": "2.16.840.1.113883.3.1937.777.24.5.3.36",
                            "display": "MDAT GECCO83 bereitstellen NUM/CODEX ohne EU DSGVO NIVEAU",
                            "system": "urn:oid:2.16.840.1.113883.3.1937.777.24.5.3",
                            "version": "1.0.2"
                        }
                    ]
                }
            ],
            "context": {
                "code": "Einwilligung",
                "display": "Einwilligung",
                "system": "fdpg.mii.cds",
                "version": "1.0.0"
            },
            "display": "Z1 GECCO83 Weitergabe NUM/CODEX non EU DSGVO NIVEAU",
            "id": "71790eff-2ada-0a94-c02b-35cec315f6bc",
            "leaf": false,
            "selectable": false,
            "termCodes": [
                {
                    "code": "2.16.840.1.113883.3.1937.777.24.5.3.35",
                    "display": "Z1 GECCO83 Weitergabe NUM/CODEX non EU DSGVO NIVEAU",
                    "system": "urn:oid:2.16.840.1.113883.3.1937.777.24.5.3",
                    "version": "1.0.2"
                }
            ]
        }
    ],
    "context": {
        "code": "Einwilligung",
        "display": "Einwilligung",
        "system": "fdpg.mii.cds"
    },
    "display": "Einwilligung",
    "id": "7a184948-99ba-113a-c277-86c1c6c54dc4",
    "leaf": false,
    "selectable": false,
    "termCodes": [
        {
            "code": "Einwilligung",
            "display": "Einwilligung",
            "system": "fdpg.mii.cds"
        }
    ]
}