{
    "children": [
        {
            "context": {
                "code": "Patient",
                "display": "Patient",
                "system": "fdpg.mii.cds",
                "version": "1.0.0"
            },
            "display": "Gegenw\u00e4rtiges chronologisches Alter",
            "id": "698755cd-0e25-fb09-0f14-a1692005b821",
            "leaf": true,
            "selectable": true,
            "termCodes": [
                {
                    "code": "424144002",
                    "display": "Gegenw\u00e4rtiges chronologisches Alter",
                    "system": "http://snomed.info/sct"
                }
            ]
        },
        {
            "context": {
                "code": "Patient",
                "display": "Patient",
                "system": "fdpg.mii.cds",
                "version": "1.0.0"
            },
            "display": "Geschlecht",
            "id": "286c11dd-3b6f-7ba2-f91b-7f64d38012a1",
            "leaf": true,
            "selectable": true,
            "termCodes": [
                {
                    "code": "263495000",
                    "display": "Geschlecht",
                    "system": "http://snomed.info/sct"
                }
            ]
        }
    ],
    "context": {
        "code": "Person",
        "display": "Person",
        "system": "fdpg.mii.cds"
    },
    "display": "Person",
    "id": "f316380f-997c-2323-dd6c-10137720c57f",
    "leaf": false,
    "selectable": false,
    "termCodes": [
        {
            "code": "Person",
            "display": "Person",
            "system": "fdpg.mii.cds"
        }
    ]
}