{
    "children": [
        {
            "context": {
                "code": "Patient",
                "display": "Patient",
                "system": "fdpg.mii.cds",
                "version": "1.0.0"
            },
            "display": "Gegenw\u00e4rtiges chronologisches Alter",
            "id": "9769b42a-d305-490c-7dae-414f2d9208fa",
            "leaf": true,
            "selectable": true,
            "termCodes": [
                {
                    "code": "424144002",
                    "display": "Gegenw\u00e4rtiges chronologisches Alter",
                    "system": "http://snomed.info/sct"
                }
            ]
        },
        {
            "context": {
                "code": "Patient",
                "display": "Patient",
                "system": "fdpg.mii.cds",
                "version": "1.0.0"
            },
            "display": "Geschlecht",
            "id": "a607bce8-2475-817f-895d-940eb9719457",
            "leaf": true,
            "selectable": true,
            "termCodes": [
                {
                    "code": "263495000",
                    "display": "Geschlecht",
                    "system": "http://snomed.info/sct"
                }
            ]
        }
    ],
    "context": {
        "code": "Person",
        "display": "Person",
        "system": "fdpg.mii.cds"
    },
    "display": "Person",
    "id": "c7e18868-b7e3-cd6f-0378-67791d4e9774",
    "leaf": false,
    "selectable": false,
    "termCodes": [
        {
            "code": "Person",
            "display": "Person",
            "system": "fdpg.mii.cds"
        }
    ]
}