{
    "children": [
        {
            "context": {
                "code": "Patient",
                "display": "Patient",
                "system": "fdpg.mii.cds",
                "version": "1.0.0"
            },
            "display": "Gegenw\u00e4rtiges chronologisches Alter",
            "id": "3c2446ab-5adc-2c42-d8b5-e384ad355dd1",
            "leaf": true,
            "selectable": true,
            "termCodes": [
                {
                    "code": "424144002",
                    "display": "Gegenw\u00e4rtiges chronologisches Alter",
                    "system": "http://snomed.info/sct"
                }
            ]
        },
        {
            "context": {
                "code": "Patient",
                "display": "Patient",
                "system": "fdpg.mii.cds",
                "version": "1.0.0"
            },
            "display": "Geschlecht",
            "id": "48aa670f-0345-eedb-8fa2-3242a0bd94af",
            "leaf": true,
            "selectable": true,
            "termCodes": [
                {
                    "code": "263495000",
                    "display": "Geschlecht",
                    "system": "http://snomed.info/sct"
                }
            ]
        }
    ],
    "context": {
        "code": "Person",
        "display": "Person",
        "system": "fdpg.mii.cds"
    },
    "display": "Person",
    "id": "c9d60f6c-5578-05ad-16ff-76c5d7468acf",
    "leaf": false,
    "selectable": false,
    "termCodes": [
        {
            "code": "Person",
            "display": "Person",
            "system": "fdpg.mii.cds"
        }
    ]
}