{
    "children": [
        {
            "context": {
                "code": "Patient",
                "display": "Patient",
                "system": "fdpg.mii.cds",
                "version": "1.0.0"
            },
            "display": "Gegenw\u00e4rtiges chronologisches Alter",
            "id": "fad46806-ed9c-780c-0e04-54ee9a0591ec",
            "leaf": true,
            "selectable": true,
            "termCodes": [
                {
                    "code": "424144002",
                    "display": "Gegenw\u00e4rtiges chronologisches Alter",
                    "system": "http://snomed.info/sct"
                }
            ]
        },
        {
            "context": {
                "code": "Patient",
                "display": "Patient",
                "system": "fdpg.mii.cds",
                "version": "1.0.0"
            },
            "display": "Geschlecht",
            "id": "a296226f-7f22-e8e7-d1ea-577e9e92c18f",
            "leaf": true,
            "selectable": true,
            "termCodes": [
                {
                    "code": "263495000",
                    "display": "Geschlecht",
                    "system": "http://snomed.info/sct"
                }
            ]
        }
    ],
    "context": {
        "code": "Person",
        "display": "Person",
        "system": "fdpg.mii.cds"
    },
    "display": "Person",
    "id": "27c7ba0c-c26f-8b3d-31c5-e99644108687",
    "leaf": false,
    "selectable": false,
    "termCodes": [
        {
            "code": "Person",
            "display": "Person",
            "system": "fdpg.mii.cds"
        }
    ]
}