{
    "children": [
        {
            "children": [
                {
                    "context": {
                        "code": "Vitalstatus",
                        "display": "Vitalstatus",
                        "system": "fdpg.mii.cds",
                        "version": "1.0.0"
                    },
                    "display": "Patient Disposition",
                    "id": "7fcd7121-2e21-529c-5c44-02767d2c06ee",
                    "leaf": true,
                    "selectable": true,
                    "termCodes": [
                        {
                            "code": "67162-8",
                            "display": "Patient Disposition",
                            "system": "http://loinc.org"
                        }
                    ]
                }
            ],
            "context": {
                "code": "Vitalstatus",
                "display": "Vitalstatus",
                "system": "fdpg.mii.cds",
                "version": "1.0.0"
            },
            "display": "Vitalstatus",
            "id": "35487164-2ca0-956b-eed1-6ab048aff96e",
            "leaf": false,
            "selectable": false,
            "termCodes": [
                {
                    "code": "Vitalstatus",
                    "display": "Vitalstatus",
                    "system": "fdpg.mii.cds"
                }
            ]
        },
        {
            "children": [
                {
                    "context": {
                        "code": "Patient",
                        "display": "Patient",
                        "system": "fdpg.mii.cds",
                        "version": "1.0.0"
                    },
                    "display": "Geschlecht",
                    "id": "b9f10b14-d730-fcf5-2bbe-af5f0734f5bc",
                    "leaf": true,
                    "selectable": true,
                    "termCodes": [
                        {
                            "code": "263495000",
                            "display": "Geschlecht",
                            "system": "http://snomed.info/sct"
                        }
                    ]
                },
                {
                    "context": {
                        "code": "Patient",
                        "display": "Patient",
                        "system": "fdpg.mii.cds",
                        "version": "1.0.0"
                    },
                    "display": "Gegenw\u00e4rtiges chronologisches Alter",
                    "id": "54337d70-6c37-301b-85ca-0cf331abd806",
                    "leaf": true,
                    "selectable": true,
                    "termCodes": [
                        {
                            "code": "424144002",
                            "display": "Gegenw\u00e4rtiges chronologisches Alter",
                            "system": "http://snomed.info/sct"
                        }
                    ]
                }
            ],
            "context": {
                "code": "Patient",
                "display": "Patient",
                "system": "fdpg.mii.cds",
                "version": "1.0.0"
            },
            "display": "Patient",
            "id": "3b96f343-6750-7c2b-9647-5c1de8ab9a7b",
            "leaf": false,
            "selectable": false,
            "termCodes": [
                {
                    "code": "Patient",
                    "display": "Patient",
                    "system": "fdpg.mii.cds"
                }
            ]
        }
    ],
    "context": {
        "code": "Person",
        "display": "Person",
        "system": "fdpg.mii.cds"
    },
    "display": "Person",
    "id": "6d6a7716-11cc-fe4b-1a22-96ac34c864bd",
    "leaf": false,
    "selectable": false,
    "termCodes": [
        {
            "code": "Person",
            "display": "Person",
            "system": "fdpg.mii.cds"
        }
    ]
}