[{"entries": [{"key": "67162-8", "parents": [], "children": []}], "context": {"system": "fdpg.mii.cds", "code": "Vitalstatus", "display": "Vitalstatus", "version": "1.0.0"}, "system": "http://loinc.org"}, {"entries": [{"key": "263495000", "parents": [], "children": []}], "context": {"system": "fdpg.mii.cds", "code": "Patient", "display": "Patient", "version": "1.0.0"}, "system": "http://snomed.info/sct"}, {"entries": [{"key": "424144002", "parents": [], "children": []}], "context": {"system": "fdpg.mii.cds", "code": "Patient", "display": "Patient", "version": "1.0.0"}, "system": "http://snomed.info/sct"}]