{
    "children": [
        {
            "children": [
                {
                    "context": {
                        "code": "Einwilligung",
                        "display": "Einwilligung",
                        "system": "fdpg.mii.cds",
                        "version": "1.0.0"
                    },
                    "display": "BIOMAT Analysedaten zusammenfuehren Dritte",
                    "id": "e71d4602-c11c-22fc-be59-4087485d70ff",
                    "leaf": true,
                    "selectable": true,
                    "termCodes": [
                        {
                            "code": "2.16.840.1.113883.3.1937.777.24.5.3.23",
                            "display": "BIOMAT Analysedaten zusammenfuehren Dritte",
                            "system": "urn:oid:2.16.840.1.113883.3.1937.777.24.5.3",
                            "version": "1.0.2"
                        }
                    ]
                },
                {
                    "context": {
                        "code": "Einwilligung",
                        "display": "Einwilligung",
                        "system": "fdpg.mii.cds",
                        "version": "1.0.0"
                    },
                    "display": "BIOMAT Eigentum \u00fcbertragen",
                    "id": "33811efc-2373-8eb3-7b48-78a5d4b0ceea",
                    "leaf": true,
                    "selectable": true,
                    "termCodes": [
                        {
                            "code": "2.16.840.1.113883.3.1937.777.24.5.3.21",
                            "display": "BIOMAT Eigentum \u00fcbertragen",
                            "system": "urn:oid:2.16.840.1.113883.3.1937.777.24.5.3",
                            "version": "1.0.2"
                        }
                    ]
                },
                {
                    "context": {
                        "code": "Einwilligung",
                        "display": "Einwilligung",
                        "system": "fdpg.mii.cds",
                        "version": "1.0.0"
                    },
                    "display": "BIOMAT erheben",
                    "id": "5c235669-f03d-8802-6d06-313f6ef1b1c8",
                    "leaf": true,
                    "selectable": true,
                    "termCodes": [
                        {
                            "code": "2.16.840.1.113883.3.1937.777.24.5.3.19",
                            "display": "BIOMAT erheben",
                            "system": "urn:oid:2.16.840.1.113883.3.1937.777.24.5.3",
                            "version": "1.0.2"
                        }
                    ]
                },
                {
                    "context": {
                        "code": "Einwilligung",
                        "display": "Einwilligung",
                        "system": "fdpg.mii.cds",
                        "version": "1.0.0"
                    },
                    "display": "BIOMAT lagern verarbeiten",
                    "id": "36374016-11aa-b3ce-7cd9-3444f0cfe408",
                    "leaf": true,
                    "selectable": true,
                    "termCodes": [
                        {
                            "code": "2.16.840.1.113883.3.1937.777.24.5.3.20",
                            "display": "BIOMAT lagern verarbeiten",
                            "system": "urn:oid:2.16.840.1.113883.3.1937.777.24.5.3",
                            "version": "1.0.2"
                        }
                    ]
                },
                {
                    "context": {
                        "code": "Einwilligung",
                        "display": "Einwilligung",
                        "system": "fdpg.mii.cds",
                        "version": "1.0.0"
                    },
                    "display": "BIOMAT wissenschaftlich nutzen EU DSGVO NIVEAU",
                    "id": "1cf6def7-7068-ff43-bac8-945cd9e28b77",
                    "leaf": true,
                    "selectable": true,
                    "termCodes": [
                        {
                            "code": "2.16.840.1.113883.3.1937.777.24.5.3.22",
                            "display": "BIOMAT wissenschaftlich nutzen EU DSGVO NIVEAU",
                            "system": "urn:oid:2.16.840.1.113883.3.1937.777.24.5.3",
                            "version": "1.0.2"
                        }
                    ]
                }
            ],
            "context": {
                "code": "Einwilligung",
                "display": "Einwilligung",
                "system": "fdpg.mii.cds",
                "version": "1.0.0"
            },
            "display": "Biomaterial erheben, lagern, nutzen",
            "id": "8d77c83c-bc1d-52f1-0822-1e0f848d020b",
            "leaf": false,
            "selectable": false,
            "termCodes": [
                {
                    "code": "2.16.840.1.113883.3.1937.777.24.5.3.18",
                    "display": "Biomaterial erheben, lagern, nutzen",
                    "system": "urn:oid:2.16.840.1.113883.3.1937.777.24.5.3",
                    "version": "1.0.2"
                }
            ]
        },
        {
            "children": [
                {
                    "context": {
                        "code": "Einwilligung",
                        "display": "Einwilligung",
                        "system": "fdpg.mii.cds",
                        "version": "1.0.0"
                    },
                    "display": "BIOMAT retrospektiv Analysedaten zusammenfuehren Dritte",
                    "id": "76f2d397-1be5-4660-9fe1-c7ba5bb0755e",
                    "leaf": true,
                    "selectable": true,
                    "termCodes": [
                        {
                            "code": "2.16.840.1.113883.3.1937.777.24.5.3.53",
                            "display": "BIOMAT retrospektiv Analysedaten zusammenfuehren Dritte",
                            "system": "urn:oid:2.16.840.1.113883.3.1937.777.24.5.3",
                            "version": "1.0.2"
                        }
                    ]
                },
                {
                    "context": {
                        "code": "Einwilligung",
                        "display": "Einwilligung",
                        "system": "fdpg.mii.cds",
                        "version": "1.0.0"
                    },
                    "display": "BIOMAT retrospektiv lagern verarbeiten",
                    "id": "bbf5310b-0ce4-f996-c446-af48389e3943",
                    "leaf": true,
                    "selectable": true,
                    "termCodes": [
                        {
                            "code": "2.16.840.1.113883.3.1937.777.24.5.3.51",
                            "display": "BIOMAT retrospektiv lagern verarbeiten",
                            "system": "urn:oid:2.16.840.1.113883.3.1937.777.24.5.3",
                            "version": "1.0.2"
                        }
                    ]
                },
                {
                    "context": {
                        "code": "Einwilligung",
                        "display": "Einwilligung",
                        "system": "fdpg.mii.cds",
                        "version": "1.0.0"
                    },
                    "display": "BIOMAT retrospektiv wissenschaftlich nutzen EU DSGVO NIVEAU",
                    "id": "2dd429e2-bd17-8efd-1b29-6da5590d539d",
                    "leaf": true,
                    "selectable": true,
                    "termCodes": [
                        {
                            "code": "2.16.840.1.113883.3.1937.777.24.5.3.52",
                            "display": "BIOMAT retrospektiv wissenschaftlich nutzen EU DSGVO NIVEAU",
                            "system": "urn:oid:2.16.840.1.113883.3.1937.777.24.5.3",
                            "version": "1.0.2"
                        }
                    ]
                }
            ],
            "context": {
                "code": "Einwilligung",
                "display": "Einwilligung",
                "system": "fdpg.mii.cds",
                "version": "1.0.0"
            },
            "display": "Biomaterial retrospektiv speichern, nutzen",
            "id": "c634b106-2bda-2b86-1165-2d0831de237c",
            "leaf": false,
            "selectable": false,
            "termCodes": [
                {
                    "code": "2.16.840.1.113883.3.1937.777.24.5.3.50",
                    "display": "Biomaterial retrospektiv speichern, nutzen",
                    "system": "urn:oid:2.16.840.1.113883.3.1937.777.24.5.3",
                    "version": "1.0.2"
                }
            ]
        },
        {
            "children": [
                {
                    "context": {
                        "code": "Einwilligung",
                        "display": "Einwilligung",
                        "system": "fdpg.mii.cds",
                        "version": "1.0.0"
                    },
                    "display": "BIOMAT bereitstellen ohne EU DSGVO NIVEAU",
                    "id": "837cffc6-b736-52f2-2f7f-468abc3e2455",
                    "leaf": true,
                    "selectable": true,
                    "termCodes": [
                        {
                            "code": "2.16.840.1.113883.3.1937.777.24.5.3.55",
                            "display": "BIOMAT bereitstellen ohne EU DSGVO NIVEAU",
                            "system": "urn:oid:2.16.840.1.113883.3.1937.777.24.5.3",
                            "version": "1.0.2"
                        }
                    ]
                }
            ],
            "context": {
                "code": "Einwilligung",
                "display": "Einwilligung",
                "system": "fdpg.mii.cds",
                "version": "1.0.0"
            },
            "display": "Biomaterial Weitergabe non EU DSGVO NIVEAU",
            "id": "27b82a5a-1546-b91c-84af-e2084509b151",
            "leaf": false,
            "selectable": false,
            "termCodes": [
                {
                    "code": "2.16.840.1.113883.3.1937.777.24.5.3.54",
                    "display": "Biomaterial Weitergabe non EU DSGVO NIVEAU",
                    "system": "urn:oid:2.16.840.1.113883.3.1937.777.24.5.3",
                    "version": "1.0.2"
                }
            ]
        },
        {
            "children": [
                {
                    "context": {
                        "code": "Einwilligung",
                        "display": "Einwilligung",
                        "system": "fdpg.mii.cds",
                        "version": "1.0.0"
                    },
                    "display": "BIOMAT Zusatzmengen entnehmen",
                    "id": "da5b912c-abc4-c742-29d2-e0c2c403e110",
                    "leaf": true,
                    "selectable": true,
                    "termCodes": [
                        {
                            "code": "2.16.840.1.113883.3.1937.777.24.5.3.25",
                            "display": "BIOMAT Zusatzmengen entnehmen",
                            "system": "urn:oid:2.16.840.1.113883.3.1937.777.24.5.3",
                            "version": "1.0.2"
                        }
                    ]
                }
            ],
            "context": {
                "code": "Einwilligung",
                "display": "Einwilligung",
                "system": "fdpg.mii.cds",
                "version": "1.0.0"
            },
            "display": "Biomaterial Zusatzentnahme",
            "id": "c9491620-32bc-ec75-ca2c-1050865c0fa4",
            "leaf": false,
            "selectable": false,
            "termCodes": [
                {
                    "code": "2.16.840.1.113883.3.1937.777.24.5.3.24",
                    "display": "Biomaterial Zusatzentnahme",
                    "system": "urn:oid:2.16.840.1.113883.3.1937.777.24.5.3",
                    "version": "1.0.2"
                }
            ]
        },
        {
            "children": [
                {
                    "context": {
                        "code": "Einwilligung",
                        "display": "Einwilligung",
                        "system": "fdpg.mii.cds",
                        "version": "1.0.0"
                    },
                    "display": "KKDAT 5J prospektiv speichern verarbeiten",
                    "id": "bb258dc6-90b1-d401-e4bb-aa419eeb66ab",
                    "leaf": true,
                    "selectable": true,
                    "termCodes": [
                        {
                            "code": "2.16.840.1.113883.3.1937.777.24.5.3.16",
                            "display": "KKDAT 5J prospektiv speichern verarbeiten",
                            "system": "urn:oid:2.16.840.1.113883.3.1937.777.24.5.3",
                            "version": "1.0.2"
                        }
                    ]
                },
                {
                    "context": {
                        "code": "Einwilligung",
                        "display": "Einwilligung",
                        "system": "fdpg.mii.cds",
                        "version": "1.0.0"
                    },
                    "display": "KKDAT 5J prospektiv uebertragen",
                    "id": "88ae5de0-616c-cfcd-1e79-44b1fb0a7002",
                    "leaf": true,
                    "selectable": true,
                    "termCodes": [
                        {
                            "code": "2.16.840.1.113883.3.1937.777.24.5.3.15",
                            "display": "KKDAT 5J prospektiv uebertragen",
                            "system": "urn:oid:2.16.840.1.113883.3.1937.777.24.5.3",
                            "version": "1.0.2"
                        }
                    ]
                },
                {
                    "context": {
                        "code": "Einwilligung",
                        "display": "Einwilligung",
                        "system": "fdpg.mii.cds",
                        "version": "1.0.0"
                    },
                    "display": "KKDAT 5J prospektiv uebertragen KVNR",
                    "id": "70d79f5b-7ab1-4305-72a5-9a7678f44697",
                    "leaf": true,
                    "selectable": true,
                    "termCodes": [
                        {
                            "code": "2.16.840.1.113883.3.1937.777.24.5.3.39",
                            "display": "KKDAT 5J prospektiv uebertragen KVNR",
                            "system": "urn:oid:2.16.840.1.113883.3.1937.777.24.5.3",
                            "version": "1.0.2"
                        }
                    ]
                },
                {
                    "context": {
                        "code": "Einwilligung",
                        "display": "Einwilligung",
                        "system": "fdpg.mii.cds",
                        "version": "1.0.0"
                    },
                    "display": "KKDAT 5J prospektiv wissenschaftlich nutzen",
                    "id": "3cbb7f72-c331-db5d-e4d7-f6ce869b9161",
                    "leaf": true,
                    "selectable": true,
                    "termCodes": [
                        {
                            "code": "2.16.840.1.113883.3.1937.777.24.5.3.17",
                            "display": "KKDAT 5J prospektiv wissenschaftlich nutzen",
                            "system": "urn:oid:2.16.840.1.113883.3.1937.777.24.5.3",
                            "version": "1.0.2"
                        }
                    ]
                }
            ],
            "context": {
                "code": "Einwilligung",
                "display": "Einwilligung",
                "system": "fdpg.mii.cds",
                "version": "1.0.0"
            },
            "display": "KKDAT prospektiv uebertragen speichern nutzen",
            "id": "f4da6bbf-82dc-3187-18fc-7c8901eb6d16",
            "leaf": false,
            "selectable": false,
            "termCodes": [
                {
                    "code": "2.16.840.1.113883.3.1937.777.24.5.3.14",
                    "display": "KKDAT prospektiv uebertragen speichern nutzen",
                    "system": "urn:oid:2.16.840.1.113883.3.1937.777.24.5.3",
                    "version": "1.0.2"
                }
            ]
        },
        {
            "children": [
                {
                    "context": {
                        "code": "Einwilligung",
                        "display": "Einwilligung",
                        "system": "fdpg.mii.cds",
                        "version": "1.0.0"
                    },
                    "display": "KKDAT 5J retrospektiv speichern verarbeiten",
                    "id": "787c4b6c-2685-d064-d832-aa712b91268a",
                    "leaf": true,
                    "selectable": true,
                    "termCodes": [
                        {
                            "code": "2.16.840.1.113883.3.1937.777.24.5.3.12",
                            "display": "KKDAT 5J retrospektiv speichern verarbeiten",
                            "system": "urn:oid:2.16.840.1.113883.3.1937.777.24.5.3",
                            "version": "1.0.2"
                        }
                    ]
                },
                {
                    "context": {
                        "code": "Einwilligung",
                        "display": "Einwilligung",
                        "system": "fdpg.mii.cds",
                        "version": "1.0.0"
                    },
                    "display": "KKDAT 5J retrospektiv uebertragen",
                    "id": "5a1267ee-e5b1-e293-598c-fada810f1a7f",
                    "leaf": true,
                    "selectable": true,
                    "termCodes": [
                        {
                            "code": "2.16.840.1.113883.3.1937.777.24.5.3.11",
                            "display": "KKDAT 5J retrospektiv uebertragen",
                            "system": "urn:oid:2.16.840.1.113883.3.1937.777.24.5.3",
                            "version": "1.0.2"
                        }
                    ]
                },
                {
                    "context": {
                        "code": "Einwilligung",
                        "display": "Einwilligung",
                        "system": "fdpg.mii.cds",
                        "version": "1.0.0"
                    },
                    "display": "KKDAT 5J retrospektiv uebertragen KVNR",
                    "id": "51e16e73-704c-99a1-be56-73886b8dee65",
                    "leaf": true,
                    "selectable": true,
                    "termCodes": [
                        {
                            "code": "2.16.840.1.113883.3.1937.777.24.5.3.38",
                            "display": "KKDAT 5J retrospektiv uebertragen KVNR",
                            "system": "urn:oid:2.16.840.1.113883.3.1937.777.24.5.3",
                            "version": "1.0.2"
                        }
                    ]
                },
                {
                    "context": {
                        "code": "Einwilligung",
                        "display": "Einwilligung",
                        "system": "fdpg.mii.cds",
                        "version": "1.0.0"
                    },
                    "display": "KKDAT 5J retrospektiv wissenschaftlich nutzen",
                    "id": "188004e1-5e10-1bd3-892a-a2e582ee14c0",
                    "leaf": true,
                    "selectable": true,
                    "termCodes": [
                        {
                            "code": "2.16.840.1.113883.3.1937.777.24.5.3.13",
                            "display": "KKDAT 5J retrospektiv wissenschaftlich nutzen",
                            "system": "urn:oid:2.16.840.1.113883.3.1937.777.24.5.3",
                            "version": "1.0.2"
                        }
                    ]
                }
            ],
            "context": {
                "code": "Einwilligung",
                "display": "Einwilligung",
                "system": "fdpg.mii.cds",
                "version": "1.0.0"
            },
            "display": "Krankenkassendaten retrospektiv uebertragen, speichern, nutzen",
            "id": "bff4ba22-2039-415c-1906-7f5d2ff3b6fd",
            "leaf": false,
            "selectable": false,
            "termCodes": [
                {
                    "code": "2.16.840.1.113883.3.1937.777.24.5.3.10",
                    "display": "Krankenkassendaten retrospektiv uebertragen, speichern, nutzen",
                    "system": "urn:oid:2.16.840.1.113883.3.1937.777.24.5.3",
                    "version": "1.0.2"
                }
            ]
        },
        {
            "children": [
                {
                    "context": {
                        "code": "Einwilligung",
                        "display": "Einwilligung",
                        "system": "fdpg.mii.cds",
                        "version": "1.0.0"
                    },
                    "display": "IDAT bereitstellen EU DSGVO NIVEAU",
                    "id": "000a754a-2c4a-76ce-f256-97ad15c5bb49",
                    "leaf": true,
                    "selectable": true,
                    "termCodes": [
                        {
                            "code": "2.16.840.1.113883.3.1937.777.24.5.3.5",
                            "display": "IDAT bereitstellen EU DSGVO NIVEAU",
                            "system": "urn:oid:2.16.840.1.113883.3.1937.777.24.5.3",
                            "version": "1.0.2"
                        }
                    ]
                },
                {
                    "context": {
                        "code": "Einwilligung",
                        "display": "Einwilligung",
                        "system": "fdpg.mii.cds",
                        "version": "1.0.0"
                    },
                    "display": "IDAT erheben",
                    "id": "254a0b1a-4041-0f37-ebb8-1daf84ff31e8",
                    "leaf": true,
                    "selectable": true,
                    "termCodes": [
                        {
                            "code": "2.16.840.1.113883.3.1937.777.24.5.3.2",
                            "display": "IDAT erheben",
                            "system": "urn:oid:2.16.840.1.113883.3.1937.777.24.5.3",
                            "version": "1.0.2"
                        }
                    ]
                },
                {
                    "context": {
                        "code": "Einwilligung",
                        "display": "Einwilligung",
                        "system": "fdpg.mii.cds",
                        "version": "1.0.0"
                    },
                    "display": "IDAT speichern, verarbeiten",
                    "id": "681d0027-2c12-5657-919d-624505ce2fb5",
                    "leaf": true,
                    "selectable": true,
                    "termCodes": [
                        {
                            "code": "2.16.840.1.113883.3.1937.777.24.5.3.3",
                            "display": "IDAT speichern, verarbeiten",
                            "system": "urn:oid:2.16.840.1.113883.3.1937.777.24.5.3",
                            "version": "1.0.2"
                        }
                    ]
                },
                {
                    "context": {
                        "code": "Einwilligung",
                        "display": "Einwilligung",
                        "system": "fdpg.mii.cds",
                        "version": "1.0.0"
                    },
                    "display": "IDAT zusammenfuehren Dritte",
                    "id": "9050252d-bb28-4901-dc36-87b775085293",
                    "leaf": true,
                    "selectable": true,
                    "termCodes": [
                        {
                            "code": "2.16.840.1.113883.3.1937.777.24.5.3.4",
                            "display": "IDAT zusammenfuehren Dritte",
                            "system": "urn:oid:2.16.840.1.113883.3.1937.777.24.5.3",
                            "version": "1.0.2"
                        }
                    ]
                },
                {
                    "context": {
                        "code": "Einwilligung",
                        "display": "Einwilligung",
                        "system": "fdpg.mii.cds",
                        "version": "1.0.0"
                    },
                    "display": "MDAT erheben",
                    "id": "a6b54631-7c1d-97f2-569b-2b31ada3efe1",
                    "leaf": true,
                    "selectable": true,
                    "termCodes": [
                        {
                            "code": "2.16.840.1.113883.3.1937.777.24.5.3.6",
                            "display": "MDAT erheben",
                            "system": "urn:oid:2.16.840.1.113883.3.1937.777.24.5.3",
                            "version": "1.0.2"
                        }
                    ]
                },
                {
                    "context": {
                        "code": "Einwilligung",
                        "display": "Einwilligung",
                        "system": "fdpg.mii.cds",
                        "version": "1.0.0"
                    },
                    "display": "MDAT speichern, verarbeiten",
                    "id": "ea32e875-8b08-84b8-44ad-66d41e65fb84",
                    "leaf": true,
                    "selectable": true,
                    "termCodes": [
                        {
                            "code": "2.16.840.1.113883.3.1937.777.24.5.3.7",
                            "display": "MDAT speichern, verarbeiten",
                            "system": "urn:oid:2.16.840.1.113883.3.1937.777.24.5.3",
                            "version": "1.0.2"
                        }
                    ]
                },
                {
                    "context": {
                        "code": "Einwilligung",
                        "display": "Einwilligung",
                        "system": "fdpg.mii.cds",
                        "version": "1.0.0"
                    },
                    "display": "MDAT wissenschaftlich nutzen EU DSGVO NIVEAU",
                    "id": "25d626e4-d618-3bff-dad1-a249500ed146",
                    "leaf": true,
                    "selectable": true,
                    "termCodes": [
                        {
                            "code": "2.16.840.1.113883.3.1937.777.24.5.3.8",
                            "display": "MDAT wissenschaftlich nutzen EU DSGVO NIVEAU",
                            "system": "urn:oid:2.16.840.1.113883.3.1937.777.24.5.3",
                            "version": "1.0.2"
                        }
                    ]
                },
                {
                    "context": {
                        "code": "Einwilligung",
                        "display": "Einwilligung",
                        "system": "fdpg.mii.cds",
                        "version": "1.0.0"
                    },
                    "display": "MDAT zusammenfuehren Dritte",
                    "id": "d295ccda-085a-425d-d9c8-c8a5adb048e5",
                    "leaf": true,
                    "selectable": true,
                    "termCodes": [
                        {
                            "code": "2.16.840.1.113883.3.1937.777.24.5.3.9",
                            "display": "MDAT zusammenfuehren Dritte",
                            "system": "urn:oid:2.16.840.1.113883.3.1937.777.24.5.3",
                            "version": "1.0.2"
                        }
                    ]
                },
                {
                    "context": {
                        "code": "Einwilligung",
                        "display": "Einwilligung",
                        "system": "fdpg.mii.cds",
                        "version": "1.0.0"
                    },
                    "display": "Rekontaktierung Ergebnisse erheblicher Bedeutung",
                    "id": "4800d9b2-4e36-99ea-da8f-953fbc4ef5f4",
                    "leaf": true,
                    "selectable": true,
                    "termCodes": [
                        {
                            "code": "2.16.840.1.113883.3.1937.777.24.5.3.37",
                            "display": "Rekontaktierung Ergebnisse erheblicher Bedeutung",
                            "system": "urn:oid:2.16.840.1.113883.3.1937.777.24.5.3",
                            "version": "1.0.2"
                        }
                    ]
                }
            ],
            "context": {
                "code": "Einwilligung",
                "display": "Einwilligung",
                "system": "fdpg.mii.cds",
                "version": "1.0.0"
            },
            "display": "Patientendaten erheben, speichern, nutzen",
            "id": "e7919286-badc-777e-b6d4-41a31e42c1a2",
            "leaf": false,
            "selectable": false,
            "termCodes": [
                {
                    "code": "2.16.840.1.113883.3.1937.777.24.5.3.1",
                    "display": "Patientendaten erheben, speichern, nutzen",
                    "system": "urn:oid:2.16.840.1.113883.3.1937.777.24.5.3",
                    "version": "1.0.2"
                }
            ]
        },
        {
            "children": [
                {
                    "context": {
                        "code": "Einwilligung",
                        "display": "Einwilligung",
                        "system": "fdpg.mii.cds",
                        "version": "1.0.0"
                    },
                    "display": "MDAT retrospektiv speichern verarbeiten",
                    "id": "6f79e91b-6577-7cfc-2fa9-894afd4df824",
                    "leaf": true,
                    "selectable": true,
                    "termCodes": [
                        {
                            "code": "2.16.840.1.113883.3.1937.777.24.5.3.45",
                            "display": "MDAT retrospektiv speichern verarbeiten",
                            "system": "urn:oid:2.16.840.1.113883.3.1937.777.24.5.3",
                            "version": "1.0.2"
                        }
                    ]
                },
                {
                    "context": {
                        "code": "Einwilligung",
                        "display": "Einwilligung",
                        "system": "fdpg.mii.cds",
                        "version": "1.0.0"
                    },
                    "display": "MDAT retrospektiv wissenschaftlich nutzen EU DSGVO NIVEAU",
                    "id": "c2e9a4dd-c3b7-1f03-18ea-1c4fb9a58b61",
                    "leaf": true,
                    "selectable": true,
                    "termCodes": [
                        {
                            "code": "2.16.840.1.113883.3.1937.777.24.5.3.46",
                            "display": "MDAT retrospektiv wissenschaftlich nutzen EU DSGVO NIVEAU",
                            "system": "urn:oid:2.16.840.1.113883.3.1937.777.24.5.3",
                            "version": "1.0.2"
                        }
                    ]
                },
                {
                    "context": {
                        "code": "Einwilligung",
                        "display": "Einwilligung",
                        "system": "fdpg.mii.cds",
                        "version": "1.0.0"
                    },
                    "display": "MDAT retrospektiv zusammenfuehren Dritte",
                    "id": "1b5a26a8-512c-67ef-e0b5-482b99fef3a2",
                    "leaf": true,
                    "selectable": true,
                    "termCodes": [
                        {
                            "code": "2.16.840.1.113883.3.1937.777.24.5.3.47",
                            "display": "MDAT retrospektiv zusammenfuehren Dritte",
                            "system": "urn:oid:2.16.840.1.113883.3.1937.777.24.5.3",
                            "version": "1.0.2"
                        }
                    ]
                }
            ],
            "context": {
                "code": "Einwilligung",
                "display": "Einwilligung",
                "system": "fdpg.mii.cds",
                "version": "1.0.0"
            },
            "display": "Patientendaten retrospektiv verarbeiten, nutzen",
            "id": "66f4f3cd-dfb3-56c9-9055-c9523e10f10b",
            "leaf": false,
            "selectable": false,
            "termCodes": [
                {
                    "code": "2.16.840.1.113883.3.1937.777.24.5.3.44",
                    "display": "Patientendaten retrospektiv verarbeiten, nutzen",
                    "system": "urn:oid:2.16.840.1.113883.3.1937.777.24.5.3",
                    "version": "1.0.2"
                }
            ]
        },
        {
            "children": [
                {
                    "context": {
                        "code": "Einwilligung",
                        "display": "Einwilligung",
                        "system": "fdpg.mii.cds",
                        "version": "1.0.0"
                    },
                    "display": "MDAT bereitstellen non EU DSGVO NIVEAU",
                    "id": "eb053f79-a40d-63c3-dd65-a23147b697d0",
                    "leaf": true,
                    "selectable": true,
                    "termCodes": [
                        {
                            "code": "2.16.840.1.113883.3.1937.777.24.5.3.49",
                            "display": "MDAT bereitstellen non EU DSGVO NIVEAU",
                            "system": "urn:oid:2.16.840.1.113883.3.1937.777.24.5.3",
                            "version": "1.0.2"
                        }
                    ]
                }
            ],
            "context": {
                "code": "Einwilligung",
                "display": "Einwilligung",
                "system": "fdpg.mii.cds",
                "version": "1.0.0"
            },
            "display": "Patientendaten Weitergabe non DSGVO NIVEAU",
            "id": "5da2f5b2-bff4-505c-495c-e52632222ff0",
            "leaf": false,
            "selectable": false,
            "termCodes": [
                {
                    "code": "2.16.840.1.113883.3.1937.777.24.5.3.48",
                    "display": "Patientendaten Weitergabe non DSGVO NIVEAU",
                    "system": "urn:oid:2.16.840.1.113883.3.1937.777.24.5.3",
                    "version": "1.0.2"
                }
            ]
        },
        {
            "children": [
                {
                    "context": {
                        "code": "Einwilligung",
                        "display": "Einwilligung",
                        "system": "fdpg.mii.cds",
                        "version": "1.0.0"
                    },
                    "display": "Rekontaktierung Verkn\u00fcpfung Datenbanken",
                    "id": "cb8c028e-eb05-c0cf-3269-c0b12d6a5012",
                    "leaf": true,
                    "selectable": true,
                    "termCodes": [
                        {
                            "code": "2.16.840.1.113883.3.1937.777.24.5.3.27",
                            "display": "Rekontaktierung Verkn\u00fcpfung Datenbanken",
                            "system": "urn:oid:2.16.840.1.113883.3.1937.777.24.5.3",
                            "version": "1.0.2"
                        }
                    ]
                },
                {
                    "context": {
                        "code": "Einwilligung",
                        "display": "Einwilligung",
                        "system": "fdpg.mii.cds",
                        "version": "1.0.0"
                    },
                    "display": "Rekontaktierung weitere Erhebung",
                    "id": "da6c71de-b0a2-ce10-a755-ebd2c4692237",
                    "leaf": true,
                    "selectable": true,
                    "termCodes": [
                        {
                            "code": "2.16.840.1.113883.3.1937.777.24.5.3.28",
                            "display": "Rekontaktierung weitere Erhebung",
                            "system": "urn:oid:2.16.840.1.113883.3.1937.777.24.5.3",
                            "version": "1.0.2"
                        }
                    ]
                },
                {
                    "context": {
                        "code": "Einwilligung",
                        "display": "Einwilligung",
                        "system": "fdpg.mii.cds",
                        "version": "1.0.0"
                    },
                    "display": "Rekontaktierung weitere Studien",
                    "id": "8c1871be-1c6a-71be-59a8-ae81fe3f0a0c",
                    "leaf": true,
                    "selectable": true,
                    "termCodes": [
                        {
                            "code": "2.16.840.1.113883.3.1937.777.24.5.3.29",
                            "display": "Rekontaktierung weitere Studien",
                            "system": "urn:oid:2.16.840.1.113883.3.1937.777.24.5.3",
                            "version": "1.0.2"
                        }
                    ]
                }
            ],
            "context": {
                "code": "Einwilligung",
                "display": "Einwilligung",
                "system": "fdpg.mii.cds",
                "version": "1.0.0"
            },
            "display": "Rekontaktierung Erg\u00e4nzungen",
            "id": "7810a4cd-980a-ebbe-35d7-e508fe7c737d",
            "leaf": false,
            "selectable": false,
            "termCodes": [
                {
                    "code": "2.16.840.1.113883.3.1937.777.24.5.3.26",
                    "display": "Rekontaktierung Erg\u00e4nzungen",
                    "system": "urn:oid:2.16.840.1.113883.3.1937.777.24.5.3",
                    "version": "1.0.2"
                }
            ]
        },
        {
            "children": [
                {
                    "context": {
                        "code": "Einwilligung",
                        "display": "Einwilligung",
                        "system": "fdpg.mii.cds",
                        "version": "1.0.0"
                    },
                    "display": "Rekontaktierung Zusatzbefund",
                    "id": "a7fdcb99-2b90-60d0-fbf9-6591a94121bb",
                    "leaf": true,
                    "selectable": true,
                    "termCodes": [
                        {
                            "code": "2.16.840.1.113883.3.1937.777.24.5.3.31",
                            "display": "Rekontaktierung Zusatzbefund",
                            "system": "urn:oid:2.16.840.1.113883.3.1937.777.24.5.3",
                            "version": "1.0.2"
                        }
                    ]
                }
            ],
            "context": {
                "code": "Einwilligung",
                "display": "Einwilligung",
                "system": "fdpg.mii.cds",
                "version": "1.0.0"
            },
            "display": "Rekontaktierung Zusatzbefund",
            "id": "58b63a04-b0a3-cab9-75a8-c388725a708d",
            "leaf": false,
            "selectable": false,
            "termCodes": [
                {
                    "code": "2.16.840.1.113883.3.1937.777.24.5.3.30",
                    "display": "Rekontaktierung Zusatzbefund",
                    "system": "urn:oid:2.16.840.1.113883.3.1937.777.24.5.3",
                    "version": "1.0.2"
                }
            ]
        },
        {
            "children": [
                {
                    "context": {
                        "code": "Einwilligung",
                        "display": "Einwilligung",
                        "system": "fdpg.mii.cds",
                        "version": "1.0.0"
                    },
                    "display": "MDAT GECCO83 bereitstellen NUM/CODEX",
                    "id": "a36606f7-fdd7-ed22-eabf-e7e315ebd6b4",
                    "leaf": true,
                    "selectable": true,
                    "termCodes": [
                        {
                            "code": "2.16.840.1.113883.3.1937.777.24.5.3.33",
                            "display": "MDAT GECCO83 bereitstellen NUM/CODEX",
                            "system": "urn:oid:2.16.840.1.113883.3.1937.777.24.5.3",
                            "version": "1.0.2"
                        }
                    ]
                },
                {
                    "context": {
                        "code": "Einwilligung",
                        "display": "Einwilligung",
                        "system": "fdpg.mii.cds",
                        "version": "1.0.0"
                    },
                    "display": "MDAT GECCO83 erheben",
                    "id": "7bc16436-0318-540f-9f9d-06401738eb90",
                    "leaf": true,
                    "selectable": true,
                    "termCodes": [
                        {
                            "code": "2.16.840.1.113883.3.1937.777.24.5.3.43",
                            "display": "MDAT GECCO83 erheben",
                            "system": "urn:oid:2.16.840.1.113883.3.1937.777.24.5.3",
                            "version": "1.0.2"
                        }
                    ]
                },
                {
                    "context": {
                        "code": "Einwilligung",
                        "display": "Einwilligung",
                        "system": "fdpg.mii.cds",
                        "version": "1.0.0"
                    },
                    "display": "MDAT GECCO83 komplettieren einmalig",
                    "id": "2f0b67be-0812-e889-8463-3fb4e95ba4c0",
                    "leaf": true,
                    "selectable": true,
                    "termCodes": [
                        {
                            "code": "2.16.840.1.113883.3.1937.777.24.5.3.40",
                            "display": "MDAT GECCO83 komplettieren einmalig",
                            "system": "urn:oid:2.16.840.1.113883.3.1937.777.24.5.3",
                            "version": "1.0.2"
                        }
                    ]
                },
                {
                    "context": {
                        "code": "Einwilligung",
                        "display": "Einwilligung",
                        "system": "fdpg.mii.cds",
                        "version": "1.0.0"
                    },
                    "display": "MDAT GECCO83 speichern verarbeiten NUM/CODEX",
                    "id": "12d017b3-b66e-7ab9-34b3-4254a360c82c",
                    "leaf": true,
                    "selectable": true,
                    "termCodes": [
                        {
                            "code": "2.16.840.1.113883.3.1937.777.24.5.3.34",
                            "display": "MDAT GECCO83 speichern verarbeiten NUM/CODEX",
                            "system": "urn:oid:2.16.840.1.113883.3.1937.777.24.5.3",
                            "version": "1.0.2"
                        }
                    ]
                },
                {
                    "context": {
                        "code": "Einwilligung",
                        "display": "Einwilligung",
                        "system": "fdpg.mii.cds",
                        "version": "1.0.0"
                    },
                    "display": "MDAT GECCO83 wissenschaftlich nutzen COVID 19 Forschung EU DSGVO konform",
                    "id": "d2c01056-545a-27d8-f39a-3e735667e06f",
                    "leaf": true,
                    "selectable": true,
                    "termCodes": [
                        {
                            "code": "2.16.840.1.113883.3.1937.777.24.5.3.41",
                            "display": "MDAT GECCO83 wissenschaftlich nutzen COVID 19 Forschung EU DSGVO konform",
                            "system": "urn:oid:2.16.840.1.113883.3.1937.777.24.5.3",
                            "version": "1.0.2"
                        }
                    ]
                },
                {
                    "context": {
                        "code": "Einwilligung",
                        "display": "Einwilligung",
                        "system": "fdpg.mii.cds",
                        "version": "1.0.0"
                    },
                    "display": "MDAT GECCO83 wissenschaftlich nutzen NUM/CODEX EU DSGVO NIVEAU",
                    "id": "670badde-3b6f-f312-6073-67ceaceace3b",
                    "leaf": true,
                    "selectable": true,
                    "termCodes": [
                        {
                            "code": "2.16.840.1.113883.3.1937.777.24.5.3.56",
                            "display": "MDAT GECCO83 wissenschaftlich nutzen NUM/CODEX EU DSGVO NIVEAU",
                            "system": "urn:oid:2.16.840.1.113883.3.1937.777.24.5.3",
                            "version": "1.0.2"
                        }
                    ]
                },
                {
                    "context": {
                        "code": "Einwilligung",
                        "display": "Einwilligung",
                        "system": "fdpg.mii.cds",
                        "version": "1.0.0"
                    },
                    "display": "MDAT GECCO83 wissenschaftlich nutzen Pandemie Forschung EU DSGVO konform",
                    "id": "e64c7ea1-aa65-e7d2-4d0e-f6240577e8c6",
                    "leaf": true,
                    "selectable": true,
                    "termCodes": [
                        {
                            "code": "2.16.840.1.113883.3.1937.777.24.5.3.42",
                            "display": "MDAT GECCO83 wissenschaftlich nutzen Pandemie Forschung EU DSGVO konform",
                            "system": "urn:oid:2.16.840.1.113883.3.1937.777.24.5.3",
                            "version": "1.0.2"
                        }
                    ]
                }
            ],
            "context": {
                "code": "Einwilligung",
                "display": "Einwilligung",
                "system": "fdpg.mii.cds",
                "version": "1.0.0"
            },
            "display": "Z1 GECCO83 Nutzung NUM/CODEX",
            "id": "a2029506-0fdb-694a-1791-ce9c716d719f",
            "leaf": false,
            "selectable": false,
            "termCodes": [
                {
                    "code": "2.16.840.1.113883.3.1937.777.24.5.3.32",
                    "display": "Z1 GECCO83 Nutzung NUM/CODEX",
                    "system": "urn:oid:2.16.840.1.113883.3.1937.777.24.5.3",
                    "version": "1.0.2"
                }
            ]
        },
        {
            "children": [
                {
                    "context": {
                        "code": "Einwilligung",
                        "display": "Einwilligung",
                        "system": "fdpg.mii.cds",
                        "version": "1.0.0"
                    },
                    "display": "MDAT GECCO83 bereitstellen NUM/CODEX ohne EU DSGVO NIVEAU",
                    "id": "a4c0c8f4-7b51-1369-bed7-bbee38b12824",
                    "leaf": true,
                    "selectable": true,
                    "termCodes": [
                        {
                            "code": "2.16.840.1.113883.3.1937.777.24.5.3.36",
                            "display": "MDAT GECCO83 bereitstellen NUM/CODEX ohne EU DSGVO NIVEAU",
                            "system": "urn:oid:2.16.840.1.113883.3.1937.777.24.5.3",
                            "version": "1.0.2"
                        }
                    ]
                }
            ],
            "context": {
                "code": "Einwilligung",
                "display": "Einwilligung",
                "system": "fdpg.mii.cds",
                "version": "1.0.0"
            },
            "display": "Z1 GECCO83 Weitergabe NUM/CODEX non EU DSGVO NIVEAU",
            "id": "d27abe55-bffc-2f37-510e-2cfc8e6baff9",
            "leaf": false,
            "selectable": false,
            "termCodes": [
                {
                    "code": "2.16.840.1.113883.3.1937.777.24.5.3.35",
                    "display": "Z1 GECCO83 Weitergabe NUM/CODEX non EU DSGVO NIVEAU",
                    "system": "urn:oid:2.16.840.1.113883.3.1937.777.24.5.3",
                    "version": "1.0.2"
                }
            ]
        }
    ],
    "context": {
        "code": "Einwilligung",
        "display": "Einwilligung",
        "system": "fdpg.mii.cds"
    },
    "display": "Einwilligung",
    "id": "2453f2e4-5554-4772-f765-2baf7a0e5ba7",
    "leaf": false,
    "selectable": false,
    "termCodes": [
        {
            "code": "Einwilligung",
            "display": "Einwilligung",
            "system": "fdpg.mii.cds"
        }
    ]
}